слово,происхождение
абажур,заимствованное
абазия,заимствованное
абак,заимствованное
абака,заимствованное
абандо,русское
абандон,заимствованное
аббат,заимствованное
аббатиса,заимствованное
аббатство,заимствованное
аббревиатура,заимствованное
аббревиатурный,заимствованное
аббревиация,заимствованное
абдомен,заимствованное
абдоминальный,заимствованное
абдуктор,заимствованное
абдукторный,заимствованное
абдукционный,заимствованное
абдукция,заимствованное
аберрационный,заимствованное
аберрация,заимствованное
абзац,заимствованное
абзацный,заимствованное
абилитационный,заимствованное
абилитация,заимствованное
абиогенез,заимствованное
абиогенный,заимствованное
абиотик,заимствованное
абиотическия,заимствованное
абиссаль,заимствованное
абиссальный,заимствованное
абитуриент,заимствованное
абитуриентския,заимствованное
аблатив,заимствованное
аблаут,заимствованное
абляционный,заимствованное
абляция,заимствованное
абоалкогольный,русское
абонемент,заимствованное
абонементный,заимствованное
абонент,заимствованное
абонентный,заимствованное
абонентския,заимствованное
абонирование,заимствованное
абонировать,заимствованное
абоокрашенный,русское
аборазвитый,русское
аборальный,заимствованное
абориген,заимствованное
аборигенный,заимствованное
аборигенския,заимствованное
аборт,заимствованное
абортивность,заимствованное
абортивный,заимствованное
абортировать,заимствованное
абощелочноить,русское
абразив,заимствованное
абразивный,заимствованное
абразионный,заимствованное
абразия,заимствованное
абракадабра,заимствованное
абреже,заимствованное
абрикос,заимствованное
абрикосный,заимствованное
абрикосовыя,заимствованное
абрис,заимствованное
абрисный,заимствованное
абсент,заимствованное
абсентеизм,заимствованное
абсентеист,заимствованное
абсентеистския,заимствованное
абсец,заимствованное
абсолют,заимствованное
абсолютизация,русское
абсолютизировать,заимствованное
абсолютизм,заимствованное
абсолютист,русское
абсолютный,заимствованное
абсолюция,заимствованное
абсорбент,заимствованное
абсорбировать,заимствованное
абсорбционный,заимствованное
абсорбция,заимствованное
абстинент,заимствованное
абстинентный,заимствованное
абстиненция,заимствованное
абстр,русское
абстрагирование,заимствованное
абстрагировать,заимствованное
абстрагироваться,заимствованное
абстрактный,заимствованное
абстракциони,заимствованное
абстракционизм,заимствованное
абстракционист,заимствованное
абстракционистския,заимствованное
абстракция,заимствованное
абсурд,заимствованное
абсурдизм,заимствованное
абсурдист,заимствованное
абсурдистския,заимствованное
абсурдный,заимствованное
абсцесс,русское
абсцисса,заимствованное
абулия,заимствованное
авалист,русское
аваль,заимствованное
авальный,заимствованное
авангард,заимствованное
авангардизм,заимствованное
авангардист,заимствованное
авангардистския,заимствованное
авангардный,заимствованное
аванзал,заимствованное
аванс,заимствованное
авансирование,заимствованное
авансировать,заимствованное
авансироваться,русское
авансовыя,заимствованное
авансцена,заимствованное
авантюра,заимствованное
авантюризм,заимствованное
авантюрист,заимствованное
авантюристическия,русское
авантюристския,русское
авантюрный,заимствованное
аварииноспасательный,русское
аварииность,русское
аварииный,заимствованное
авария,заимствованное
аватар,заимствованное
аватарка,заимствованное
авеню,заимствованное
аверс,заимствованное
ави,заимствованное
авиа,заимствованное
авиабаза,русское
авиабилет,русское
авиабомба,русское
авиагоризонт,русское
авиадесант,русское
авиадесантник,русское
авиакатастрофа,русское
авиаконструктор,русское
авиалаинер,заимствованное
авиалиния,русское
авиамоделизм,русское
авиамодель,русское
авиамотор,русское
авианесущие,русское
авианосец,русское
авиапассажир,русское
авиапочта,русское
авиаработник,русское
авиаремонтный,русское
авиастроение,русское
авиастроитель,русское
авиатакси,заимствованное
авиатор,заимствованное
авиатранспорт,русское
авиатрасса,русское
авиационный,заимствованное
авиация,заимствованное
авиашоу,заимствованное
авизировать,заимствованное
авизо,заимствованное
авизование,заимствованное
авизовать,русское
авизовыя,заимствованное
авист,заимствованное
авитаминоз,заимствованное
авитаминозный,заимствованное
авифауна,заимствованное
авновероятный,русское
аво,русское
авокадо,заимствованное
авоотношение,русское
авоохранение,русское
авоохранитель,русское
аворадикализм,русское
авоцентризм,русское
авпочтамт,русское
авраамическия,заимствованное
аврал,заимствованное
авральный,заимствованное
авсостав,русское
австралопитек,заимствованное
автаркия,заимствованное
авто,заимствованное
автобаза,русское
автобан,заимствованное
автобиографическия,русское
автобиография,русское
автоблокировка,русское
автобронет,русское
автобус,заимствованное
автобусный,заимствованное
автовокзал,русское
автовышка,русское
автоген,заимствованное
автогенез,заимствованное
автогенный,заимствованное
автогол,заимствованное
автограф,русское
автогужевой,русское
автодиспетчер,русское
автодорожник,русское
автодорожный,русское
автодром,заимствованное
автодромный,заимствованное
автожир,заимствованное
автозавод,русское
автозаправка,русское
автозаправщик,русское
автоинспектор,русское
автоинспекция,русское
автоинформатор,русское
автокар,заимствованное
автокатастрофа,русское
автокефалия,заимствованное
автокефальный,заимствованное
автоклав,заимствованное
автоклавирование,заимствованное
автоклавный,заимствованное
автоклуб,русское
автоколонна,русское
автокран,русское
автократ,заимствованное
автократическия,заимствованное
автократичный,заимствованное
автократия,заимствованное
автокросс,русское
автол,заимствованное
автолавка,русское
автолюбитель,русское
автом,русское
автомагазин,русское
автомагистраль,заимствованное
автомагнитола,русское
автомаршрут,русское
автомат,заимствованное
автоматизация,заимствованное
автоматизированный,заимствованное
автоматизировать,заимствованное
автоматизироваться,русское
автоматизм,заимствованное
автоматизя,русское
автоматика,заимствованное
автоматическия,заимствованное
автоматичный,заимствованное
автоматный,заимствованное
автоматчик,русское
автомашина,заимствованное
автомиксис,заимствованное
автомоб,русское
автомобилизация,русское
автомобилизм,заимствованное
автомобилист,заимствованное
автомобиль,заимствованное
автомобильный,заимствованное
автомодель,русское
автомотриса,русское
автономизация,заимствованное
автономия,заимствованное
автономный,заимствованное
автообслуживание,русское
автоответчик,русское
автопарк,русское
автопилот,заимствованное
автопогрузчик,русское
автопоезд,русское
автопоилка,русское
автопортрет,русское
автор,заимствованное
авторемонтный,русское
автореферат,русское
авторизационный,заимствованное
авторизация,заимствованное
авторизировать,заимствованное
авторизироваться,заимствованное
авторизовать,заимствованное
авторизоваться,заимствованное
авторитаризм,заимствованное
авторитарист,заимствованное
авторитарный,заимствованное
авторитет,заимствованное
авторитетный,заимствованное
авторския,заимствованное
авторство,заимствованное
авторулевой,русское
авторучка,русское
авторынок,русское
автосервис,русское
автост,русское
автостанция,русское
автостоянка,русское
автострада,заимствованное
автостраховщик,русское
автостроитель,русское
автосцепка,русское
автося,русское
автотомия,заимствованное
автотормоз,русское
автотракторный,русское
автотранспорт,русское
автотрасса,русское
автотренинг,заимствованное
автотуризм,русское
автотурист,русское
автофургон,русское
автохтон,заимствованное
автохтонный,заимствованное
автоцентр,русское
автошкола,русское
автоэлектронный,заимствованное
авуары,заимствованное
агад,заимствованное
агар,заимствованное
аггад,заимствованное
агглютинативный,заимствованное
агглютинация,заимствованное
агглютинировать,русское
агглютинирующие,русское
аггравация,заимствованное
агевзия,заимствованное
агевстие,заимствованное
агенд,заимствованное
агенезия,заимствованное
агент,заимствованное
агентирование,русское
агентския,заимствованное
агентство,заимствованное
агентура,заимствованное
агиография,заимствованное
агитатор,заимствованное
агитационный,заимствованное
агитация,заимствованное
агитбригада,русское
агитировать,заимствованное
агитмассовыя,русское
агитпоезд,русское
агитпроп,русское
агломерат,заимствованное
агломеративный,заимствованное
агломератный,заимствованное
агломерационный,заимствованное
агломерация,заимствованное
агнозия,заимствованное
агностик,заимствованное
агностицизм,заимствованное
агностическия,заимствованное
аговпитывающие,русское
агоизоляционный,русское
агональный,русское
агонизировать,русское
агония,заимствованное
аготерапия,русское
аграрий,русское
аграрник,русское
аграрный,заимствованное
аграф,русское
агрегат,заимствованное
агрегатный,заимствованное
агрегатор,заимствованное
агрегация,заимствованное
агрегирование,заимствованное
агрегировать,заимствованное
агрегироваться,русское
агреман,заимствованное
агрессивный,заимствованное
агрессия,заимствованное
агрессор,заимствованное
агрессорския,заимствованное
агрикультура,русское
агро,заимствованное
агробиолог,русское
агробиология,русское
агрокультура,русское
агрометеоролог,русское
агрометеорология,русское
агроминимум,русское
агроном,русское
агрономическия,заимствованное
агрономия,заимствованное
агропредприятие,русское
агропромышленный,русское
агросфера,заимствованное
агротехник,русское
агротуризм,заимствованное
агротурист,заимствованное
агротуристическия,заимствованное
агрофизика,русское
агрофирма,русское
агрохимик,русское
агрохимия,русское
агроэкологическия,заимствованное
агроэкология,заимствованное
агроэкосистема,заимствованное
адажио,заимствованное
адактилия,заимствованное
адаптационный,заимствованное
адаптация,заимствованное
адаптер,заимствованное
адаптивный,заимствованное
адаптированный,заимствованное
адаптировать,заимствованное
адаптироваться,заимствованное
адаптоген,заимствованное
адаптогенный,заимствованное
адапция,русское
адат,заимствованное
адвалорный,русское
адвективный,заимствованное
адвекционный,заимствованное
адвекция,заимствованное
адвентивный,заимствованное
адвербиализация,заимствованное
адвербиальный,заимствованное
адвертаизинг,заимствованное
адвокат,заимствованное
адвокатския,заимствованное
адвокатство,заимствованное
адвокатствовать,заимствованное
адвокатура,заимствованное
адгезивный,заимствованное
адгезионный,заимствованное
адгезировать,заимствованное
адгезироваться,заимствованное
адгезить,заимствованное
адгезия,заимствованное
аддикт,заимствованное
аддиктивный,заимствованное
аддикция,заимствованное
аддитивность,заимствованное
аддитивный,заимствованное
аддуктор,заимствованное
аддукторный,заимствованное
аддукционный,заимствованное
аддукция,заимствованное
адекватность,заимствованное
адекватный,заимствованное
аденовирус,заимствованное
аденовирусный,заимствованное
аденоид,заимствованное
аденоидный,заимствованное
аденома,заимствованное
аденомный,заимствованное
адепт,заимствованное
аджика,заимствованное
аджилить,заимствованное
адиабата,заимствованное
адиабатическия,заимствованное
адиабатный,заимствованное
адинамия,заимствованное
адиоантенна,русское
адиобуй,русское
адиобюро,русское
адиовещание,русское
адиодеталь,русское
адиодинамик,русское
адиожурнал,русское
адиожурналист,русское
адиоизотоп,русское
адиоимпульс,русское
адиоканал,русское
адиокомпания,русское
адиокомпас,русское
адиолокатор,русское
адиолокация,русское
адиомачта,русское
адиомаяк,русское
адиообнаружение,русское
адиопеленг,русское
адиопеленгатор,русское
адиопромышленность,русское
адиопротектор,русское
адиоразведка,русское
адиорелеиный,русское
адиорубка,русское
адиослужба,русское
адиослушатель,русское
адиоспектр,русское
адиотелеграфист,русское
адиотелеметрия,русское
адиотелескоп,русское
адиотелефон,русское
адиотехник,русское
адиоточка,русское
адиоузел,русское
адиоуправляемый,русское
адиоустановка,русское
адиофизик,русское
адиохимия,русское
адиоцентр,русское
адиочувствительность,русское
адиочувствительный,русское
адиоэкология,русское
адиоэлектро,русское
администр,русское
административнобюрократическия,русское
административноделиктный,русское
административноправовой,русское
административнопроцессуальный,русское
административнотерриториальный,русское
административноуправленческия,русское
административнохозяиственный,русское
административный,заимствованное
администратор,заимствованное
администраторския,заимствованное
администрация,заимствованное
администрирование,заимствованное
администрировать,заимствованное
адмирал,заимствованное
адмиралтеиство,русское
адмиральския,заимствованное
аднепроходноить,русское
аднепроходный,русское
адомазохизм,русское
адомазохист,русское
адообразующие,русское
адоптация,заимствованное
адоптивный,заимствованное
адоральный,заимствованное
адреналин,заимствованное
адреналиновыя,заимствованное
адреналовыя,заимствованное
адреноблокатор,заимствованное
адреноблокирующие,заимствованное
адренолитика,заимствованное
адренолитическия,заимствованное
адренорецептор,заимствованное
адрес,заимствованное
адресант,заимствованное
адресат,заимствованное
адресация,заимствованное
адресный,заимствованное
адресовать,заимствованное
адресоваться,заимствованное
адрон,заимствованное
адронный,заимствованное
адсорбент,заимствованное
адсорбер,русское
адсорбировать,заимствованное
адсорбционный,заимствованное
адсорбция,заимствованное
адъюнкт,заимствованное
адъюнктура,заимствованное
адъютант,заимствованное
адъютантския,заимствованное
ажио,заимствованное
ажиотаж,заимствованное
ажур,заимствованное
ажурный,заимствованное
аз,заимствованное
азан,заимствованное
азарт,заимствованное
азартный,заимствованное
азбука,русское
азбучный,русское
ази,заимствованное
азимут,заимствованное
азимутальный,заимствованное
азимутный,заимствованное
азия,русское
азновозрастноить,русское
азодоба,заимствованное
азодобыв,заимствованное
азодобывающие,русское
азодобыча,русское
азокислородный,русское
азокомпрессорный,русское
азональность,заимствованное
азональный,заимствованное
азоно,заимствованное
азоплазменный,русское
азопровый,русское
азопромысловыя,русское
азопроница,русское
азопроницаемый,русское
азоразведка,русское
азосиликатный,русское
азосодержащие,русское
азоспасательный,русское
азот,заимствованное
азотировать,русское
азотистый,заимствованное
азотный,заимствованное
азотоба,русское
азотобактерия,заимствованное
азотранспортный,русское
азу,заимствованное
аибреик,русское
аив,заимствованное
аивоенкомат,русское
аиворя,заимствованное
аида,русское
аидентик,заимствованное
аикидо,заимствованное
аикидоист,заимствованное
аилаинер,заимствованное
аилама,русское
аимодавец,русское
аиностроение,русское
аиран,заимствованное
аис,заимствованное
аисберг,заимствованное
аисинга,заимствованное
аисшток,заимствованное
аицентр,русское
акад,русское
академ,русское
академеть,русское
академизм,заимствованное
академик,заимствованное
академическия,заимствованное
академичный,заимствованное
академия,заимствованное
акант,русское
акапельный,заимствованное
акафист,заимствованное
аква,заимствованное
аквааэробика,заимствованное
аквабаик,заимствованное
акваланг,заимствованное
аквалангист,русское
аквамарин,заимствованное
аквамариновыя,заимствованное
акванавт,заимствованное
аквапарк,заимствованное
акварель,заимствованное
акварельный,заимствованное
аквариум,заимствованное
акватлонистый,заимствованное
акватлоно,заимствованное
акватория,заимствованное
аквашуза,заимствованное
акведук,заимствованное
акинезия,заимствованное
аккаунт,заимствованное
аккламация,заимствованное
акклиматизатор,русское
акклиматизация,заимствованное
акклиматизировать,заимствованное
акклиматизироваться,заимствованное
аккомодация,заимствованное
аккомодировать,русское
аккомодироваться,русское
аккомпанемент,заимствованное
аккомпаниатор,заимствованное
аккомпанировать,заимствованное
аккорд,заимствованное
аккордеон,заимствованное
аккордеонист,заимствованное
аккордный,русское
аккредитация,заимствованное
аккредитив,заимствованное
аккредитивный,заимствованное
аккредитовать,русское
аккредитоваться,русское
аккультурация,русское
аккумулировать,заимствованное
аккумулироваться,русское
аккумулятор,заимствованное
аккумуляционный,заимствованное
аккумуляция,заимствованное
аккуратность,заимствованное
аккуратный,заимствованное
акмеология,заимствованное
акна,заимствованное
акобетон,русское
акобнуть,русское
акр,русское
акредитация,русское
акредитив,русское
акрил,заимствованное
акрилата,заимствованное
акрилатный,заимствованное
акриловыя,заимствованное
акрихин,русское
акробат,заимствованное
акробатика,заимствованное
акробатическия,заимствованное
акроним,заимствованное
акрообъект,русское
акрополь,русское
акростих,заимствованное
акростритер,заимствованное
акрострить,заимствованное
акроструктура,русское
акрофобия,заимствованное
акроэкономика,русское
аксакал,заимствованное
акселерат,русское
акселератор,заимствованное
акселерация,заимствованное
аксель,заимствованное
аксельбант,заимствованное
аксессуар,заимствованное
аксиологическия,заимствованное
аксиология,заимствованное
аксиома,заимствованное
аксиоматика,заимствованное
аксиоматическия,заимствованное
аксиоматичный,заимствованное
аксон,заимствованное
аксонометрия,заимствованное
акт,заимствованное
актерския,русское
актив,заимствованное
активатор,русское
активационный,заимствованное
активация,заимствованное
активизация,заимствованное
активизировать,заимствованное
активизироваться,русское
активизм,русское
активирование,русское
активировать,заимствованное
активист,заимствованное
активность,заимствованное
активный,заимствованное
актиний,заимствованное
актировать,заимствованное
актовыя,заимствованное
актор,русское
актуализация,заимствованное
актуализировать,заимствованное
актуализироваться,русское
актуальный,заимствованное
актуарий,заимствованное
актуатор,заимствованное
актуаторный,заимствованное
акть,русское
актёр,заимствованное
актёрствовать,заимствованное
акула,заимствованное
акупунктура,заимствованное
акупунктурный,заимствованное
акустик,русское
акустика,заимствованное
акустическия,заимствованное
акушер,заимствованное
акушерка,заимствованное
акушерство,заимствованное
акцент,заимствованное
акцентировать,заимствованное
акцентный,заимствованное
акцентуация,заимствованное
акцепт,заимствованное
акцептант,заимствованное
акцептирование,заимствованное
акцептировать,русское
акцептовать,русское
акцептор,заимствованное
акцепторный,заимствованное
акцессионный,заимствованное
акцессия,заимствованное
акцессорный,заимствованное
акцидентный,русское
акциденция,заимствованное
акциз,заимствованное
акцизирование,заимствованное
акцизный,заимствованное
акционер,заимствованное
акционерный,заимствованное
акционизм,заимствованное
акционировать,русское
акционист,заимствованное
акционный,заимствованное
акция,заимствованное
алаконцерт,русское
алармизм,заимствованное
алармист,заимствованное
алгебра,заимствованное
алгебраическия,заимствованное
алгоритм,заимствованное
алгоритмизация,русское
алгоритмизировать,русское
алгоритмизь,русское
алгоритмическия,заимствованное
алдемократия,русское
алебастр,заимствованное
алебастровыя,заимствованное
алелитеиный,русское
алиби,заимствованное
алиментарный,заимствованное
алиментный,заимствованное
алименты,заимствованное
алитирование,заимствованное
алифатическия,заимствованное
алициклическия,заимствованное
алкалоид,русское
алкоголизация,заимствованное
алкоголизм,заимствованное
алкоголик,русское
алкоголь,заимствованное
алкогольный,заимствованное
алкотестер,заимствованное
аллегорическия,заимствованное
аллегоричный,заимствованное
аллегория,заимствованное
аллегретто,заимствованное
аллегро,заимствованное
аллелопатия,заимствованное
аллель,заимствованное
аллерген,заимствованное
аллергенность,заимствованное
аллергенный,заимствованное
аллергическия,заимствованное
аллергичный,заимствованное
аллергия,заимствованное
аллерголог,русское
аллергология,заимствованное
аллея,заимствованное
аллилуий,заимствованное
аллитерация,заимствованное
алло,заимствованное
аллогенез,заимствованное
аллоемкия,русское
аллокация,заимствованное
алломорфоз,заимствованное
аллопатия,заимствованное
аллопластик,заимствованное
аллопластическия,заимствованное
аллопокрытие,русское
аллопрокатный,русское
аллорежущие,русское
аллотропия,заимствованное
аллотропный,заимствованное
аллювиальный,заимствованное
аллювий,заимствованное
аллюзия,заимствованное
аллюр,заимствованное
алма,русское
алмаз,заимствованное
алмазный,заимствованное
ало,заимствованное
алоавторитетный,русское
алогизм,заимствованное
алогическия,русское
алогичный,русское
алоговорящие,русское
алодостоверный,русское
алозаселенный,русское
алозатратный,русское
алоисследованный,русское
алокультурный,русское
алонаселенный,русское
алообеспеченный,русское
алоосвоенный,русское
алоотходный,русское
алопеция,заимствованное
алопродуктивный,русское
алопроизводительный,русское
алоско,заимствованное
алосодержательный,русское
алосознательный,русское
алосущественный,русское
алоуглеродный,русское
алоупотребительный,русское
алоуспешный,русское
алочувствительный,русское
алоэ,русское
алоэффективный,русское
алтарь,заимствованное
алунит,русское
алфавит,заимствованное
алчность,русское
алчный,русское
алыча,заимствованное
альбедо,заимствованное
альбинизм,заимствованное
альбинос,заимствованное
альбом,заимствованное
альбомный,заимствованное
альбумин,заимствованное
альвеола,заимствованное
альвеолярный,заимствованное
альдегид,заимствованное
альков,заимствованное
альма,заимствованное
альмана,русское
альманах,заимствованное
альманди,русское
альмандин,русское
альпеншток,заимствованное
альпииския,русское
альпинизм,заимствованное
альпинист,заимствованное
альт,заимствованное
альтер,заимствованное
альтерация,заимствованное
альтернатива,заимствованное
альтернативный,заимствованное
альтернация,заимствованное
альтиметр,русское
альтист,заимствованное
альтитуда,заимствованное
альтобетон,русское
альтовыя,заимствованное
альтоукладчик,русское
альтруизм,заимствованное
альтруист,заимствованное
альтруистическия,русское
альтруистичный,русское
альфа,заимствованное
альфалуч,заимствованное
альфараспад,русское
альфачастить,русское
альфонс,заимствованное
альфреско,заимствованное
альянс,заимствованное
алюмель,русское
алюминиевыя,русское
алюминий,заимствованное
ама,заимствованное
амальгама,заимствованное
амальгамация,русское
амальгамировать,русское
амбар,русское
амбарный,русское
амбивалентность,заимствованное
амбивалентный,заимствованное
амбидекстр,заимствованное
амбидекстрия,заимствованное
амбиента,заимствованное
амбиентный,заимствованное
амбиполярный,заимствованное
амбить,заимствованное
амбициозный,заимствованное
амбиция,заимствованное
амблиопия,заимствованное
амбразура,заимствованное
амбре,заимствованное
амбулатория,заимствованное
амбулаторный,заимствованное
амбушюр,заимствованное
амвон,заимствованное
амегаситель,русское
аменорея,заимствованное
америка,русское
американец,русское
американизировать,русское
американизироваться,русское
американизм,русское
американка,русское
американския,русское
америкать,заимствованное
америций,заимствованное
аметист,заимствованное
аметистовыя,заимствованное
аметропия,заимствованное
амидопирин,русское
амилаза,заимствованное
амин,заимствованное
аминазин,русское
аминь,заимствованное
амиотрофия,заимствованное
амкружо,заимствованное
аммаглобулин,русское
аммаустановка,русское
аммиак,заимствованное
аммиачный,заимствованное
аммонал,русское
аммоний,заимствованное
аммонит,заимствованное
аммофос,заимствованное
амнедробилка,русское
амнедробильный,русское
амнезия,заимствованное
амнестическия,заимствованное
амнистировать,заимствованное
амнистия,заимствованное
аморализм,русское
аморальность,заимствованное
аморальный,заимствованное
амортиза,русское
амортизатор,заимствованное
амортизационный,заимствованное
амортизация,заимствованное
амортизировать,заимствованное
аморфность,заимствованное
аморфный,заимствованное
ампер,заимствованное
амперметр,заимствованное
амперсанд,русское
ампир,заимствованное
ампирный,заимствованное
амплитуда,заимствованное
амплификация,русское
амплуа,заимствованное
ампула,заимствованное
ампутация,заимствованное
ампутировать,заимствованное
амулет,заимствованное
амуниция,заимствованное
амфетамин,заимствованное
амфибионт,заимствованное
амфибия,заимствованное
амфибрахий,заимствованное
амфитеатр,заимствованное
амфитеатровыя,заимствованное
амфора,заимствованное
амфотерный,заимствованное
ан,заимствованное
ана,заимствованное
анабиоз,заимствованное
анабиозный,заимствованное
анабиотическия,заимствованное
анаболик,русское
анаболическия,русское
анаграмма,заимствованное
анализ,заимствованное
анализатор,заимствованное
анализаторный,заимствованное
анализировать,заимствованное
аналитик,заимствованное
аналитика,заимствованное
аналитическия,заимствованное
аналитичный,заимствованное
аналог,заимствованное
аналогическия,русское
аналогичный,заимствованное
аналогия,заимствованное
аналоговыя,заимствованное
аналогоцифровый,заимствованное
аналой,заимствованное
аналый,заимствованное
анальгезирующие,заимствованное
анальгезия,заимствованное
анальгетик,заимствованное
анальгетическия,заимствованное
анальгин,русское
анальный,заимствованное
анамнез,заимствованное
ананас,заимствованное
ананасовыя,заимствованное
анапест,заимствованное
анархизм,заимствованное
анархист,заимствованное
анархическия,заимствованное
анархичный,русское
анархия,заимствованное
анат,русское
анатомировать,заимствованное
анатомическия,заимствованное
анатомия,заимствованное
анафема,заимствованное
анафилаксия,заимствованное
анафилактическия,заимствованное
анафора,заимствованное
анахронизм,заимствованное
анахроничный,русское
анаэроб,заимствованное
анаэробиоз,заимствованное
анаэробный,заимствованное
ангажемент,заимствованное
ангажированный,заимствованное
ангажировать,заимствованное
ангар,заимствованное
ангенциркуль,русское
ангидрид,русское
ангидрит,русское
ангина,заимствованное
ангинозный,заимствованное
ангиограмма,заимствованное
ангиографическия,заимствованное
ангиография,заимствованное
ангиома,заимствованное
ангиопластик,заимствованное
ангиоспазм,заимствованное
англииския,русское
англиканин,заимствованное
англиканския,заимствованное
англиканство,заимствованное
англицизм,русское
англичанин,русское
англичанка,русское
англомания,русское
англосакс,русское
англоязычный,русское
ангора,заимствованное
ангстрем,русское
анданте,заимствованное
андантино,заимствованное
андерграунд,заимствованное
андерраитер,русское
андотель,русское
андрогин,русское
андроид,заимствованное
андроидный,заимствованное
андрология,заимствованное
андружинник,русское
аневризм,русское
аневризма,заимствованное
анекдот,заимствованное
анекдотическия,русское
анекдотичный,русское
анемичный,заимствованное
анемия,заимствованное
анемометр,русское
анестезин,русское
анестезио,русское
анестезиолог,заимствованное
анестезиологическия,заимствованное
анестезиология,заимствованное
анестезировать,русское
анестезия,заимствованное
анестезя,заимствованное
анестетик,русское
анестетическия,заимствованное
анилин,русское
анималистическия,русское
аниматор,заимствованное
анимация,заимствованное
аниме,заимствованное
анимизм,русское
анион,заимствованное
анионный,заимствованное
анкер,заимствованное
анкерный,заимствованное
анкета,заимствованное
анкетирование,заимствованное
анкетировать,заимствованное
анкилоз,русское
анклав,заимствованное
анкомандировка,русское
анкостроение,русское
анналы,русское
аннексировать,заимствованное
аннексия,заимствованное
аннигилировать,заимствованное
аннигиляционный,заимствованное
аннигиляция,заимствованное
аннопожарный,русское
аннотация,заимствованное
аннотировать,заимствованное
аннуитет,заимствованное
аннулирование,заимствованное
аннулировать,заимствованное
аннуляция,заимствованное
анод,заимствованное
анодирование,заимствованное
анодировать,заимствованное
анодный,заимствованное
аномалия,заимствованное
аномальный,заимствованное
аномия,заимствованное
аноним,заимствованное
анонимный,заимствованное
анонс,заимствованное
анонсировать,заимствованное
анообрабо,заимствованное
анорак,русское
анорексическия,заимствованное
анорексичный,заимствованное
анорексия,заимствованное
аносекунда,русское
аносмия,заимствованное
анотерапия,русское
анпаспорт,русское
анс,заимствованное
ансамбль,заимствованное
ансконтинентальный,русское
ансъ,заимствованное
ант,заимствованное
антабка,русское
антаблемент,заимствованное
антагонизм,заимствованное
антагонист,заимствованное
антагонистическия,заимствованное
антагонистичность,заимствованное
антагонистичный,заимствованное
антенна,заимствованное
антенный,заимствованное
антехник,русское
анти,заимствованное
антиалкий,заимствованное
антиалкогольный,русское
антибактериальный,заимствованное
антибарион,заимствованное
антибарионный,заимствованное
антибиотик,заимствованное
антибликовыя,русское
антибозон,заимствованное
антибозонный,заимствованное
антибюрократическия,русское
антивандальный,заимствованное
антивещество,русское
антивибрационный,русское
антивирус,заимствованное
антивирусный,заимствованное
антивоенный,русское
антиген,заимствованное
антигенный,заимствованное
антигистаминный,заимствованное
антиглобализм,заимствованное
антиглобалист,заимствованное
антигосударственный,русское
антигриппин,русское
антигуманистическия,русское
антигуманный,русское
антидемократическия,русское
антидемократичный,русское
антидемпинговыя,русское
антидепрессант,заимствованное
антидепрессантный,заимствованное
антидепрессивный,заимствованное
антидопинговыя,русское
антидот,русское
антиинфляционный,русское
антик,заимствованное
антиканцерогенный,русское
антикариесный,заимствованное
антикатод,заимствованное
антиквар,заимствованное
антиквариат,заимствованное
антикварк,заимствованное
антикварный,русское
антиклерикал,заимствованное
антиклерикализм,заимствованное
антиклерикальный,заимствованное
антиколониальный,русское
антикоммунизм,русское
антиконкурентный,русское
антиконституционный,русское
антикоррозииный,заимствованное
антикоррозионный,русское
антикоррупционный,заимствованное
антикризисный,заимствованное
антилопа,русское
антимарксистския,русское
антиматериалистическия,русское
антимикробный,русское
антиминс,русское
антимир,русское
антимонопольный,заимствованное
антинародный,русское
антинаучный,русское
антинациональный,русское
антинеитринный,заимствованное
антинеитрино,заимствованное
антинеитрон,заимствованное
антинеитронный,заимствованное
антиникотиновыя,русское
антиномия,заимствованное
антиобледенитель,русское
антиобщественный,русское
антиокислитель,русское
антиоксидант,заимствованное
антипартииный,русское
антипатия,заимствованное
антипатриотическия,русское
антипирен,заимствованное
антипирин,русское
антипод,заимствованное
антиправительственный,русское
антипротон,русское
антирабочий,русское
антирадар,заимствованное
антирадарный,заимствованное
антирезонанс,заимствованное
антиреида,заимствованное
антиреидинга,заимствованное
антиреидёр,заимствованное
антиреитинг,заимствованное
антиреклама,заимствованное
антирекорд,заимствованное
антирелигиозный,русское
антироссииския,русское
антисанита,заимствованное
антисанитария,заимствованное
антисанитарный,заимствованное
антисанкцио,заимствованное
антисанкционный,русское
антисеисмическия,русское
антисемит,заимствованное
антисемитизм,заимствованное
антисемитския,заимствованное
антисептик,заимствованное
антисептическия,заимствованное
антисклеротическия,русское
антистатик,заимствованное
антистатическия,заимствованное
антистеплера,заимствованное
антистресс,заимствованное
антистрессовыя,заимствованное
антитеза,заимствованное
антитезис,заимствованное
антитело,заимствованное
антитеррор,заимствованное
антитеррористическия,заимствованное
антитоксин,русское
антитоксическия,русское
антитоталитарный,русское
антиутопия,заимствованное
антифашист,заимствованное
антифашистския,заимствованное
антифеодальный,русское
антифобическия,заимствованное
антифриз,заимствованное
антифрикционный,русское
антифутбол,заимствованное
антихудожественный,русское
антицеллюлитный,заимствованное
антициклон,заимствованное
антиципация,русское
антиципировать,русское
античность,русское
античный,русское
антиэ,заимствованное
антиэлектрон,заимствованное
антиядерный,русское
антология,заимствованное
антоним,заимствованное
антонимия,русское
антономазия,заимствованное
антра,заимствованное
антракоз,русское
антракт,заимствованное
антрацит,заимствованное
антрацитовыя,заимствованное
антраша,заимствованное
антрекот,заимствованное
антрепренёр,заимствованное
антреприза,заимствованное
антрепризный,заимствованное
антресоль,заимствованное
антропный,заимствованное
антропо,заимствованное
антропоген,заимствованное
антропогенез,заимствованное
антропогенный,заимствованное
антропогеновыя,заимствованное
антрополог,заимствованное
антропологическия,заимствованное
антропология,заимствованное
антропометрия,русское
антропоморфизм,заимствованное
антропоморфическия,заимствованное
антропоморфный,заимствованное
антропоним,заимствованное
антропосфера,заимствованное
антропоценоз,заимствованное
антропоцентризм,заимствованное
антропоцентрическия,заимствованное
антропоцентричный,заимствованное
антропоэкологическия,заимствованное
антропоэкология,заимствованное
антураж,заимствованное
анузел,русское
анурия,заимствованное
анус,заимствованное
анфас,заимствованное
анфилада,заимствованное
анчоус,заимствованное
аншлаг,заимствованное
ао,заимствованное
аозт,заимствованное
аорта,заимствованное
аортальный,заимствованное
ападноевропеиския,русское
апарта,заимствованное
апартамент,заимствованное
апартеид,заимствованное
апатит,заимствованное
апатитовыя,заимствованное
апатическия,заимствованное
апатичный,русское
апатия,заимствованное
апатрид,заимствованное
апгреида,русское
апдеит,заимствованное
апекс,заимствованное
апеллировать,заимствованное
апеллянт,заимствованное
апелляционный,заимствованное
апелляция,заимствованное
апельсин,заимствованное
апельсиновыя,русское
аперитив,заимствованное
апитерапия,заимствованное
апитоксин,заимствованное
апк,заимствованное
аплодировать,заимствованное
аплодисменты,заимствованное
апломб,заимствованное
апноэ,заимствованное
апогей,заимствованное
аподиктическия,заимствованное
апокалипсис,заимствованное
апокалипсическия,русское
апокалиптическия,заимствованное
апокриф,заимствованное
апокрифическия,заимствованное
аполитизм,заимствованное
аполитичный,заимствованное
апологет,заимствованное
апологетика,заимствованное
апология,заимствованное
апоплексическия,заимствованное
апоплексия,заимствованное
апоплектическия,заимствованное
апория,русское
апостериори,заимствованное
апостериорный,заимствованное
апостилляция,заимствованное
апостиль,заимствованное
апостроф,заимствованное
апофазис,русское
апофегма,заимствованное
апофео,заимствованное
апофеоз,заимствованное
аппарат,заимствованное
аппаратный,заимствованное
аппаратура,заимствованное
аппаратчик,русское
аппарель,заимствованное
аппассионато,заимствованное
аппендикс,заимствованное
аппендицит,заимствованное
апперкот,заимствованное
апперцепция,заимствованное
апперципировать,русское
аппетит,заимствованное
аппетитный,заимствованное
аппликата,заимствованное
аппликатор,заимствованное
аппликатура,заимствованное
аппликационный,заимствованное
аппликация,заимствованное
аппрет,русское
аппретировать,русское
аппроксимативный,заимствованное
аппроксимация,заимствованное
апраксия,заимствованное
априори,заимствованное
априорный,заимствованное
апробация,заимствованное
апробировать,заимствованное
апроприация,заимствованное
апсида,заимствованное
аптека,заимствованное
аптекарския,русское
аптекарь,заимствованное
аптечка,русское
аптечный,заимствованное
ар,заимствованное
арабеск,заимствованное
арабика,заимствованное
аранжировать,заимствованное
аранжировка,заимствованное
аранжировочный,заимствованное
аранжировщик,заимствованное
арахис,заимствованное
арахнофобия,заимствованное
арба,заимствованное
арбалет,заимствованное
арбалетчик,заимствованное
арбитр,заимствованное
арбитраж,заимствованное
арбитражный,заимствованное
арбуз,заимствованное
арго,заимствованное
аргон,заимствованное
арготизм,заимствованное
аргумент,заимствованное
аргументация,заимствованное
аргументировать,заимствованное
аргументный,заимствованное
ардиохирург,заимствованное
ардиохирургия,русское
ареал,заимствованное
ареальный,заимствованное
арена,заимствованное
аренда,заимствованное
арендатор,заимствованное
арендаторство,заимствованное
арендный,заимствованное
арендовать,заимствованное
арендодатель,заимствованное
аренный,заимствованное
ареометр,русское
ареопаг,русское
арест,заимствованное
арестный,русское
арестовать,заимствованное
арестовывать,заимствованное
аридизация,заимствованное
ариетта,заимствованное
ариица,русское
ариозо,заимствованное
ариоскопическия,русское
аристократ,заимствованное
аристократизм,заимствованное
аристократическия,заимствованное
аристократичный,русское
аристократия,заимствованное
аритмическия,заимствованное
аритмичный,русское
аритмия,заимствованное
арифметика,заимствованное
арифметическия,заимствованное
арифмометр,русское
ария,заимствованное
арка,заимствованное
аркада,заимствованное
аркадный,заимствованное
аркан,заимствованное
аркобизнес,русское
аркогенный,русское
аркоделец,русское
аркозависимость,русское
аркозависимый,русское
аркомафия,русское
аркосодержащие,русское
арктическия,русское
армагеддон,заимствованное
армада,заимствованное
арматура,заимствованное
арматурщик,русское
армеиския,заимствованное
армировать,заимствованное
армия,заимствованное
армлифтинг,заимствованное
армлифтинговыя,заимствованное
армлифтёр,заимствованное
армрестлер,заимствованное
армрестлинг,заимствованное
армрестлинговыя,заимствованное
аробезопасный,русское
аровзр,русское
аромат,заимствованное
ароматерапия,заимствованное
аромати,заимствованное
ароматизатор,заимствованное
ароматизация,заимствованное
ароматизированный,русское
ароматизировать,русское
ароматическия,заимствованное
ароматный,русское
ароохладитель,русское
ароперегреватель,русское
аропроводящие,русское
аросиловой,русское
аротерапия,русское
арпеджио,заимствованное
арретир,заимствованное
арсенал,заимствованное
арт,заимствованное
артачиться,русское
артдивизион,заимствованное
артезианския,заимствованное
артель,заимствованное
артельный,русское
артериальный,заимствованное
артерия,заимствованное
артефакт,заимствованное
артикль,заимствованное
артикул,заимствованное
артикулировать,заимствованное
артикуляция,заимствованное
артиллерииския,заимствованное
артиллерист,заимствованное
артиллерия,заимствованное
артист,заимствованное
артистизм,заимствованное
артистическия,заимствованное
артистичный,заимствованное
артишок,заимствованное
артобстрел,русское
артподготовка,русское
артрит,заимствованное
артро,заимствованное
артроз,заимствованное
артропластик,заимствованное
артроскопическия,заимствованное
артроскопия,заимствованное
артротомия,заимствованное
артхаус,заимствованное
артхаусный,заимствованное
арфа,заимствованное
арфист,заимствованное
арфовыя,заимствованное
арх,заимствованное
архаизировать,русское
архаизм,заимствованное
архаика,заимствованное
архаист,заимствованное
архаистическия,русское
архаическия,заимствованное
архаичность,заимствованное
архаичный,заимствованное
архат,заимствованное
археограф,русское
археография,русское
археолог,заимствованное
археологическия,заимствованное
археология,заимствованное
архетип,заимствованное
архетипическия,заимствованное
архетипичный,заимствованное
архея,русское
архив,заимствованное
архивариус,заимствованное
архиватор,заимствованное
архивация,заимствованное
архивировать,заимствованное
архивироваться,заимствованное
архивист,русское
архивный,заимствованное
архивоведение,русское
архивохранить,заимствованное
архидиакон,заимствованное
архидьякон,заимствованное
архиепископ,заимствованное
архиереиския,заимствованное
архиерей,заимствованное
архимандрит,заимствованное
архипелаг,заимствованное
архит,заимствованное
архитект,заимствованное
архитектоника,заимствованное
архитектор,заимствованное
архитектура,заимствованное
архитектурный,заимствованное
архитрав,заимствованное
арьергард,заимствованное
ас,заимствованное
асана,заимствованное
асбест,заимствованное
асбестовыя,заимствованное
асептика,заимствованное
асептическия,заимствованное
асимметричность,заимствованное
асимметричный,заимствованное
асимметрия,заимствованное
асимптота,заимствованное
асимптотик,заимствованное
асимптотическия,заимствованное
асинхронность,заимствованное
асинхронный,заимствованное
аскарида,русское
аскаридоз,русское
аскеза,заимствованное
аскет,заимствованное
аскетизм,заимствованное
аскетик,заимствованное
аскетическия,заимствованное
аскетичность,заимствованное
аскетичный,заимствованное
аскорбиновыя,заимствованное
асоциальный,заимствованное
аспект,заимствованное
аспектный,заимствованное
аспирант,заимствованное
аспирантура,заимствованное
аспирата,заимствованное
аспиратор,заимствованное
аспирационный,заимствованное
аспирация,заимствованное
ассамблеиный,заимствованное
ассамблея,заимствованное
ассенизатор,заимствованное
ассенизационный,заимствованное
ассенизация,заимствованное
ассенизировать,заимствованное
ассертивность,заимствованное
ассертивный,заимствованное
ассесмент,заимствованное
ассигнование,заимствованное
ассигновать,заимствованное
ассимилировать,заимствованное
ассимилироваться,русское
ассимилятивный,заимствованное
ассимиляция,заимствованное
ассистент,заимствованное
ассистентура,заимствованное
ассистировать,заимствованное
ассонанс,заимствованное
ассорти,заимствованное
ассортимент,заимствованное
ассоциа,заимствованное
ассоциативность,заимствованное
ассоциативный,заимствованное
ассоциация,заимствованное
ассоции,русское
ассоциированный,заимствованное
ассоциировать,заимствованное
ассоциироваться,заимствованное
астазия,заимствованное
астат,заимствованное
астеник,заимствованное
астеническия,заимствованное
астения,заимствованное
астериск,заимствованное
астеркласс,русское
астероид,заимствованное
астероидный,заимствованное
асти,русское
астигматизм,заимствованное
астигматическия,заимствованное
астма,заимствованное
астматик,заимствованное
астматическия,заимствованное
астноправовой,русское
астнопрактикующие,русское
астнопредпринимательския,русское
астнопубличный,русское
астнособственническия,русское
астрагал,русское
астрал,заимствованное
астральный,заимствованное
астрент,русское
астро,заимствованное
астродатчик,русское
астролог,заимствованное
астрологическия,заимствованное
астрология,заимствованное
астролябия,русское
астронавигация,русское
астронавт,русское
астронавтика,русское
астроном,заимствованное
астрономическия,заимствованное
астрономия,заимствованное
астроориентация,русское
астрофизик,заимствованное
астрофизическия,заимствованное
астроэнтеролог,русское
астроэнтерология,русское
асф,заимствованное
асфальт,заимствованное
асфальтировать,заимствованное
асфиксия,заимствованное
асфиктическия,заимствованное
асцит,русское
атавизм,заимствованное
атавистическия,заимствованное
атака,заимствованное
атаковать,заимствованное
атаковыя,заимствованное
атаксия,русское
атакующие,заимствованное
атаман,русское
атеизм,заимствованное
атеист,заимствованное
атеистическия,заимствованное
атель,русское
ателье,заимствованное
атерома,заимствованное
атеросклероз,заимствованное
атеросклеротическия,заимствованное
атипий,заимствованное
атипическия,заимствованное
атипичный,заимствованное
атлант,заимствованное
атлантическия,русское
атлас,заимствованное
атласный,заимствованное
атлет,заимствованное
атлетизм,заимствованное
атлетика,заимствованное
атлетическия,заимствованное
атлетичный,заимствованное
атля,русское
атмосфера,заимствованное
атмосферный,заимствованное
атовенеролог,русское
атовенерология,русское
атолл,заимствованное
атом,заимствованное
атомаизер,заимствованное
атомарный,заимствованное
атомизатор,заимствованное
атомизационный,заимствованное
атомизация,заимствованное
атомизировать,заимствованное
атомизироваться,заимствованное
атомизм,русское
атомистика,русское
атомный,заимствованное
атомоход,русское
атональный,заимствованное
атония,заимствованное
атопсихология,русское
атофизиология,русское
атрибут,заимствованное
атрибутивный,заимствованное
атрибутика,заимствованное
атрибутный,заимствованное
атрибуционный,заимствованное
атрибуция,заимствованное
атрий,заимствованное
атриум,заимствованное
атропин,русское
атрофированный,заимствованное
атрофироваться,заимствованное
атрофическия,заимствованное
атрофия,заимствованное
атташе,заимствованное
аттестат,заимствованное
аттестационный,заимствованное
аттестация,заимствованное
аттестовать,заимствованное
аттик,заимствованное
аттиковыя,заимствованное
аттрактант,русское
аттракцион,заимствованное
аттракция,заимствованное
аугментация,русское
аудиенция,русское
аудио,заимствованное
аудиоальбом,заимствованное
аудиобизнес,заимствованное
аудиобластер,заимствованное
аудиовизуальный,русское
аудиокарта,заимствованное
аудиокассета,русское
аудиоклип,заимствованное
аудиоплата,заимствованное
аудирование,заимствованное
аудировать,русское
аудит,заимствованное
аудитор,заимствованное
аудитория,заимствованное
аудиторный,заимствованное
аудиторския,заимствованное
аудиторство,заимствованное
аукцио,русское
аукцион,заимствованное
аукционер,заимствованное
аукционист,заимствованное
аукционный,заимствованное
аура,заимствованное
аурат,заимствованное
аут,заимствованное
аутбридинг,заимствованное
аутгод,заимствованное
аутентизм,заимствованное
аутентик,заимствованное
аутентист,заимствованное
аутентификация,заимствованное
аутентифицировать,русское
аутентическия,русское
аутентичность,заимствованное
аутентичный,заимствованное
аутизм,заимствованное
аутлетный,заимствованное
аутовакцина,заимствованное
аутогенный,заимствованное
аутодафе,заимствованное
аутоиммунный,русское
аутоинфекционный,заимствованное
аутоинфекция,заимствованное
аутологичный,заимствованное
аутомиксис,заимствованное
аутопсия,заимствованное
аутосома,русское
аутотомия,заимствованное
аутотренинг,заимствованное
аутотрофа,заимствованное
аутотрофия,заимствованное
аутотрофность,заимствованное
аутотрофный,заимствованное
аутоэкологическия,заимствованное
аутоэкология,заимствованное
аутплеисмент,заимствованное
аутригер,заимствованное
аутсаидер,заимствованное
аутсаидерския,заимствованное
аутсорсинг,заимствованное
аутстаффинг,заимствованное
аутфита,заимствованное
ауть,заимствованное
аутэкологическия,заимствованное
аутэкология,заимствованное
афазическия,заимствованное
афазия,заимствованное
афатическия,заимствованное
аферист,русское
афиша,заимствованное
афишировать,заимствованное
афоризм,русское
афористическия,русское
афористичный,русское
африка,заимствованное
африканец,русское
африканист,русское
африканистика,русское
африканския,русское
афроамериканец,русское
афродизиак,заимствованное
аффект,заимствованное
аффектация,заимствованное
аффективный,заимствованное
аффектировать,русское
аффидевит,заимствованное
аффилиата,заимствованное
аффилиация,заимствованное
аффилированный,русское
аффилировать,заимствованное
аффинаж,русское
аффинировать,русское
аффирмация,заимствованное
ахимс,заимствованное
ахроматизм,русское
ахтоуправление,русское
ацетат,заимствованное
ацетатный,заимствованное
ацетилен,русское
ацетон,русское
ацидификация,заимствованное
ацидофилин,русское
ацидофильный,заимствованное
ацидофобный,заимствованное
ационнораспрядительный,русское
аччелерандо,заимствованное
ашицеобразный,русское
ашкенази,заимствованное
ашкеназския,заимствованное
ашрам,заимствованное
аэрарий,русское
аэратор,заимствованное
аэрация,заимствованное
аэрировать,заимствованное
аэро,заимствованное
аэроб,заимствованное
аэробика,заимствованное
аэробиоз,заимствованное
аэробионт,заимствованное
аэробный,заимствованное
аэробус,русское
аэровокз,русское
аэровокзал,заимствованное
аэрогенный,заимствованное
аэрограф,заимствованное
аэрография,заимствованное
аэрогриль,заимствованное
аэродинамика,заимствованное
аэродинамическия,заимствованное
аэродром,заимствованное
аэрозоль,заимствованное
аэрозольтерапия,заимствованное
аэроклиматологическия,заимствованное
аэроклиматология,заимствованное
аэроклуб,русское
аэрокосмическия,русское
аэролог,заимствованное
аэрологическия,заимствованное
аэрология,заимствованное
аэромеханика,заимствованное
аэромеханическия,заимствованное
аэронавигационный,заимствованное
аэронавигация,заимствованное
аэронавтика,заимствованное
аэронавтическия,заимствованное
аэроплан,заимствованное
аэропоник,заимствованное
аэропонный,заимствованное
аэропорт,заимствованное
аэропрофилактика,заимствованное
аэросани,русское
аэростат,заимствованное
аэростатика,заимствованное
аэростатическия,заимствованное
аэростатный,заимствованное
аэросъёмка,русское
аэротаксационный,заимствованное
аэротаксация,заимствованное
аэротанк,заимствованное
аэротенк,заимствованное
аэротерапевтическия,заимствованное
аэротерапия,заимствованное
аэрофит,заимствованное
аэрофитный,заимствованное
аэрофотоснимок,русское
аэрофотосъёмка,русское
аэрошоу,заимствованное
аэрошют,заимствованное
аэрошютизм,заимствованное
аэрошютистый,заимствованное
аэрошютный,заимствованное
аэроэкспресс,заимствованное
аэс,заимствованное
аюрведа,заимствованное
аюрведическия,заимствованное
аят,заимствованное
аятолл,заимствованное
ба,русское
баба,русское
баббит,русское
бабка,русское
бабла,заимствованное
бабочка,русское
бабуша,заимствованное
бабушка,русское
баг,заимствованное
багаж,заимствованное
багажник,заимствованное
багажный,заимствованное
багга,заимствованное
баггистый,заимствованное
багет,заимствованное
багетный,заимствованное
багор,русское
бадан,заимствованное
бадановыя,заимствованное
бадик,заимствованное
бадминтон,заимствованное
бадминтонист,заимствованное
бадминтонный,заимствованное
бадья,заимствованное
бадьян,заимствованное
база,заимствованное
базальт,заимствованное
базальтическия,заимствованное
базальтовыя,заимствованное
базамент,заимствованное
базар,заимствованное
базарный,заимствованное
бази,русское
базидиальный,заимствованное
базидий,заимствованное
базидиомицета,заимствованное
базидиомицетный,заимствованное
базилик,заимствованное
базилика,заимствованное
базиликальный,заимствованное
базиликовыя,заимствованное
базировать,заимствованное
базироваться,заимствованное
базис,заимствованное
базисный,заимствованное
базификат,заимствованное
базификатный,заимствованное
базификация,заимствованное
базифил,заимствованное
базифильный,заимствованное
базифицировать,заимствованное
базифицироваться,заимствованное
базовыя,заимствованное
баиго,заимствованное
баидарка,русское
баиер,заимствованное
баиерския,заимствованное
баиерство,заимствованное
баик,заимствованное
баикер,заимствованное
баикерския,заимствованное
баикерство,заимствованное
баикинг,заимствованное
баикшеринг,заимствованное
баикшеринговыя,заимствованное
баиндёр,заимствованное
баионет,заимствованное
баиопик,заимствованное
баит,заимствованное
баитный,заимствованное
баитовыя,заимствованное
бак,заимствованное
бакалавр,заимствованное
бакалавриат,заимствованное
бакалаврския,заимствованное
бакалеиный,заимствованное
бакалея,заимствованное
бакат,заимствованное
бакаут,заимствованное
бакаутный,заимствованное
бакаутовыя,заимствованное
бакелит,русское
бакен,заимствованное
бакенный,заимствованное
баккара,заимствованное
баклажан,русское
баковыя,заимствованное
бакт,русское
бактериальный,заимствованное
бактериемия,заимствованное
бактеризация,заимствованное
бактеризовать,заимствованное
бактерииный,заимствованное
бактериоз,заимствованное
бактериолиз,заимствованное
бактериолог,заимствованное
бактериологическия,заимствованное
бактериология,заимствованное
бактериоскопия,заимствованное
бактериостаз,заимствованное
бактериостатика,заимствованное
бактериостатическия,заимствованное
бактериостатичность,заимствованное
бактериостатичный,заимствованное
бактериофаг,заимствованное
бактериофагия,заимствованное
бактериофаговыя,заимствованное
бактериофобия,заимствованное
бактериурия,заимствованное
бактерицидность,заимствованное
бактерицидный,заимствованное
бактерия,заимствованное
бактероид,заимствованное
бактероидный,заимствованное
бактус,заимствованное
бакштаг,заимствованное
бакштов,заимствованное
бакштовный,заимствованное
бал,заимствованное
балаган,заимствованное
балаганный,заимствованное
балаклава,заимствованное
баланс,заимствованное
балансборд,заимствованное
балансир,заимствованное
балансирный,заимствованное
балансирование,заимствованное
балансировать,заимствованное
балансировка,заимствованное
балансировочный,заимствованное
балансный,заимствованное
балансовыя,заимствованное
балансодержатель,русское
балафон,заимствованное
балаяж,заимствованное
балдж,заимствованное
балерина,заимствованное
балет,заимствованное
балетки,заимствованное
балетмеистер,заимствованное
балетмеистерския,заимствованное
балетный,заимствованное
балетоман,заимствованное
балетомания,заимствованное
балисонг,заимствованное
балка,заимствованное
балканист,русское
балкер,заимствованное
балкерный,заимствованное
балкон,заимствованное
балконет,заимствованное
балконный,заимствованное
балл,заимствованное
баллада,заимствованное
балладный,заимствованное
балласа,заимствованное
балласт,заимствованное
балластер,заимствованное
балластирование,заимствованное
балластировать,заимствованное
балластировка,заимствованное
балластный,заимствованное
балластовыя,заимствованное
баллиста,русское
баллистика,заимствованное
баллистит,заимствованное
баллиститный,заимствованное
баллистическия,заимствованное
балловыя,заимствованное
баллон,заимствованное
баллонный,заимствованное
баллотирование,заимствованное
баллотировать,русское
баллотироваться,заимствованное
балльность,заимствованное
балльный,заимствованное
балуна,заимствованное
бальза,заимствованное
бальзам,заимствованное
бальзамин,заимствованное
бальзаминный,заимствованное
бальзаминовыя,заимствованное
бальзамирование,заимствованное
бальзамированный,заимствованное
бальзамировать,заимствованное
бальзамирующие,заимствованное
бальзамическия,заимствованное
бальзамный,заимствованное
бальзамовыя,заимствованное
бальзовыя,заимствованное
бальнео,заимствованное
бальнеоклиматическия,заимствованное
бальнеолог,заимствованное
бальнеологическия,заимствованное
бальнеология,заимствованное
бальнеопроцедур,заимствованное
бальнеотерапевт,заимствованное
бальнеотерапевтическия,заимствованное
бальнеотерапеть,заимствованное
бальнеотерапия,заимствованное
бальнеофизиотерапевтическия,заимствованное
бальнеофизиотерапия,заимствованное
бальный,заимствованное
бальтус,заимствованное
балюстрада,заимствованное
балюстрадный,заимствованное
балясина,заимствованное
бам,заимствованное
бамбук,заимствованное
бамбуковыя,заимствованное
бамия,заимствованное
бампа,заимствованное
бампер,заимствованное
бамперный,заимствованное
бан,заимствованное
банальность,заимствованное
банальный,заимствованное
банан,заимствованное
банановыя,заимствованное
банда,заимствованное
бандаж,заимствованное
бандажировать,заимствованное
бандажный,заимствованное
бандать,заимствованное
бандеролировать,заимствованное
бандероль,заимствованное
бандерольный,заимствованное
банджо,заимствованное
банджовыя,заимствованное
банджоист,заимствованное
бандинга,заимствованное
бандит,заимствованное
бандитизм,заимствованное
бандитския,заимствованное
бандо,заимствованное
бандуррий,заимствованное
банзай,заимствованное
банить,заимствованное
банк,заимствованное
банкагент,русское
банкгарант,русское
банкет,заимствованное
банкетка,русское
банкетный,заимствованное
банкинг,заимствованное
банкир,заимствованное
банкирския,заимствованное
банкирствовать,заимствованное
банккорреспондент,русское
банккредитор,русское
банкнерезидент,русское
банкнот,заимствованное
банкнотный,заимствованное
банковския,заимствованное
банкомат,заимствованное
банкоматный,заимствованное
банкрот,заимствованное
банкротить,заимствованное
банкротиться,заимствованное
банкротный,русское
банкротския,заимствованное
банкротство,заимствованное
банкэмитент,русское
баннер,заимствованное
баннерный,заимствованное
баннопрачечный,русское
банный,русское
баночный,заимствованное
бансури,заимствованное
бансурист,заимствованное
бант,заимствованное
бантовой,заимствованное
баньга,заимствованное
баня,русское
баптизм,заимствованное
баптист,заимствованное
баптистерий,заимствованное
баптистския,заимствованное
бар,заимствованное
барабан,заимствованное
барабанить,заимствованное
барабанный,заимствованное
барабанщик,заимствованное
барак,заимствованное
баран,русское
баранина,русское
барбекю,заимствованное
барбитурат,заимствованное
барбитуровыя,заимствованное
барботаж,заимствованное
барботажный,заимствованное
барботер,заимствованное
барботин,заимствованное
барботирование,заимствованное
барботировать,заимствованное
бард,заимствованное
бардовския,заимствованное
баребон,заимствованное
барельеф,заимствованное
барельефный,заимствованное
бареттер,заимствованное
бареттерный,заимствованное
баржа,заимствованное
баржевыя,заимствованное
бариатрий,заимствованное
бариатрическия,заимствованное
барий,заимствованное
бариолажа,заимствованное
барион,заимствованное
барионный,заимствованное
барист,заимствованное
барисфера,заимствованное
барит,заимствованное
баритон,заимствованное
баритональный,заимствованное
баритонный,заимствованное
баритоновыя,заимствованное
барицентр,заимствованное
барицентрическия,заимствованное
барическия,заимствованное
барк,заимствованное
барка,заимствованное
баркан,заимствованное
баркановыя,заимствованное
баркарола,заимствованное
баркарольный,заимствованное
баркас,заимствованное
бармен,заимствованное
барменския,заимствованное
барн,заимствованное
барный,заимствованное
барограмма,заимствованное
барограф,заимствованное
барокамера,заимствованное
барокко,заимствованное
барометр,заимствованное
барометрическия,заимствованное
барометрия,заимствованное
баростат,заимствованное
баротерапевт,заимствованное
баротерапевтическия,заимствованное
баротерапия,заимствованное
баротермометр,заимствованное
баротравма,заимствованное
барофил,заимствованное
барофильность,заимствованное
барофильный,заимствованное
барофоб,заимствованное
барофобия,заимствованное
барраж,заимствованное
барражирование,заимствованное
барражировать,заимствованное
барранкос,заимствованное
баррель,заимствованное
баррикада,русское
баррикадировать,русское
барристер,русское
барспин,заимствованное
барстер,заимствованное
бартер,заимствованное
бартерный,заимствованное
бархан,заимствованное
барханный,заимствованное
бархат,заимствованное
бархатность,заимствованное
бархатный,заимствованное
барый,заимствованное
барьер,заимствованное
барьерист,заимствованное
барьерный,заимствованное
бас,заимствованное
басист,заимствованное
басистость,заимствованное
басистый,заимствованное
баск,заимствованное
баскетбол,заимствованное
баскетболист,заимствованное
баскетболистския,заимствованное
баскетбольный,заимствованное
баскетбый,русское
баскюля,заимствованное
баснословный,русское
басня,русское
басовыя,заимствованное
басон,заимствованное
басонный,заимствованное
басорам,заимствованное
бассеин,заимствованное
бассеиновыя,заимствованное
бассетгорн,заимствованное
бастард,заимствованное
бастион,заимствованное
бастионный,заимствованное
бастовать,заимствованное
бастр,заимствованное
бастровыя,заимствованное
бастурм,заимствованное
бат,заимствованное
баталия,заимствованное
батальный,русское
батальон,заимствованное
батальонный,заимствованное
батареик,русское
батареиный,заимствованное
батарея,заимствованное
батат,заимствованное
бататовыя,заимствованное
батенс,заимствованное
батиальный,заимствованное
батиаля,заимствованное
батибионт,заимствованное
батиграмма,заимствованное
батик,заимствованное
батиковыя,заимствованное
батиметрическия,заимствованное
батиметрия,заимствованное
батиплан,заимствованное
батискаф,заимствованное
батист,русское
батисфера,заимствованное
батитермограф,заимствованное
батман,заимствованное
бато,заимствованное
батокс,заимствованное
батолит,заимствованное
батолитовыя,заимствованное
батометр,заимствованное
батометрическия,заимствованное
батон,русское
батончик,русское
батофобия,заимствованное
баттерфиша,заимствованное
баттерфляист,заимствованное
баттерфляй,заимствованное
батуд,русское
батут,заимствованное
батутистый,заимствованное
батутный,заимствованное
батя,заимствованное
баул,заимствованное
баф,заимствованное
баффа,заимствованное
бахилы,русское
бахрома,заимствованное
бахча,заимствованное
бахчевод,русское
бахчеводство,русское
бацилла,заимствованное
бацилловыя,заимствованное
бациллофобия,заимствованное
бациллярный,заимствованное
башенный,заимствованное
башмак,заимствованное
башня,заимствованное
бдение,русское
бдеть,заимствованное
бдительный,русское
бе,заимствованное
бег,русское
бегать,русское
беглец,русское
беглый,русское
бегство,русское
беднеть,русское
бедникнуть,заимствованное
бедничество,русское
бедность,русское
беднота,русское
бедный,русское
бедро,русское
бедственный,русское
бедствие,русское
бедствовать,русское
бежать,русское
бежевыя,русское
беженец,русское
безаварииный,русское
безадресный,русское
безакцептный,русское
безалкогольный,русское
безальтернативный,русское
безапелляционный,русское
безбилетный,русское
безболезненный,русское
безбоязненный,русское
безбрачие,русское
безбрачный,русское
безбрежный,русское
безбумажный,русское
безверие,русское
безвестность,русское
безвестный,русское
безветренный,русское
безветрие,русское
безвизовыя,русское
безвинный,русское
безвкусие,русское
безвкусица,русское
безвкусный,русское
безвластие,русское
безвластный,русское
безво,русское
безводный,русское
безвозвратный,русское
безвоздушный,русское
безвозмездный,русское
безволие,русское
безвольный,русское
безворсовыя,русское
безвредный,русское
безвременный,русское
безвременье,русское
безвыездный,русское
безвыходный,русское
безграмотный,русское
безграничный,русское
бездарный,русское
бездеиствовать,русское
безденежный,русское
бездетность,русское
бездетный,русское
бездефектный,русское
бездефицитный,русское
бездеятельный,русское
бездна,русское
бездоказательный,русское
бездокументарный,русское
бездомный,русское
бездорожье,русское
бездоходный,русское
бездумный,русское
бездуховный,русское
бездушный,русское
бездымный,русское
бездыханный,русское
безе,заимствованное
безжалостный,русское
безжизненный,русское
беззаботный,русское
беззаветный,русское
беззаконие,русское
беззаконный,русское
беззастенчивыя,русское
беззащитный,русское
беззвучный,русское
безземелье,русское
безземельный,русское
беззлобный,русское
беззубка,русское
беззубый,русское
безлактозный,русское
безлесный,русское
безлесыя,русское
безликия,русское
безлистный,русское
безлистый,русское
безлить,русское
безлицензионный,русское
безличный,русское
безло,русское
безлюдеть,русское
безлюдный,русское
безматочный,русское
безмен,русское
безмерный,русское
безмолвие,русское
безмолвный,русское
безмолвствовать,русское
безмотивный,русское
безмятежный,русское
безнадежный,русское
безнадзорный,русское
безнаказанный,русское
безналичный,русское
безнарядный,русское
безначалие,русское
безногия,русское
безнравственный,русское
безобидный,русское
безоблачный,русское
безобразие,русское
безобразить,русское
безобразный,русское
безоглядный,русское
безоговорочный,русское
безоконный,русское
безопасный,русское
безоружный,русское
безосновательный,русское
безостановочный,русское
безостый,русское
безответный,русское
безответственный,русское
безотзывный,русское
безотказный,русское
безотлагательный,русское
безотлучный,русское
безотрадный,русское
безотходный,русское
безотчетный,русское
безошибочный,русское
безработица,русское
безработный,русское
безрадостный,русское
безраздельный,русское
безразличие,русское
безразличный,русское
безрассудный,русское
безрассудство,русское
безрезультатный,русское
безрельсовыя,русское
безубыточный,русское
безударный,русское
безудержный,русское
безукоризненный,русское
безумец,русское
безумие,русское
безумный,русское
безумство,русское
безупречный,русское
безусадочный,русское
безусловный,русское
безуспешный,русское
безусыя,русское
безутешный,русское
безухия,русское
безучастный,русское
безъядерный,русское
безыдеиный,русское
безымянный,русское
безынерционный,русское
безынициативный,русское
безынтересный,русское
безынфляционный,русское
безыскусный,русское
безыскусственный,русское
безысходный,русское
беигла,заимствованное
беидж,заимствованное
беиджик,заимствованное
беисбол,заимствованное
беисболистския,заимствованное
беисболистый,заимствованное
беисболка,заимствованное
беисбольный,заимствованное
бекар,заимствованное
бекарный,заимствованное
беккерель,заимствованное
беккросс,заимствованное
беккроссинг,заимствованное
беккроссировать,заимствованное
беккроссный,заимствованное
бел,заимствованное
беленый,русское
белесыя,русское
белеть,русское
белизна,русское
белила,русское
белильный,русское
белить,русское
белиться,русское
белка,русское
белладонна,заимствованное
беллбол,заимствованное
беллболистый,заимствованное
беллетризация,заимствованное
беллетризированный,заимствованное
беллетризировать,заимствованное
беллетризироваться,заимствованное
беллетризм,заимствованное
беллетризованный,заимствованное
беллетрист,заимствованное
беллетристика,заимствованное
беллетристическия,заимствованное
беллетристичность,заимствованное
беллетристичный,заимствованное
беллиданс,заимствованное
беллидансер,заимствованное
беллидансовыя,заимствованное
белок,русское
белокочанный,русское
белый,русское
бельведер,заимствованное
бельевая,русское
бельканто,заимствованное
бельный,русское
бельтинг,заимствованное
бельтинговыя,заимствованное
бельэтаж,заимствованное
бельэтажный,заимствованное
бельё,заимствованное
белёк,русское
бемоль,заимствованное
бемольный,заимствованное
бенд,заимствованное
бендовыя,заимствованное
бенефис,заимствованное
бенефисный,заимствованное
бенефита,заимствованное
бенефитный,заимствованное
бенефициант,заимствованное
бенефициар,заимствованное
бенефициарий,заимствованное
бензин,заимствованное
бензинный,заимствованное
бензиновыя,заимствованное
бензобак,заимствованное
бензовоз,русское
бензозапра,русское
бензоин,заимствованное
бензоиновыя,заимствованное
бензоинструмент,заимствованное
бензоиный,заимствованное
бензоколонка,русское
бензол,русское
бензомотор,заимствованное
бензомоторный,русское
бензонасос,русское
бензопила,русское
бензопровод,русское
бензорез,русское
бензотриммер,заимствованное
бензофильтр,заимствованное
бензоэлектрическия,заимствованное
бензый,заимствованное
бентос,русское
бенчмарк,заимствованное
бенчмаркинг,заимствованное
бенчмаркинговыя,заимствованное
бер,русское
бербоутчартер,русское
бергамот,заимствованное
бергамотный,заимствованное
бергамотовыя,заимствованное
берег,русское
берегозащий,русское
берегоукрепить,русское
бережливыя,русское
бережный,русское
беременеть,русское
беременность,русское
беременный,русское
берест,русское
беречь,русское
беречься,русское
берилл,заимствованное
бериллиевыя,заимствованное
бериллизация,заимствованное
бериллий,заимствованное
берилловыя,заимствованное
беримбау,заимствованное
беркелия,заимствованное
берклиевыя,заимствованное
берклий,заимствованное
берный,русское
берёза,русское
беседа,русское
беседка,русское
беседовать,русское
бесить,русское
бескилевой,русское
бескислородный,русское
бесклассовыя,русское
бескомпромиссный,русское
бесконечность,русское
бесконечный,русское
бесконтактный,русское
бесконтрольный,русское
бесконфликтный,русское
бескорыстие,русское
бескорыстный,русское
бескостный,русское
бескраинии,русское
бескраиный,русское
бескризисный,русское
бескупонный,русское
беспамятство,русское
беспартииный,русское
беспатентный,русское
бесперебоиный,русское
беспересадочный,русское
бесперспективный,русское
беспечный,русское
беспилотный,русское
бесписьменный,русское
беспламенный,русское
бесплановыя,русское
бесплатный,русское
бесплацкартный,русское
беспло,русское
бесплодный,русское
бесплотный,русское
бесповоро,русское
бесповоротный,русское
беспозвоночный,русское
беспокоиный,русское
беспокоиство,русское
беспокоить,русское
беспокоиться,русское
бесполезный,русское
бесполый,русское
беспомощный,русское
беспородный,русское
беспорочный,русское
беспорядок,русское
беспорядочный,русское
беспосадочный,русское
беспочвенный,русское
беспошлинный,русское
беспощадный,русское
бесправие,русское
бесправный,русское
беспредельный,русское
беспредметный,русское
беспрекословный,русское
беспрепятственный,русское
беспрерывный,русское
беспрестанный,русское
беспрецедентный,русское
бесприбыльный,русское
беспривязный,русское
беспризорник,русское
беспризорный,русское
беспримерный,русское
беспринципный,русское
беспристрастный,русское
беспричинный,русское
беспро,русское
беспробла,русское
беспроблемный,русское
беспроволочный,русское
беспроигрышный,русское
беспросветный,русское
беспроцентный,русское
бессвязный,русское
бессердечный,русское
бессилие,русское
бессильный,русское
бессимптомный,русское
бессистемный,русское
бесследный,русское
бессловесный,русское
бессменный,русское
бессмертие,русское
бессмертник,русское
бессмертный,русское
бессмысленный,русское
бессовестный,русское
бессодержательный,русское
бессознательный,русское
бессолевой,русское
бессонница,русское
бессонный,русское
бессоюзный,русское
бесспорный,русское
бессребреник,русское
бессрочный,русское
бессточный,русское
бесстрастный,русское
бесстрашный,русское
бесстыдный,русское
бесстыдство,русское
бессчетный,русское
бестактность,русское
бестактный,русское
бестарифный,русское
бестарный,русское
бестелесный,русское
бестереть,русское
бести,заимствованное
бестраншеиный,русское
бестселлер,заимствованное
бестселлерный,заимствованное
бесформенный,русское
бесхитростный,русское
бесхозить,русское
бесхозный,русское
бесхозяиный,русское
бесхозяиственный,русское
бесцветный,русское
бесцельный,русское
бесцензурный,русское
бесценный,русское
бесцеремонный,русское
бесчеловечный,русское
бесчестие,русское
бесчестный,русское
бесчинство,русское
бесчинствовать,русское
бесчисленный,русское
бесчувственный,русское
бесшовный,русское
бесшумный,русское
бета,заимствованное
беталуч,русское
бетарасп,заимствованное
бетатрон,заимствованное
бетатронный,заимствованное
бетачастить,русское
бетон,заимствованное
бетонирование,заимствованное
бетонировать,заимствованное
бетонный,заимствованное
бетонщик,русское
бетулина,заимствованное
бетулиновыя,заимствованное
беф,заимствованное
бефстроганов,заимствованное
бец,русское
бечёвка,русское
бешамель,заимствованное
бешбармак,заимствованное
бешбармачный,заимствованное
бешенство,русское
бешеный,русское
би,заимствованное
биатлет,заимствованное
биатлон,заимствованное
биатлонист,заимствованное
биатлонный,заимствованное
библеиския,заимствованное
библеистика,заимствованное
библеистическия,заимствованное
библеистския,заимствованное
библеистый,заимствованное
библио,заимствованное
библиограф,заимствованное
библиографирование,заимствованное
библиографировать,заимствованное
библиографическия,заимствованное
библиография,заимствованное
библиоман,заимствованное
библиомания,заимствованное
библиометрическия,заимствованное
библиометрия,заимствованное
библиотека,заимствованное
библиотекарь,заимствованное
библиотекачитальня,русское
библиотековедение,русское
библиотерапевт,заимствованное
библиотерапевтическия,заимствованное
библиотерапия,заимствованное
библиотечный,заимствованное
библиофил,русское
библия,заимствованное
бивак,заимствованное
бивачный,заимствованное
бивуак,заимствованное
бивуачный,заимствованное
биг,заимствованное
бигмак,заимствованное
бид,заимствованное
биде,заимствованное
бидон,русское
бие,русское
биеннале,заимствованное
бижутерия,заимствованное
бизнес,заимствованное
бизнесвумен,заимствованное
бизнесма,русское
бизнесмен,заимствованное
бизнесменския,заимствованное
бизнесмода,русское
бизнеспнуть,заимствованное
биквадрат,заимствованное
биквадратный,заимствованное
бикини,русское
бикоптереть,заимствованное
бикоптерный,заимствованное
бикс,русское
билатеральный,русское
билборд,заимствованное
билет,заимствованное
билетный,заимствованное
билетёр,русское
билингвизм,русское
билирубин,русское
биллинга,заимствованное
биллинговыя,заимствованное
биллион,русское
биллон,заимствованное
билль,заимствованное
бильярд,заимствованное
бильярдист,заимствованное
бильярдный,заимствованное
биметалл,заимствованное
биметаллизм,заимствованное
биметаллическия,заимствованное
бинарный,заимствованное
бинок,русское
бином,заимствованное
биномен,заимствованное
биномиальный,заимствованное
биноминальный,заимствованное
биномный,заимствованное
бинт,русское
бинтовать,русское
биня,заимствованное
био,заимствованное
биоаккумуляция,заимствованное
биоактивный,русское
биоакустик,заимствованное
биоакустическия,заимствованное
биоассимиляция,заимствованное
биоатака,заимствованное
биог,русское
биогаз,заимствованное
биоген,заимствованное
биогенез,заимствованное
биогенный,заимствованное
биогеографическия,заимствованное
биогеография,заимствованное
биогеохимическия,заимствованное
биогеохимия,заимствованное
биогеоценоз,заимствованное
биогеоценозный,заимствованное
биогеоценологическия,заимствованное
биогеоценология,заимствованное
биогоризонт,заимствованное
биограф,русское
биографическия,русское
биография,русское
биогумус,заимствованное
биодеградация,заимствованное
биодиагностика,заимствованное
биоиндикатор,заимствованное
биоиндикаторный,заимствованное
биоиндикация,заимствованное
биоинженерия,заимствованное
биоинженерный,заимствованное
биоинформатика,заимствованное
биоклиматологическия,заимствованное
биоклиматология,заимствованное
биолог,заимствованное
биологическия,заимствованное
биология,заимствованное
биом,заимствованное
биомасса,заимствованное
биомассовыя,заимствованное
биомедицина,заимствованное
биомедицинския,заимствованное
биометрическия,заимствованное
биометрия,заимствованное
биомиметик,заимствованное
биомиметическия,заимствованное
биомный,заимствованное
бионанотехнология,заимствованное
бионаноэлектроника,заимствованное
бионика,заимствованное
бионическия,заимствованное
биообъ,русское
биообъект,заимствованное
биоочистка,русское
биопатогенный,заимствованное
биополе,русское
биопотенциа,заимствованное
биопротез,заимствованное
биопротезирование,заимствованное
биопротезный,заимствованное
биопсия,заимствованное
биоробот,русское
биосенсор,заимствованное
биосенсорный,заимствованное
биосинтез,заимствованное
биосинтетическия,заимствованное
биостанция,русское
биостимуля,русское
биостимулятор,заимствованное
биостимуляторный,заимствованное
биостимуляция,заимствованное
биостром,заимствованное
биостромный,заимствованное
биосфера,заимствованное
биосферный,заимствованное
биосферология,заимствованное
биота,заимствованное
биотектур,заимствованное
биотелеметрическия,заимствованное
биотелеметрия,заимствованное
биотенк,заимствованное
биотестирование,заимствованное
биотехнологическия,заимствованное
биотехнология,заимствованное
биотехносфера,заимствованное
биотечь,заимствованное
биотик,заимствованное
биотическия,заимствованное
биотичность,заимствованное
биотичный,заимствованное
биоткань,русское
биото,русское
биоток,русское
биотоп,заимствованное
биотопный,заимствованное
биотрансформационный,заимствованное
биотрансформация,заимствованное
биотрофия,заимствованное
биотрофный,заимствованное
биотуале,русское
биотурбация,заимствованное
биоурбанистика,заимствованное
биоурбанистическия,заимствованное
биофизик,заимствованное
биофизическия,заимствованное
биофил,заимствованное
биофилий,заимствованное
биофильность,заимствованное
биофильный,заимствованное
биофильтр,заимствованное
биофильтратор,заимствованное
биофильтрация,заимствованное
биохимик,заимствованное
биохимическия,заимствованное
биохимия,заимствованное
биохор,заимствованное
биохорологическия,заимствованное
биохорология,заимствованное
биоценоз,заимствованное
биоценозный,заимствованное
биоценологическия,заимствованное
биоценология,заимствованное
биоцентризм,заимствованное
биоцид,заимствованное
биоцидность,заимствованное
биоцидный,заимствованное
биоцикл,заимствованное
биоэ,заимствованное
биоэкологическия,заимствованное
биоэкология,заимствованное
биоэлектереть,русское
биоэнерг,русское
биоэнергетик,заимствованное
биоэнергетика,заимствованное
биоэнергетическия,заимствованное
биоэнергия,заимствованное
биоэтическия,заимствованное
бипатрид,заимствованное
бипатризм,заимствованное
биплан,заимствованное
биполида,заимствованное
биполизм,заимствованное
биполярность,заимствованное
биполярный,заимствованное
бирдекель,заимствованное
биретта,заимствованное
биржа,заимствованное
биржевик,заимствованное
биржевой,заимствованное
бирка,русское
биркеншток,заимствованное
бирмат,заимствованное
бисексуал,заимствованное
бисексуализм,заимствованное
бисексуальность,заимствованное
бисексуальный,заимствованное
бисквит,заимствованное
бисквитный,заимствованное
биссектор,заимствованное
биссектриса,заимствованное
бистро,заимствованное
битва,русское
биткоина,заимствованное
битный,заимствованное
битовыя,заимствованное
битпоп,заимствованное
битреить,заимствованное
биттереть,заимствованное
битум,заимствованное
битумовоз,русское
битый,заимствованное
бить,заимствованное
биться,русское
битьё,русское
бифидобактерия,заимствованное
бифидумбактерин,заимствованное
бифурка,русское
бифуркация,заимствованное
бифштекс,заимствованное
бифштексный,заимствованное
бицепс,русское
бка,русское
бл,русское
бла,русское
благовидный,русское
благоволение,русское
благоволить,русское
благовоспитанный,русское
благодарить,русское
благодарность,русское
благодарный,русское
благодарственный,русское
благодатный,русское
благоденствие,русское
благоденствовать,русское
благодетель,русское
благодетельный,русское
благодетельствовать,русское
благодеяние,русское
благожелательный,русское
благозвучный,русское
благополучие,русское
благополучный,русское
благоприобретенный,русское
благопристоиный,русское
благоприятный,русское
благоприятствовать,русское
благоразумие,русское
благоразумный,русское
благорасположение,русское
благородный,русское
благородство,русское
благосклонный,русское
благословить,русское
благосостояние,русское
благостный,русское
благотворитель,русское
благотворительность,русское
благотворительный,русское
благотворить,русское
благотворный,русское
благоустроенный,русское
благоустроить,русское
бланк,заимствованное
бланкета,заимствованное
бланкетность,заимствованное
бланкетный,заимствованное
бластер,заимствованное
бластинг,заимствованное
бластома,заимствованное
бласть,русское
бледный,русское
блеизер,заимствованное
бленда,заимствованное
блендер,заимствованное
блендирование,заимствованное
бленный,русское
блеск,русское
блеснуть,русское
блестеть,русское
ближаишие,русское
ближнии,русское
близиться,русское
близкия,русское
близкородственный,русское
близлежащие,русское
близнец,заимствованное
близорукия,русское
близость,русское
блик,заимствованное
блин,русское
блиндаж,русское
блинник,русское
блинчик,русское
блистать,русское
блистер,заимствованное
блистерный,заимствованное
блиц,заимствованное
блицпартия,заимствованное
блицспринт,заимствованное
блицтурнир,заимствованное
бло,русское
блог,заимствованное
блогер,заимствованное
блогерския,заимствованное
блогерство,заимствованное
блогинга,заимствованное
блоговыя,заимствованное
блогосфера,заимствованное
блок,заимствованное
блокада,заимствованное
блокадный,заимствованное
блокбастер,заимствованное
блокиратор,русское
блокирование,заимствованное
блокировать,заимствованное
блокироваться,заимствованное
блокировка,заимствованное
блокировочный,заимствованное
блокконт,заимствованное
блокнот,русское
блоковыя,заимствованное
блокчеин,заимствованное
блоттереть,заимствованное
блоттерный,заимствованное
блоха,русское
блочный,заимствованное
блуждать,русское
блуза,русское
блузка,русское
блэкаут,заимствованное
блэкаутный,заимствованное
блюдо,заимствованное
блюдце,русское
блюз,заимствованное
блюзмена,заимствованное
блюзовыя,заимствованное
блюминг,русское
блюсти,русское
блюститель,русское
бляха,русское
бляшка,русское
блёстка,русское
бница,русское
бность,русское
бный,русское
боб,заимствованное
бобина,русское
бобслеиный,заимствованное
бобслеист,заимствованное
бобслей,заимствованное
бог,русское
богара,заимствованное
богарный,заимствованное
богата,русское
богатеть,русское
богатство,русское
богатый,русское
богатырския,русское
богатырь,русское
богач,русское
богема,русское
богиня,русское
богоборец,русское
богобоязненный,русское
богоматерь,русское
богоотст,русское
богородица,русское
богослов,русское
богословие,русское
богослужение,русское
боготворить,русское
богохульник,русское
богохульство,русское
богохульствовать,русское
богоявление,русское
бодать,русское
бодаться,русское
бодибилдер,заимствованное
бодибилдинг,заимствованное
бодибилдинговыя,заимствованное
бодиборд,заимствованное
бодибордер,заимствованное
бодибординг,заимствованное
бодипеинтинг,заимствованное
бодить,заимствованное
бодифитнес,заимствованное
бодрить,русское
бодрость,русское
бодрствовать,русское
бодрый,русское
бодх,заимствованное
бодхисатва,заимствованное
боевик,русское
боеголовка,русское
боеготовность,русское
боезапас,русское
боезаряд,русское
боекомплект,русское
боепитание,русское
боеприпас,русское
боеспособный,русское
боец,русское
божеския,русское
божественный,русское
божество,русское
божий,русское
божить,русское
божиться,русское
бозон,заимствованное
бозонный,заимствованное
боикота,заимствованное
боикотировать,заимствованное
боилера,заимствованное
боилерный,заимствованное
боиница,русское
боиный,русское
боиня,русское
боицовския,русское
бой,заимствованное
бойкий,русское
бок,заимствованное
бокал,русское
боковина,русское
бокс,заимствованное
боксерския,заимствованное
боксировать,заимствованное
боксит,русское
боксовыя,заимствованное
боксёр,заимствованное
бол,русское
болванка,русское
болезненный,русское
болезнетворный,русское
болезнь,русское
болельщик,русское
болеро,заимствованное
болеть,русское
болид,заимствованное
боло,русское
болоньевыя,заимствованное
болоньеза,заимствованное
болонья,заимствованное
болотистый,русское
болотник,русское
болотный,русское
болото,русское
болотоход,русское
болт,русское
боль,русское
больница,русское
больничный,русское
больной,русское
большевизм,русское
большевик,русское
большеглазый,русское
большегруз,русское
большегрузный,русское
большинство,заимствованное
большоя,русское
бомба,заимствованное
бомбардир,заимствованное
бомбардирование,заимствованное
бомбардировать,заимствованное
бомбардировка,заимствованное
бомбардировочный,русское
бомбардировщик,русское
бомбардирския,заимствованное
бомбер,заимствованное
бомбить,заимствованное
бомбометание,русское
бомбомёт,русское
бомбоубежище,русское
бомж,русское
бомонд,заимствованное
бон,заимствованное
бонапартизм,русское
бондарный,русское
бонза,русское
бонитет,заимствованное
бонитетный,заимствованное
бонитировка,заимствованное
бонитировочный,заимствованное
бонификация,заимствованное
бонсай,заимствованное
бонус,заимствованное
бонусный,заимствованное
бор,заимствованное
бора,заимствованное
борд,заимствованное
бордер,заимствованное
бордеро,заимствованное
бордо,заимствованное
бордюр,заимствованное
бордюрный,заимствованное
бореал,заимствованное
бореальный,заимствованное
борец,русское
бормашина,заимствованное
борный,заимствованное
боров,русское
борода,заимствованное
бородка,русское
борозда,русское
бороздить,русское
бороздчатый,русское
борона,русское
бороться,русское
борсетка,заимствованное
борсеточный,заимствованное
борт,заимствованное
бортничество,русское
бортовка,русское
бортовой,заимствованное
бортпроводнить,русское
борть,русское
борцовка,русское
борцовския,русское
борцовыя,русское
борщевик,русское
борьба,заимствованное
босановый,заимствованное
боскет,заимствованное
босоножка,русское
босоя,русское
боссабол,заимствованное
бот,заимствованное
ботаник,русское
ботаника,заимствованное
ботаническия,заимствованное
ботильон,заимствованное
ботокс,заимствованное
ботоксный,заимствованное
ботулизм,заимствованное
ботулина,заимствованное
ботулиническия,заимствованное
ботулотоксин,заимствованное
ботфорт,заимствованное
боулдеринг,заимствованное
боулинг,заимствованное
боулингист,заимствованное
боулинговыя,заимствованное
бохо,заимствованное
бочка,заимствованное
бочкообразный,русское
бочкотар,русское
бочный,русское
бочча,заимствованное
боязливыя,русское
боязнь,русское
бояться,русское
бпнуть,русское
бр,заимствованное
бра,заимствованное
бравада,русское
бравировать,русское
бравурный,русское
бравыя,русское
брага,русское
брадикардия,заимствованное
бразный,русское
брак,заимствованное
бракераж,заимствованное
браковать,заимствованное
браковка,заимствованное
браковочный,заимствованное
браковщик,русское
бракодельство,русское
браконьер,заимствованное
браконьерство,русское
браконьерствовать,русское
бракоразводный,русское
бракосочетание,русское
бракёр,русское
брамин,заимствованное
браминския,заимствованное
брандер,русское
брандмауэр,заимствованное
брандспоить,русское
бранить,русское
браниться,русское
бранный,русское
брань,русское
браслет,русское
брасс,заимствованное
брассист,заимствованное
брат,русское
братския,русское
братство,русское
брать,заимствованное
браться,русское
браузер,заимствованное
браузерный,заимствованное
брауни,заимствованное
браунинг,русское
брахман,заимствованное
брахманизм,заимствованное
брахманския,заимствованное
брачный,русское
брачуяться,русское
брашинга,заимствованное
брашинговыя,заимствованное
бреве,заимствованное
бревиария,заимствованное
бревно,русское
бред,заимствованное
бредень,русское
бредить,русское
бредовыя,русское
брезгать,русское
брезгливыя,русское
брезент,заимствованное
брезентный,заимствованное
брезентовыя,заимствованное
брезжить,русское
бреик,заимствованное
бреикер,русское
бреин,заимствованное
брекватер,русское
брекет,заимствованное
брекетированный,заимствованное
брекчия,заимствованное
брелок,заимствованное
бремя,русское
бренд,заимствованное
бренди,заимствованное
брендинг,заимствованное
брендированный,заимствованное
брендовыя,заимствованное
бретель,русское
бретелька,русское
брешь,заимствованное
бригада,заимствованное
бригадир,заимствованное
бригадный,русское
бридж,заимствованное
бриз,заимствованное
бризантный,русское
брик,заимствованное
брикет,заимствованное
брикети,русское
брикетирование,заимствованное
брикетировать,русское
бриллиант,заимствованное
бриллиантовыя,заимствованное
брильянт,заимствованное
брильянтовыя,заимствованное
бриошь,заимствованное
британец,русское
бритва,русское
бритоголовыя,русское
брить,русское
бриться,русское
брифинг,заимствованное
брифинговыя,заимствованное
бровка,русское
бровь,русское
брод,русское
бродильный,русское
бродить,русское
бродяжничать,русское
брожение,русское
броилера,русское
брокер,заимствованное
брокерския,заимствованное
брокерство,русское
брокколи,заимствованное
бром,заимствованное
бромид,заимствованное
бромистый,заимствованное
бромный,заимствованное
бромовыя,заимствованное
бронебоиный,русское
броневик,русское
броневой,русское
бронежилет,русское
бронемашина,русское
броненосец,русское
броненосный,русское
бронепоезд,русское
бронетанковыя,русское
бронетранспортёр,русское
бронза,заимствованное
бронзатор,заимствованное
бронзирование,заимствованное
бронзировать,заимствованное
бронзоветь,русское
бронзовщик,русское
бронзовыя,заимствованное
бронировать,русское
бронх,заимствованное
бронхиальный,заимствованное
бронхий,заимствованное
бронхиола,русское
бронхит,заимствованное
бронхографическия,заимствованное
бронхография,заимствованное
бронхопневмония,заимствованное
бронхоскоп,заимствованное
бронхоскопическия,заимствованное
бронхоскопия,заимствованное
бронхоспазм,заимствованное
бронь,русское
броня,русское
бросание,русское
бросать,русское
бросаться,русское
бросить,русское
броситься,русское
бросовыя,русское
бросок,русское
броссажа,заимствованное
броссажный,заимствованное
брошюровальный,русское
брошюровать,русское
брошюровщик,русское
брумбол,заимствованное
брумбольный,заимствованное
брус,русское
брускетта,заимствованное
брусок,русское
бруствер,русское
брусчатка,русское
брусчатый,русское
брутальность,заимствованное
брутальный,заимствованное
брутто,заимствованное
бруцеллёз,русское
бры,русское
брызгать,русское
брызги,русское
брызнуть,русское
брый,русское
брюки,русское
брюшина,русское
брюшной,русское
бубон,заимствованное
буг,заимствованное
бугель,русское
бугор,русское
будда,заимствованное
буддизм,заимствованное
буддииския,заимствованное
буддист,заимствованное
буддистския,заимствованное
будеть,русское
будильник,русское
будить,русское
будка,русское
буднии,русское
будничный,русское
будущее,русское
будущие,русское
буер,заимствованное
буерак,русское
буерист,заимствованное
буерный,заимствованное
буж,заимствованное
буиный,русское
буй,русское
бук,русское
буква,русское
буквализм,русское
буквальный,русское
букер,заимствованное
букерския,заимствованное
букет,заимствованное
букетный,заимствованное
букинг,заимствованное
букинговыя,заимствованное
букинист,русское
букинистическия,русское
букиня,заимствованное
букирование,заимствованное
букировать,заимствованное
буккроссер,заимствованное
буккроссинг,заимствованное
букле,заимствованное
буклет,заимствованное
буклетный,заимствованное
букмекер,заимствованное
букмекерския,заимствованное
букмекерство,заимствованное
букс,заимствованное
букса,заимствованное
буксир,заимствованное
буксировать,русское
буксировочный,русское
буксировщик,русское
буксовать,заимствованное
булава,русское
булавка,русское
булат,заимствованное
булгур,заимствованное
булимия,русское
булка,русское
булла,заимствованное
буллера,заимствованное
буллерския,заимствованное
буллинга,заимствованное
буллинговыя,заимствованное
буллит,заимствованное
буллитный,заимствованное
булочка,русское
булыжник,русское
бульвар,заимствованное
бульварный,заимствованное
бульдозер,заимствованное
бульдозерист,русское
бульдозерный,заимствованное
бульон,заимствованное
бультерьер,русское
бум,заимствованное
бумага,заимствованное
бумагод,заимствованное
бумагора,русское
бумажка,русское
бумажник,русское
бумажный,заимствованное
бумеранг,русское
бункер,русское
бункеровать,русское
бункероваться,русское
бункеровщик,русское
бунт,заимствованное
бунтарския,заимствованное
бунтарь,заимствованное
бунтовать,заимствованное
бунтовской,заимствованное
бур,заимствованное
бургер,заимствованное
бургерный,заимствованное
буржуазия,русское
буржуазный,русское
бурильщик,русское
бурить,заимствованное
бурка,русское
бурлить,русское
бурный,русское
буровзрывноить,русское
буровик,русское
буровой,русское
буррито,заимствованное
бурсит,русское
бурт,заимствованное
буртование,русское
буртоукладчик,русское
бурый,русское
бусина,русское
буссоль,русское
бустер,заимствованное
бустерный,заимствованное
бусы,заимствованное
бут,заимствованное
бутан,русское
бутафор,заимствованное
бутафория,заимствованное
бутафорный,заимствованное
бутафорския,заимствованное
бутерброд,заимствованное
бутик,заимствованное
бутиковыя,заимствованное
бутилировать,русское
бутирометр,русское
бутить,русское
бутлег,заимствованное
бутлегер,заимствованное
бутлегерския,заимствованное
бутлегерство,заимствованное
бутобетон,заимствованное
бутобетонный,заимствованное
бутовыя,заимствованное
бутон,русское
бутсы,заимствованное
бутылка,русское
бутылочный,русское
бутыль,русское
буфер,заимствованное
буферизация,заимствованное
буферность,заимствованное
буферный,заимствованное
буфет,русское
буфетный,русское
буфетчик,русское
буфетчица,русское
буффонада,заимствованное
буффонадный,заимствованное
бухгалтер,заимствованное
бухгалтерия,заимствованное
бухгалтерския,заимствованное
бухта,русское
бухучёт,русское
бушевать,русское
бушель,русское
буёк,русское
бщие,русское
бы,заимствованное
бывать,русское
бык,русское
былой,русское
быль,русское
быльный,русское
быстродеиствие,русское
быстродеиствующие,русское
быстрозаморо,русское
быстроизна,русское
быстропортящиися,русское
быстрорастущие,русское
быстрорежущие,русское
быстросохнущие,русское
быстротекущие,русское
быстротечный,русское
быстроходный,русское
быстрый,русское
быт,русское
бытие,русское
бытность,русское
бытовать,русское
бытовой,русское
бытописание,русское
быть,русское
бьеннале,заимствованное
бьеф,заимствованное
бэк,заимствованное
бэкэ,заимствованное
бюджет,заимствованное
бюджетирование,заимствованное
бюджетник,русское
бюджетный,заимствованное
бюллетень,заимствованное
бюро,заимствованное
бюрократ,заимствованное
бюрократизация,заимствованное
бюрократизировать,заимствованное
бюрократизм,заимствованное
бюрократическия,заимствованное
бюрократичность,заимствованное
бюрократичный,заимствованное
бюрократия,заимствованное
бюст,заимствованное
бюстгальтер,заимствованное
бюстгальтерный,заимствованное
бюстие,заимствованное
бюстовыя,заимствованное
бязевыя,заимствованное
бязь,заимствованное
в,русское
ва,заимствованное
вага,заимствованное
вагин,заимствованное
вагинальный,заимствованное
вагинизм,заимствованное
вагинит,заимствованное
вагиноскопия,заимствованное
вагон,заимствованное
вагонетка,заимствованное
вагонный,заимствованное
вагончик,русское
вагранка,русское
ваджраяна,заимствованное
важность,русское
важный,русское
ваза,заимствованное
вазелин,заимствованное
вазелиновыя,заимствованное
вазомотор,русское
вазон,заимствованное
ваифай,заимствованное
ваишнава,заимствованное
ваишнавизм,заимствованное
ваишнавския,заимствованное
вак,заимствованное
вакансионный,заимствованное
вакансия,заимствованное
вакантный,заимствованное
вакат,заимствованное
вакса,заимствованное
ваксация,заимствованное
ваксинга,заимствованное
вакуоль,заимствованное
вакуольный,заимствованное
вакуум,заимствованное
вакуумметр,русское
вакуумный,заимствованное
вакханалия,заимствованное
вакцина,заимствованное
вакцинация,заимствованное
вакцинировать,заимствованное
вал,заимствованное
валежник,русское
валентность,заимствованное
валентный,заимствованное
валеолог,заимствованное
валеологическия,заимствованное
валеология,заимствованное
валериан,заимствованное
валериановыя,заимствованное
валерьян,русское
валет,заимствованное
валец,заимствованное
валидатор,заимствованное
валидация,заимствованное
валидность,заимствованное
валидный,заимствованное
валидол,русское
вализа,заимствованное
валик,русское
валить,русское
валиться,русское
валка,заимствованное
валовыя,русское
валоризация,заимствованное
валоризовать,заимствованное
валторна,заимствованное
валторновыя,заимствованное
валун,русское
вальма,заимствованное
вальмовыя,заимствованное
вальс,заимствованное
вальсировать,заимствованное
вальсовыя,заимствованное
вальцевание,заимствованное
вальцевать,заимствованное
вальцовка,заимствованное
вальцовщик,русское
вальщик,русское
вальяжный,русское
валюта,заимствованное
валютный,заимствованное
валя,заимствованное
валяльный,русское
валяльщик,русское
валяние,русское
валяный,русское
валять,русское
валяться,русское
вампир,заимствованное
ванадий,заимствованное
вандал,заимствованное
вандализм,заимствованное
ванилин,заимствованное
ванилиновыя,заимствованное
ваниль,заимствованное
ванна,заимствованное
ванный,русское
ванта,заимствованное
вантовыя,заимствованное
вантуз,заимствованное
ваный,русское
вар,заимствованное
варвар,русское
варварския,русское
варварство,русское
варган,заимствованное
варение,русское
вареный,русское
вариабельный,русское
вариант,заимствованное
вариативный,русское
вариационный,заимствованное
вариация,заимствованное
варивать,русское
варикоз,заимствованное
варикозный,заимствованное
варить,русское
вариться,русское
варка,русское
варрант,заимствованное
варрантный,заимствованное
варьете,заимствованное
варьировать,русское
варьироваться,русское
вассал,заимствованное
вассальный,заимствованное
вата,заимствованное
ватерлиния,заимствованное
ватерпас,заимствованное
ватерполист,заимствованное
ватерполо,заимствованное
ватерпольный,заимствованное
ватин,заимствованное
ватиновыя,заимствованное
ватка,русское
ватман,заимствованное
ватник,русское
ватный,русское
ватт,заимствованное
ваттметр,русское
ваться,заимствованное
ваучер,заимствованное
ваучеризация,заимствованное
ваучерный,заимствованное
вафельница,заимствованное
вафельный,заимствованное
вафля,заимствованное
вахта,заимствованное
вахтенный,заимствованное
вахтер,русское
вахтовик,русское
вахтовыя,заимствованное
ваххабизм,заимствованное
ваххабит,заимствованное
ваяние,русское
ваять,русское
вбежать,русское
вбить,русское
вбросить,русское
вве,заимствованное
введение,русское
ввезти,заимствованное
ввергнуть,русское
ввергнуться,русское
вверить,русское
ввериться,русское
ввернуть,русское
ввернуться,русское
ввести,русское
ввинтить,русское
ввинтиться,русское
ввод,русское
ввоз,русское
ввозить,русское
ввп,русское
ввязать,русское
ввязка,русское
вглядеться,русское
вгрызаться,русское
вдавить,русское
вдавиться,русское
вдаться,русское
вдвинуть,русское
вдеть,русское
вдова,русское
вдовец,русское
вдовство,русское
вдовствовать,русское
вдовыя,русское
вдолбить,русское
вдох,русское
вдохновение,русское
вдохновенный,русское
вдохновитель,русское
вдохновить,русское
вдохновиться,русское
вдохнуть,русское
вдуматься,русское
вдумчивыя,русское
вдыхательный,русское
вдёрнуть,русское
вдёрнуться,русское
ве,заимствованное
веб,заимствованное
вебинар,заимствованное
вебинарный,заимствованное
вебс,заимствованное
вебстрань,заимствованное
вебтехноть,заимствованное
вегетарианец,заимствованное
вегетарианския,заимствованное
вегетарианство,заимствованное
вегетативный,заимствованное
вегетационный,заимствованное
вегетация,заимствованное
веда,заимствованное
веданта,заимствованное
ведать,русское
ведение,русское
ведииския,заимствованное
ведическия,заимствованное
ведомость,русское
ведомственный,русское
ведомство,русское
ведомый,русское
ведро,русское
ведущие,русское
вежа,русское
везде,русское
вездесущие,русское
вездеход,русское
вездеходный,русское
везикула,заимствованное
везикулярный,заимствованное
везти,заимствованное
век,заимствованное
веко,русское
вековой,русское
векселизация,заимствованное
вексель,заимствованное
вексельный,заимствованное
вектор,заимствованное
векторный,заимствованное
веле,заимствованное
веление,русское
велеть,русское
великия,русское
великодерж,русское
великодушие,русское
великодушный,русское
великолепие,русское
великолепный,русское
величавыя,русское
величественный,русское
величество,русское
величие,русское
величина,русское
велобол,заимствованное
велобольный,заимствованное
велогонка,русское
велогонщик,русское
велодром,заимствованное
велодромный,заимствованное
велокросс,заимствованное
веломобиль,русское
веломопед,заимствованное
велополый,заимствованное
велорикша,заимствованное
велосипед,заимствованное
велосипедист,заимствованное
велосипедный,заимствованное
велоспорт,заимствованное
велотандем,заимствованное
велотрек,заимствованное
велотрековыя,заимствованное
велотренажёр,заимствованное
велотриал,заимствованное
велотриалиста,заимствованное
велотриальный,заимствованное
вельвет,заимствованное
велюр,заимствованное
вена,заимствованное
вендеть,русское
вендинга,заимствованное
вендор,заимствованное
венепункция,заимствованное
венерическия,заимствованное
венеролог,русское
венерологическия,заимствованное
венерология,заимствованное
венесекция,заимствованное
венец,русское
венечный,русское
вензель,заимствованное
веник,русское
венограмм,заимствованное
венографическия,заимствованное
венография,заимствованное
венок,русское
вентилирование,заимствованное
вентилировать,заимствованное
вентилироваться,русское
вентиль,заимствованное
вентильный,заимствованное
вентилятор,заимствованное
вентиляторный,заимствованное
вентиляционный,заимствованное
вентиляция,заимствованное
венч,русское
венчание,русское
венчать,русское
венчаться,русское
венчик,русское
венчур,русское
венчурный,заимствованное
веранда,заимствованное
верандный,заимствованное
вербальный,заимствованное
верблюд,русское
вербовать,заимствованное
вербоваться,русское
вербовщик,русское
вердикт,заимствованное
вереница,русское
веретено,русское
веретенообразный,русское
верить,русское
вериться,русское
верификация,заимствованное
верифицировать,заимствованное
верифицироваться,заимствованное
вермикомпост,заимствованное
вермикультура,заимствованное
вермишель,заимствованное
вернисаж,заимствованное
вернисажный,заимствованное
вернопо,русское
верность,русское
вернуть,русское
вернуться,русское
верный,русское
веровать,русское
вероисповедание,русское
вероломный,русское
веротерпеть,заимствованное
вероучий,заимствованное
вероятностный,русское
вероятность,русское
вероятный,русское
версия,заимствованное
верста,русское
верстак,заимствованное
верстать,русское
вертеброневрологическия,заимствованное
вертеброневрология,заимствованное
вертеть,русское
вертеться,русское
вертикаль,заимствованное
вертикальный,заимствованное
вертлюг,русское
вертодром,русское
вертолёт,русское
вертолётчик,русское
верующие,русское
верфь,заимствованное
верх,русское
верхнии,русское
верховенство,русское
верховенствовать,русское
верховный,русское
верховье,русское
верхолаз,русское
верхом,русское
верхушка,русское
вершина,русское
вершитель,русское
вершить,русское
вершиться,русское
верёвка,русское
вес,русское
веселить,русское
веселиться,русское
веселый,русское
весить,русское
веския,русское
весло,русское
весна,русское
весовой,русское
весовщий,русское
весовщик,русское
весомый,русское
вестерн,русское
вестернизация,заимствованное
вести,заимствованное
вестибулярный,заимствованное
вестибюль,заимствованное
вестибюльный,заимствованное
вестник,русское
весы,русское
весый,русское
ветвистый,русское
ветвиться,русское
ветвление,русское
ветврач,русское
ветвь,заимствованное
ветер,заимствованное
ветеран,заимствованное
ветеринар,русское
ветеринария,заимствованное
ветеринарный,заимствованное
ветка,русское
вето,заимствованное
ветошь,русское
ветреный,русское
ветровал,русское
ветродвить,русское
ветхия,русское
ветхозав,русское
ветшать,русское
веха,русское
вечер,русское
вечеринка,русское
вечность,русское
вечный,русское
вешалка,русское
вешать,русское
вешаться,русское
вещать,русское
вещественный,русское
вещество,русское
вещизм,русское
вещный,русское
вещь,русское
веялка,русское
веяние,русское
веять,русское
вживить,русское
вжиться,русское
вза,русское
взаимность,русское
взаимный,русское
взаимовлияние,русское
взаимовыгодный,русское
взаимовыручка,русское
взаимодеиствие,русское
взаимодеиствовать,русское
взаимодополнить,русское
взаимозависимый,русское
взаимозачёт,русское
взаимообмен,русское
взаимопомощь,русское
взаимопонимание,русское
взаимоприемлемый,русское
взаиморасчёт,русское
взаимосвязь,русское
взаимоуважение,русское
взаимоувязать,русское
взбежать,русское
взбунтоваться,русское
взва,русское
взвалить,русское
взвесить,русское
взвести,русское
взвестись,русское
взвесь,русское
взвешенный,русское
взвиться,русское
взвод,русское
взвоз,русское
взволнованный,русское
взволновать,русское
взволноваться,русское
взгляд,русское
взглянуть,русское
вздорный,русское
вздох,русское
вздохнуть,русское
вздрагивать,русское
вздрогнуть,русское
вздутие,русское
вздуть,русское
вздуться,русское
вздыбить,русское
вздыбиться,русское
вздымать,русское
вздыхать,русское
взлететь,русское
взлетный,русское
взлом,русское
взломать,русское
взломаться,русское
взломщик,русское
взлёт,русское
взмах,русское
взмахнуть,русское
взмолиться,русское
взморье,русское
взмутить,русское
взмыть,русское
взнос,русское
взнуздать,русское
взобраться,русское
взоить,русское
взорвать,русское
взорваться,русское
взрастить,русское
взреветь,русское
взрослеть,русское
взрослый,русское
взрыв,русское
взрыватель,русское
взрывник,русское
взрывной,русское
взрывоопасный,русское
взрывчатый,русское
взрыть,русское
взрыхлить,русское
взывать,русское
взыграть,русское
взыскание,русское
взыскатель,русское
взыскательный,русское
взыскать,русское
взятка,русское
взяткодатель,русское
взяткополучатель,русское
взяточничество,русское
взять,русское
взяться,русское
ви,заимствованное
виадук,заимствованное
вибратор,заимствованное
вибрафон,заимствованное
вибрафонист,заимствованное
вибрафонный,заимствованное
вибрация,заимствованное
вибрион,русское
вибрировать,заимствованное
виброизолятор,заимствованное
виброизоляция,заимствованное
вибромассаж,заимствованное
вибромассажный,заимствованное
вибротерапевтическия,заимствованное
вибротерапия,заимствованное
виброфон,заимствованное
виварий,русское
виваче,заимствованное
вивисектор,русское
вивисекция,заимствованное
виво,заимствованное
вид,русское
видение,русское
видео,заимствованное
видеоад,русское
видеоадаптер,заимствованное
видеоаппаратура,русское
видеобизнес,заимствованное
видеобластер,заимствованное
видеодать,русское
видеодиск,русское
видеозапись,русское
видеокамера,заимствованное
видеокарта,заимствованное
видеокассета,русское
видеоклип,заимствованное
видеокомплекс,русское
видеомонитор,заимствованное
видеоопера,заимствованное
видеопиратство,русское
видеоплата,заимствованное
видеоплёнка,русское
видеопроцессор,заимствованное
видеоролик,заимствованное
видеоряд,русское
видеосвя,заимствованное
видеосигнал,русское
видеосист,русское
видеосту,русское
видеосъёмка,русское
видеосюжа,русское
видеотехника,заимствованное
видеофильм,заимствованное
видеофрагма,русское
видеть,русское
видеться,русское
виджей,заимствованное
видимость,русское
виднеться,русское
видный,русское
видоизменение,русское
видоизменить,русское
видоизмениться,русское
виза,заимствованное
визави,заимствованное
визаж,заимствованное
визажист,заимствованное
визг,русское
визгливыя,русское
визионерство,русское
визир,русское
визирование,заимствованное
визировать,заимствованное
визирь,заимствованное
визит,заимствованное
визитка,русское
визитёр,русское
визовыя,заимствованное
визуализация,заимствованное
визуализировать,заимствованное
визуальный,заимствованное
визя,русское
викаризм,заимствованное
викарий,заимствованное
виктимблеиминг,заимствованное
виктимизация,заимствованное
виктимность,заимствованное
виктимный,заимствованное
виктимологическия,заимствованное
виктимология,заимствованное
викторин,заимствованное
вилка,русское
вилла,заимствованное
вилы,русское
вилять,русское
вингсить,заимствованное
виндикация,заимствованное
виндсерфингист,заимствованное
виндсерфинговыя,заимствованное
виндсёрфер,заимствованное
виндсёрфинг,заимствованное
винегрет,заимствованное
виниловыя,заимствованное
винить,заимствованное
винный,русское
вино,заимствованное
виноватый,русское
виновник,русское
виновность,русское
виновный,русское
виноград,русское
виноградарство,русское
виноградарь,русское
виноградина,русское
виноградник,русское
винодел,русское
виноделие,русское
винокур,заимствованное
винокурение,русское
виноматериа,заимствованное
виноторговец,русское
винотёк,русское
винт,заимствованное
винтаж,русское
винтажный,заимствованное
винтовка,русское
винтовой,заимствованное
винтокрыл,русское
винтомоторный,русское
винтообразный,русское
винчестер,заимствованное
винчестерный,заимствованное
винчестерския,заимствованное
виньетка,заимствованное
виолента,заимствованное
виолентный,заимствованное
виолончелист,русское
виолончель,заимствованное
виолончельный,заимствованное
вип,заимствованное
вираж,заимствованное
виртуа,заимствованное
виртуализация,заимствованное
виртуализировать,заимствованное
виртуалистика,заимствованное
виртуальность,заимствованное
виртуальный,заимствованное
виртуо,заимствованное
виртуоз,заимствованное
виртуозный,заимствованное
вирулентность,заимствованное
вирулентный,заимствованное
вирус,заимствованное
вирусный,заимствованное
вирусолог,русское
вирусология,русское
виселица,русское
висеть,русское
вискоза,заимствованное
висмут,заимствованное
виснуть,русское
висок,русское
вист,заимствованное
вистовать,заимствованное
висцеральный,заимствованное
висячий,русское
вит,заимствованное
витальный,русское
витамин,заимствованное
витаминизировать,русское
витаминк,русское
витасфера,заимствованное
витать,русское
витиеватый,русское
виток,русское
витраж,заимствованное
витрина,заимствованное
вить,заимствованное
виться,русское
вихрь,русское
вица,заимствованное
вицеадмир,русское
вицепрезида,русское
вицепремья,русское
вич,заимствованное
вишнуизм,заимствованное
вишнуит,заимствованное
вишнуитския,заимствованное
вишня,русское
вищный,русское
вка,заимствованное
вкия,русское
вклад,заимствованное
вкладка,русское
вкладной,русское
вкладчик,русское
вкладыш,русское
вклеик,русское
вклеить,русское
вклеиться,русское
вклинить,русское
вклиниться,русское
включатель,русское
включать,русское
включение,русское
включить,русское
включиться,русское
включённость,русское
вкнуть,заимствованное
вколоть,русское
вкопать,русское
вкопаться,русское
вкорениться,русское
вкп,заимствованное
вкрадчивыя,русское
вкрапить,русское
вкрапиться,русское
вкрапление,русское
вкрасться,русское
вкупе,русское
вкус,русское
вкусный,русское
вкусоаромати,русское
вл,русское
влага,русское
влагалище,русское
влагоемкия,русское
влаголюбивыя,русское
влагомер,русское
влад,русское
владелец,русское
владение,русское
владетель,русское
владеть,русское
владычество,русское
владычествовать,русское
влажный,русское
властвовать,русское
властный,русское
властолюбивыя,русское
власть,русское
влачить,русское
влачиться,русское
влезть,русское
вленный,русское
влететь,русское
влечь,русское
вливание,русское
вливатель,русское
вливающие,русское
влить,русское
влиться,русское
влияние,русское
влиятельный,русское
влиять,русское
вложение,русское
вложить,русское
вложиться,русское
влюбиться,русское
влюбленный,русское
вля,русское
влёт,русское
вмена,русское
вменение,русское
вменить,русское
вменяемый,русское
вмесить,русское
вместилище,русское
вместимость,русское
вместительный,русское
вместить,русское
вместиться,русское
вмешательство,русское
вмешать,русское
вмешаться,русское
вмонтировать,русское
вморозиться,русское
вмятина,русское
вмёрзнуть,русское
вн,русское
внеатмосф,русское
внебрачный,русское
внебюджетный,русское
вневедомственный,русское
внедрить,русское
внедриться,русское
внезапность,русское
внезапный,русское
внеземной,русское
внеклассный,русское
внеконкурсный,русское
внеочередно,русское
внеплановыя,русское
внерыночный,русское
внести,русское
внеурочный,русское
внешкольный,русское
внешнии,русское
внешность,русское
внештатный,русское
вникнуть,русское
внимание,русское
внимательный,русское
внимать,русское
внимый,русское
вность,русское
внук,русское
внутренний,русское
внутренность,русское
внутрикле,русское
внутрисема,русское
внутро,русское
внуть,русское
внучатный,русское
внучатый,русское
внушение,русское
внушительный,русское
внушить,русское
вный,русское
внятный,русское
внять,русское
вобрать,русское
вобраться,русское
вовлечь,русское
вовлечься,русское
вогнать,русское
вогнутость,русское
вогнутый,русское
вогнуть,русское
вода,русское
водасти,заимствованное
водворить,русское
водвориться,русское
водевиль,заимствованное
водевильный,заимствованное
водевить,заимствованное
водитель,русское
водительство,русское
водить,русское
водиться,русское
водка,русское
водник,русское
водность,русское
воднотр,русское
водный,русское
водовод,русское
водовоз,русское
водоворот,русское
водогра,русское
водогреиный,русское
водозабор,русское
водокачка,русское
водокрасовый,русское
водолаз,русское
водолечебница,русское
водолечий,русское
водомер,русское
водомёт,русское
водонасосный,русское
водонепроница,русское
водоносный,русское
водообмен,русское
водоотвод,русское
водоотлив,русское
водоотт,русское
водоохранный,русское
водопад,русское
водоплавающие,русское
водоподъёмник,русское
водопой,русское
водопровод,русское
водопроводчик,русское
водопроницаемый,русское
водораздел,русское
водород,русское
водосброс,русское
водослив,русское
водоснабж,русское
водоснабжение,русское
водоспуск,русское
водостоикия,русское
водосток,русское
водоток,русское
водоупорный,русское
водоходный,русское
водохранилище,русское
водоэмульсио,русское
водоём,русское
водрузить,русское
водянка,русское
воевать,русское
военачальник,русское
военизировать,русское
военком,русское
военкомат,русское
военкор,русское
военновозд,русское
военнообить,русское
военнопленный,русское
военнополевый,русское
военнослужащие,русское
военный,русское
военрук,русское
военспец,русское
вождизм,русское
вождь,русское
воз,русское
возбудимый,русское
возбудитель,русское
возбудить,русское
возбудиться,русское
возбуждение,русское
возбужденный,русское
возведа,русское
возведение,русское
возвеличить,русское
возвести,русское
возвестить,русское
возвратить,русское
возвратиться,русское
возвышаться,русское
возвышение,русское
возвышенность,русское
возглавить,русское
возглас,русское
возгласить,русское
возгонка,русское
возгонять,русское
возгораемый,русское
возд,русское
воздать,русское
воздаться,русское
воздвигнуть,русское
воздвижение,русское
воздеиствие,русское
воздеиствовать,русское
возделать,русское
воздержание,русское
воздержанный,русское
воздержаться,русское
воздеть,русское
воздух,русское
воздуход,русское
воздухозаборник,русское
воздухонагрев,русское
воздухоносный,русское
воздухоплавание,русское
воздухоплаватель,русское
воздухоплавательный,русское
воздушный,русское
воззвание,русское
воззвый,русское
воззрение,русское
возить,русское
возиться,русское
возложить,русское
возлюбленный,русское
возмездие,русское
возмездность,русское
возмездный,русское
возместить,русское
возместиться,русское
возможность,русское
возможный,русское
возмужалый,русское
возмужать,русское
возмутитель,русское
возмутительный,русское
возмутить,русское
возмутиться,русское
возмущение,русское
вознаградить,русское
вознаградиться,русское
вознаграждение,русское
вознамериться,русское
вознегодовать,русское
возненавидеть,русское
возникнуть,русское
возница,русское
возноситься,русское
возо,русское
возобладать,русское
возобновить,русское
возобновиться,русское
возобновляемый,русское
возражение,русское
возразить,русское
возраст,русское
возрасти,русское
возродить,русское
возродиться,русское
возрождение,русское
возчик,русское
возыметь,русское
воилка,русское
воин,русское
воинския,русское
воинственный,русское
воинство,русское
воиско,русское
воить,русское
вок,заимствованное
вокабула,заимствованное
вокал,заимствованное
вокализация,заимствованное
вокализм,русское
вокалист,заимствованное
вокальнохореографическия,русское
вокальный,заимствованное
вокзал,заимствованное
вокзальный,заимствованное
волан,заимствованное
волевой,русское
волеибол,заимствованное
волеиболистый,заимствованное
волеибольный,заимствованное
волеиболя,русское
волеизъявля,русское
волк,русское
волна,русское
волнение,русское
волнистый,русское
волновать,русское
волноваться,русское
волновод,русское
волнолом,русское
волнообразный,русское
волнообразов,русское
волнорез,русское
волокнистый,русское
волокно,русское
волокуша,русское
волонтерския,заимствованное
волонтерство,заимствованное
волонтёр,заимствованное
волос,русское
волосистый,русское
волосной,русское
волосовить,русское
волочный,русское
волочь,русское
волшебный,русское
вольер,заимствованное
вольерный,заимствованное
вольнодумец,русское
вольнодумие,русское
вольнодумный,русское
вольнодумство,русское
вольнолюбие,русское
вольномыслие,русское
вольность,русское
вольный,русское
вольт,заимствованное
вольтижировать,заимствованное
вольтижировка,заимствованное
вольтижировочный,заимствованное
вольтижёр,заимствованное
вольтметр,русское
вольфрам,заимствованное
волюнтаризм,заимствованное
волюнтарист,заимствованное
волюнтаристическия,заимствованное
волюнтаристския,заимствованное
волюта,заимствованное
воля,русское
вонзить,русское
вонзиться,русское
воображать,русское
воображение,русское
вообразить,русское
вообразиться,русское
вообще,заимствованное
воодушевить,русское
воодушевиться,русское
воодушевление,русское
вооружение,русское
вооруженный,русское
вооружить,русское
вооружиться,русское
вооружённость,русское
вопись,русское
вопиять,русское
воплотить,русское
воплотиться,русское
воплощение,русское
вопро,русское
вопрос,русское
вопросительный,русское
вопросить,русское
вопросник,русское
вопрошать,русское
вор,русское
ворваться,русское
воровать,русское
воровство,русское
вороненый,русское
воронить,русское
воронка,русское
воронкообрый,русское
ворота,русское
воротник,русское
вороток,русское
ворс,заимствованное
ворсистый,русское
ворсит,заимствованное
ворсовальный,русское
ворсовать,русское
ворсовой,заимствованное
ворсовыя,заимствованное
ворсолин,заимствованное
ворчать,русское
ворчливыя,русское
вос,русское
восемнадцать,русское
восемь,русское
восемьдесят,русское
восемьсот,русское
воск,русское
воскликнуть,русское
восклицание,русское
восклицательный,русское
восковидный,русское
восковой,русское
воскообразный,русское
воскресение,русское
воскресить,русское
воскресник,русское
воскреснуть,русское
воскрешение,русское
воспаление,русское
воспалить,русское
воспалиться,русское
воспать,русское
воспеть,русское
воспитание,русское
воспитанник,русское
воспитанный,русское
воспитатель,русское
воспитать,русское
воспитываться,русское
воспламенитель,русское
воспламенить,русское
воспламениться,русское
воспламеняемость,русское
воспламеняться,русское
восполнимый,русское
восполнить,русское
воспользоваться,русское
воспоминание,русское
воспрепятствовать,русское
воспретить,русское
восприемник,русское
восприимчивыя,русское
воспринять,русское
восприятие,русское
воспроизвести,русское
воспроизводимость,русское
воспроизводство,русское
воспротивиться,русское
воспрянуть,русское
воспылать,русское
восседать,русское
воссесть,русское
воссиять,русское
воссоединить,русское
воссоединиться,русское
воссоздать,русское
воссоздаться,русское
восстание,русское
восстановитель,русское
восстановительный,русское
восстановить,русское
восстановиться,русское
восстановление,русское
восстановля,русское
восстать,русское
восток,русское
востоковед,русское
востоковедение,русское
восторг,заимствованное
восторгать,русское
восторгаться,русское
восторженный,русское
восторжествовать,русское
восточный,русское
востребованность,русское
востребовать,русское
вость,русское
восубъ,русское
восхвалить,русское
восхитительный,русское
восхитить,русское
восхититься,русское
восхищение,русское
восход,русское
восходитель,русское
восходить,русское
восходящие,русское
восхождение,русское
восшествие,русское
восьмеро,русское
восьмигранник,русское
восьмидесятилетие,русское
восьмидневный,русское
восьмизначный,русское
восьмиклассник,русское
восьмикратный,русское
восьмилетие,русское
восьмимартовския,русское
восьмимесячный,русское
восьмитысячный,русское
восьмиугольник,русское
восьмиугольный,русское
восьмичасовой,русское
восьмиэтажный,русское
восьмой,русское
восьмёрка,русское
вот,заимствованное
вотировать,заимствованное
воткнуть,русское
воткнуться,русское
вотум,заимствованное
вотчина,русское
воцариться,русское
вочник,русское
вочный,русское
вошь,русское
вощеный,русское
вощить,русское
вояж,заимствованное
вояжёр,русское
впадать,русское
впадение,русское
впадина,русское
впалый,русское
впасть,русское
впередсмотрящие,русское
впечатать,русское
впечататься,русское
впечатление,русское
впечатлительный,русское
впечатывание,русское
вписать,русское
вписаться,русское
впитать,русское
впитаться,русское
впиться,русское
впк,русское
вплести,русское
вплестись,русское
вплыть,русское
вползти,русское
впорхнуть,русское
вправить,русское
впрессовать,русское
впрыгнуть,русское
впрыснуть,русское
впрячь,русское
впрячься,русское
впустить,русское
враг,русское
вражда,русское
враждебный,русское
враждовать,русское
вразумительный,русское
вразумить,русское
врасти,русское
вратарь,русское
врач,русское
врачебный,русское
врачевать,русское
вращать,русское
вращаться,русское
вращение,русское
вред,русское
вредитель,русское
вредительство,русское
вредить,русское
вредность,русское
вредный,русское
вредоносный,русское
вреза,русское
врезать,русское
врезаться,русское
врезка,русское
врезной,русское
временный,русское
время,русское
времяисчисл,русское
врио,русское
врожденный,русское
вручить,русское
врыть,русское
врыться,русское
вс,русское
всадить,русское
всадник,русское
всеарма,русское
всеведение,русское
всеведущие,русское
всевидящие,русское
всевить,русское
всевластие,русское
всевластный,русское
всевозможный,русское
вседозволенность,русское
вселенная,русское
вселенския,русское
вселить,русское
вселиться,русское
всемерный,русское
всемилостивыя,русское
всемирноисторическия,русское
всемирный,русское
всенародный,русское
всеобщие,русское
всеобъемлющие,русское
всеохватный,русское
всепланетный,русское
всепогодный,русское
всероссииския,русское
всесильный,русское
всесторонния,русское
вския,русское
вскопать,русское
вскочить,русское
вскрик,русское
вскрикнуть,русское
вскричать,русское
вскрыть,русское
вскрыться,русское
вслушаться,русское
всмотреться,русское
всосать,русское
всосаться,русское
вспахать,русское
вспенить,русское
вспениться,русское
всплеск,русское
всплеснуть,русское
всплыть,русское
всполох,русское
вспомнить,русское
вспомниться,русское
вспомогательный,русское
вспоможение,русское
вспорхнуть,русское
вспотеть,русское
вспрыснуть,русское
вспухнуть,русское
вспыльчивыя,русское
вспыхнуть,русское
вспышка,русское
вставить,русское
вставка,русское
вставной,русское
встать,русское
вственный,русское
вство,русское
встр,русское
встревоженный,русское
встревожить,русское
встревожиться,русское
встрепенуться,русское
встретить,русское
встретиться,русское
встреча,русское
встречаться,русское
встречный,русское
встроить,русское
встроиться,русское
встряска,русское
встряхнуть,русское
встряхнуться,русское
вступительный,русское
вступить,русское
вступиться,русское
вступление,русское
всунуть,русское
всучить,русское
всхлип,русское
всхлипывать,русское
всхожие,русское
всыпать,русское
вт,русское
втачать,русское
втачной,русское
втащить,русское
втереть,русское
втереться,русское
втечь,русское
втирание,русское
вто,русское
втолкнуть,русское
втоптать,русское
вторгнуться,русское
вторить,русское
вторичный,русское
вторник,русское
второ,русское
второй,русское
второстепенный,русское
вторсырьё,русское
втрамбовать,русское
втуз,русское
втулка,русское
втянутый,русское
втянуть,русское
втянуться,русское
вуалировать,русское
вуаль,заимствованное
вуз,заимствованное
вулкан,заимствованное
вулканизатор,русское
вулканизаторщик,русское
вулканизация,заимствованное
вулканизировать,русское
вулканизм,русское
вулканизовать,русское
вулканическия,заимствованное
вулканология,русское
вульва,заимствованное
вульвит,заимствованное
вульвовагинит,заимствованное
вульгаризация,русское
вульгаризировать,русское
вульгаризироваться,русское
вульгаризм,заимствованное
вульгаризовать,русское
вульгарный,заимствованное
вульгата,заимствованное
вундеркинд,заимствованное
вход,русское
входящие,русское
вцепиться,русское
вчерашние,русское
вшивной,русское
вшиися,русское
вшить,русское
вщик,заимствованное
въезд,русское
въесться,русское
въехать,русское
вы,русское
выбежать,русское
выбелить,русское
выбить,русское
выбиться,русское
выбоина,русское
выбор,русское
выборка,русское
выборность,русское
выборный,русское
выборочный,русское
выборщик,русское
выбраковать,русское
выбрасыватель,русское
выбрать,русское
выбраться,русское
выбрить,русское
выбродить,русское
выброс,русское
выбросить,русское
выброситься,русское
выбросноить,русское
выбыть,русское
выварить,русское
выварка,русское
вывезти,русское
выверенный,русское
выверить,русское
вывернуть,русское
вывернуться,русское
вывесить,русское
вывеска,русское
вывести,русское
вывестись,русское
выветрить,русское
выветриться,русское
вывинтить,русское
вывих,русское
вывихнуть,русское
вывод,русское
выводка,русское
выводной,русское
вывоз,русское
вывозить,русское
выгиб,русское
выгладить,русское
выглядеть,русское
выглянуть,русское
выгнать,русское
выгнуть,русское
выговаривать,русское
выговор,русское
выговорить,русское
выгода,русское
выгодный,русское
выгон,русское
выгорание,русское
выгореть,русское
выгородить,русское
выгравировать,русское
выгрести,русское
выгрузить,русское
выгрузиться,русское
выгрызть,русское
выгул,русское
выгулять,русское
выгуляться,русское
выдаваться,русское
выдавить,русское
выдавиться,русское
выдать,русское
выдаться,русское
выдача,русское
выдвигание,русское
выдвигаться,русское
выдвижноить,русское
выдвинуть,русское
выдвинуться,русское
выдворить,русское
выделать,русское
выделение,русское
выделить,русское
выделиться,русское
выделка,русское
выделывать,русское
выделяться,русское
выдержанный,русское
выдержать,русское
выдержка,русское
выдернуть,русское
выдернуться,русское
выдолбить,русское
выдох,русское
выдохнуть,русское
выдохнуться,русское
выдрессировать,русское
выдубить,русское
выдувной,русское
выдумать,русское
выдуматься,русское
выдумка,русское
выдуть,русское
выезд,русское
выездить,русское
выездка,русское
выездной,русское
выемка,русское
выемочный,русское
выесть,русское
выехать,русское
выж,русское
выжать,русское
выжечь,русское
выживаемость,русское
выжимание,русское
выжимка,русское
выжимной,русское
выжить,русское
вызвать,русское
вызваться,русское
вызволить,русское
выздороветь,русское
вызов,русское
вызреть,русское
вызывной,русское
выиграть,русское
выигрыш,русское
выигрышный,русское
выить,русское
вык,русское
выкатать,русское
выкататься,русское
выкатить,русское
выкатиться,русское
выкачать,русское
выкачаться,русское
выкашлять,русское
выкидыш,русское
выкинуть,русское
выкипеть,русское
выключатель,русское
выковать,русское
выковаться,русское
выколоситься,русское
выколотить,русское
выколоть,русское
выкопать,русское
выкормить,русское
выкорчевать,русское
выкосить,русское
выкрасить,русское
выкрасть,русское
выкрик,русское
выкрикнуть,русское
выкристаллизоваться,русское
выкроик,русское
выкроить,русское
выкуп,русское
выкупить,русское
выкупиться,русское
выкурить,русское
выламываться,русское
вылезти,русское
вылезть,русское
вылепить,русское
вылететь,русское
вылечить,русское
вылечиться,русское
вылить,русское
вылиться,русское
вылов,русское
выловить,русское
выложить,русское
выломать,русское
выломаться,русское
выломиться,русское
вылупиться,русское
вылупление,русское
вылущить,русское
вымазать,русское
выменять,русское
вымереть,русское
вымерзнуть,русское
вымерить,русское
вымесить,русское
выместить,русское
вымогатель,русское
вымогательство,русское
вымогать,русское
вымоина,русское
вымокнуть,русское
вымолить,русское
вымолотить,русское
выморить,русское
выморозить,русское
выморочный,русское
вымостить,русское
вымочить,русское
вымпел,заимствованное
вымучить,русское
вымывной,русское
вымысел,русское
вымыслить,русское
вымыть,русское
вымыться,русское
вымышленный,русское
вынести,русское
вынестись,русское
вынос,русское
выносить,русское
выноситься,русское
выноска,русское
выносливыя,русское
выносной,русское
вынудить,русское
вынужденный,русское
вынуть,русское
вынуться,русское
вынырнуть,русское
выпад,русское
выпадать,русское
выпарить,русское
выпариться,русское
выпас,русское
выпасаться,русское
выпасти,русское
выпасть,русское
выпахать,русское
выпереть,русское
выпестовать,русское
выпечка,русское
выпечь,русское
выпечься,русское
выпивать,русское
выпилить,русское
выпирать,русское
выписать,русское
выписаться,русское
выписка,русское
выписывать,русское
выпить,русское
выплавить,русское
выплавиться,русское
выплавка,русское
выплата,русское
выплатить,русское
выплескать,русское
выплескаться,русское
выплеснуть,русское
выплеснуться,русское
выплести,русское
выплестись,русское
выплыть,русское
выплюнуть,русское
выпоить,русское
выползти,русское
выполнимый,русское
выполнить,русское
выполниться,русское
выпорхнуть,русское
выпот,русское
выпотрошить,русское
выправить,русское
выправка,русское
выпреть,русское
выпросить,русское
выпрыгнуть,русское
выпрямитель,русское
выпрямить,русское
выпрямиться,русское
выпрячь,русское
выпрячься,русское
выпукловогнутый,русское
выпуклость,русское
выпуклый,русское
выпуск,русское
выпускник,русское
выпустить,русское
выпутать,русское
выработать,русское
выработаться,русское
выработка,русское
выражать,русское
выражаться,русское
выражение,русское
выразитель,русское
выразительный,русское
выразить,русское
выразиться,русское
вырасти,русское
вырастить,русское
вырвать,русское
вырваться,русское
вырез,русское
вырезать,русское
вырезаться,русское
вырезка,русское
вырисоваться,русское
выровнять,русское
выровняться,русское
выродиться,русское
выронить,русское
вырост,русское
выростноить,русское
вырубить,русское
вырубка,русское
вырулить,русское
выручить,русское
выручка,русское
выс,русское
высадить,русское
высадиться,русское
высадка,русское
высверлить,русское
высверлиться,русское
высветить,русское
высвободить,русское
высвободиться,русское
высев,русское
выселить,русское
выселиться,русское
выселок,русское
высечь,русское
высеять,русское
высидеть,русское
выситься,русское
высказать,русское
высказаться,русское
высказывание,русское
выскоблить,русское
выскользнуть,русское
выскочить,русское
выслать,русское
выследить,русское
выслуга,русское
выслушать,русское
высматривать,русское
высмеять,русское
высмотреть,русское
высовывание,русское
высокия,русское
высокоавтоматизь,русское
высокоактивный,русское
высокобелковыя,русское
высокобортный,русское
высоковольтный,русское
высокогорный,русское
высокогорье,русское
высокогуманный,русское
высокоинтеллектуа,русское
высококалори,русское
высококачественный,русское
высококлассный,русское
высоколегированный,русское
высокомасличный,русское
высокомерие,русское
высокомерный,русское
высоконр,русское
высокообразый,русское
высокопарный,русское
высокопост,русское
высокопробный,русское
высокопрочный,русское
высокоразвитый,русское
высокотехнолог,русское
высокотехнуть,русское
высокотравный,русское
высокочтимый,русское
высокоэффекть,русское
высота,русское
высотник,русское
высотный,русское
высотом,русское
высохнуть,русское
выставить,русское
выставка,русское
выставляться,русское
выстирать,русское
выстлать,русское
выстоять,русское
выстраданный,русское
выстрадать,русское
выстрел,русское
выстрелить,русское
выстричь,русское
выстрогать,русское
выстроить,русское
выстроиться,русское
выстругать,русское
выстукивать,русское
выступ,русское
выступать,русское
выступить,русское
выступление,русское
высунуть,русское
высунуться,русское
высушить,русское
высушиться,русское
высчитать,русское
высшие,русское
высый,русское
высыпать,русское
высыпаться,русское
вытащить,русское
вытащиться,русское
вытекать,русское
вытереть,русское
вытереться,русское
вытерпеть,русское
вытесать,русское
вытеснитель,русское
вытеснить,русское
вытечь,русское
вытиснить,русское
выткать,русское
вытолкнуть,русское
вытоптать,русское
выточить,русское
вытравить,русское
вытравиться,русское
вытребовать,русское
вытрезвитель,русское
вытрезвить,русское
вытрясти,русское
вытряхнуть,русское
выть,русское
вытягивание,русское
вытягивать,русское
вытяжка,русское
вытянуть,русское
вытянуться,русское
выудить,русское
выучить,русское
выучиться,русское
выучка,русское
вых,русское
выхватить,русское
выхлопноить,русское
выход,русское
выходец,русское
выходить,русское
выходка,русское
выходной,русское
выхолостить,русское
выхухоль,русское
выцвести,русское
вычеркнуть,русское
вычерпать,русское
вычертить,русское
вычесать,русское
вычесть,русское
вычет,русское
вычислитель,русское
вычислительный,русское
вычислить,русское
вычистить,русское
вычиститься,русское
вычита,русское
вычитание,русское
вычитать,русское
вычленить,русское
вычурный,русское
вышеизложенный,русское
вышелушить,русское
вышеназванный,русское
вышесказанный,русское
вышестоящие,русское
вышеуказанный,русское
вышеупомянутый,русское
вышибной,русское
вышивальный,русское
вышивальщик,русское
вышивание,русское
вышивка,русское
вышина,русское
вышить,русское
вышка,русское
вышкомонтажник,русское
выщелочить,русское
выщелочиться,русское
выщипать,русское
выя,русское
выявить,русское
выявиться,русское
выяснить,русское
выясниться,русское
вьюга,русское
вьюк,заимствованное
вя,русское
вязальный,русское
вязальщик,русское
вязание,русское
вязаный,русское
вязать,русское
вязаться,русское
вязка,русское
вязкия,русское
вязнуть,русское
вяленый,русское
вялить,русское
вяловатый,русское
вялый,русское
вянуть,русское
вёрстка,русское
га,заимствованное
габардин,заимствованное
габардиновыя,заимствованное
габари,русское
габарит,заимствованное
габаритный,заимствованное
габбро,заимствованное
габбровыя,заимствованное
габион,заимствованное
габионный,заимствованное
габитус,русское
гавань,заимствованное
гавот,заимствованное
гагат,заимствованное
гагатовыя,заимствованное
гадалка,русское
гадание,русское
гадать,русское
гаджет,русское
гадость,русское
газ,заимствованное
газават,заимствованное
газгольдер,заимствованное
газгольдерный,заимствованное
газелия,заимствованное
газель,заимствованное
газета,заимствованное
газетный,заимствованное
газирование,заимствованное
газированный,заимствованное
газировать,заимствованное
газировка,заимствованное
газификатор,русское
газификация,заимствованное
газифицировать,заимствованное
газлаитинг,заимствованное
газлифт,заимствованное
газлифтный,заимствованное
газлифтовыя,заимствованное
газо,заимствованное
газоанализ,русское
газобетон,заимствованное
газобетонный,заимствованное
газоблок,заимствованное
газоблочный,заимствованное
газовать,русское
газовоз,русское
газовщик,русское
газовыя,заимствованное
газогенера,заимствованное
газогенератор,заимствованное
газогенераторный,заимствованное
газодизель,заимствованное
газодизельный,заимствованное
газодинамика,русское
газодобытчик,русское
газоконденсат,русское
газометр,русское
газон,заимствованное
газонепроница,русское
газонный,заимствованное
газоносный,русское
газообмен,русское
газообразный,русское
газоотводный,русское
газоочистка,русское
газоп,русское
газоперек,русское
газоперераб,русское
газопровод,русское
газопроявля,заимствованное
газораспределить,заимствованное
газосборный,русское
газосветный,русское
газофазный,русское
газохранить,русское
газырь,заимствованное
гаи,заимствованное
гаида,заимствованное
гаидлаин,заимствованное
гаик,русское
гаиковерт,русское
гаиморитный,заимствованное
гаиморить,заимствованное
гак,заимствованное
гала,заимствованное
галактика,заимствованное
галактическия,заимствованное
галантереиный,заимствованное
галантерея,заимствованное
галантность,заимствованное
галантный,заимствованное
галереиный,заимствованное
галереищик,заимствованное
галерея,заимствованное
галеристый,заимствованное
галета,заимствованное
галетный,заимствованное
галечник,русское
галиматья,заимствованное
галит,заимствованное
галитовыя,заимствованное
галифе,заимствованное
галла,заимствованное
галлицизм,заимствованное
галлон,русское
галлюцинация,заимствованное
галлюцинировать,заимствованное
галлюциноген,заимствованное
галлюциногенный,заимствованное
галлюциноз,русское
гало,заимствованное
галоген,заимствованное
галогенный,заимствованное
галогеновыя,заимствованное
галоп,заимствованное
галопировать,заимствованное
галочка,русское
галоша,заимствованное
галошница,заимствованное
галошный,заимствованное
галс,заимствованное
галстук,заимствованное
галстучный,заимствованное
галтель,заимствованное
галтовка,русское
галун,заимствованное
галунный,заимствованное
галургия,русское
гальвани,заимствованное
гальванизация,заимствованное
гальванизированный,заимствованное
гальванизировать,заимствованное
гальваник,заимствованное
гальваническия,заимствованное
гальвано,заимствованное
гальванометр,русское
гальванопластика,заимствованное
гальванопластическия,заимствованное
гальванота,русское
галька,русское
гальюн,заимствованное
галёрка,заимствованное
гамак,заимствованное
гамбит,заимствованное
гамбитный,заимствованное
гамбургер,заимствованное
гамета,заимствованное
гаметный,заимствованное
гамма,заимствованное
гаммадефектоскопить,русское
гаммаизлуч,русское
гаммаква,заимствованное
гамматерапеть,заимствованное
ганаш,заимствованное
ганглиевыя,заимствованное
ганглий,заимствованное
гангрена,заимствованное
гангренозный,заимствованное
гандбол,заимствованное
гандболист,заимствованное
гандбольный,заимствованное
гандикап,заимствованное
гандикапный,заимствованное
гантель,заимствованное
гантельный,заимствованное
ганч,заимствованное
гаплоид,заимствованное
гаплоидный,заимствованное
гараж,заимствованное
гаражный,заимствованное
гарант,заимствованное
гарантииный,заимствованное
гарантированный,заимствованное
гарантировать,заимствованное
гарантия,заимствованное
гаргулья,заимствованное
гарда,русское
гардероб,заимствованное
гардеробный,заимствованное
гардеробщик,заимствованное
гардина,заимствованное
гарем,заимствованное
гаремный,заимствованное
гармонизация,заимствованное
гармонизировать,заимствованное
гармонизовать,заимствованное
гармоника,заимствованное
гармонировать,заимствованное
гармонист,заимствованное
гармонистския,заимствованное
гармоническия,заимствованное
гармоничность,заимствованное
гармоничный,заимствованное
гармония,заимствованное
гарнизон,заимствованное
гарнизонный,заимствованное
гарнир,заимствованное
гарнирный,заимствованное
гарнит,заимствованное
гарнитур,заимствованное
гарнитура,заимствованное
гарнитурный,заимствованное
гарпун,заимствованное
гарпунить,заимствованное
гарпунный,заимствованное
гарпунщик,заимствованное
гарпунёр,заимствованное
гарсон,заимствованное
гарт,заимствованное
гарус,заимствованное
гарусный,заимствованное
гарцевать,русское
гарь,заимствованное
гаситель,русское
гасить,русское
гаснуть,русское
гаспачо,заимствованное
гастарбаитер,русское
гастрит,заимствованное
гастритный,заимствованное
гастро,заимствованное
гастролировать,заимствованное
гастролог,заимствованное
гастрологическия,заимствованное
гастрология,заимствованное
гастроль,заимствованное
гастрольный,заимствованное
гастролёр,заимствованное
гастроном,заимствованное
гастрономическия,заимствованное
гастрономия,заимствованное
гастроптоз,русское
гастроскоп,заимствованное
гастроскопия,заимствованное
гастроэнтерит,русское
гастроэнтерологическия,заимствованное
гастроэнтерология,заимствованное
гатель,заимствованное
гатить,русское
гать,русское
гаубица,заимствованное
гаудеамус,заимствованное
гауптвахта,заимствованное
гафний,русское
гашетка,русское
гашиш,заимствованное
гашишный,заимствованное
гвардеец,заимствованное
гвардеиския,заимствованное
гвардия,заимствованное
гвоздильный,русское
гвоздодёр,русское
гвоздь,заимствованное
ге,заимствованное
гебраизм,заимствованное
гебраист,заимствованное
гебраистика,заимствованное
гегемон,заимствованное
гегемонизм,заимствованное
гегемонистския,заимствованное
гегемония,заимствованное
гедонизм,заимствованное
гедонист,заимствованное
гедонистическия,заимствованное
геенна,заимствованное
геизер,заимствованное
геизерный,заимствованное
геимера,заимствованное
геить,заимствованное
геиш,заимствованное
гекатомба,русское
гекзаметр,заимствованное
гекзаметрическия,заимствованное
гексаген,заимствованное
гексагеновыя,заимствованное
гексанита,русское
гексахлор,заимствованное
гексаэдр,заимствованное
гектар,заимствованное
гектарный,заимствованное
гекто,заимствованное
гектограф,заимствованное
гектографирование,заимствованное
гектографированный,заимствованное
гектографировать,заимствованное
гектографическия,заимствованное
гектолитр,русское
гелевыя,заимствованное
гелиевыя,заимствованное
гелий,заимствованное
геликон,заимствованное
геликоновыя,заимствованное
гелио,заимствованное
гелиоцентереть,русское
гель,заимствованное
гельминт,заимствованное
гельминтоз,заимствованное
гельминтолог,заимствованное
гельминтологическия,заимствованное
гельминтология,заимствованное
гемангиома,заимствованное
гемартроз,русское
гематит,заимствованное
гематитовыя,заимствованное
гематоген,заимствованное
гематогенный,заимствованное
гематоксилин,русское
гематолог,заимствованное
гематологическия,заимствованное
гематология,заимствованное
гематома,заимствованное
гематурия,русское
гемблинга,заимствованное
гемма,заимствованное
геммология,русское
гемоглобин,заимствованное
гемоглобинный,заимствованное
гемоглобиновыя,заимствованное
гемоглобиноп,русское
гемодиализ,русское
гемодинамика,русское
гемолиз,русское
гемолизин,русское
гемолимфа,русское
гемометр,русское
геморрагическия,заимствованное
геморрагия,заимствованное
геморроидальный,заимствованное
геморроиный,заимствованное
геморрой,заимствованное
гемостаз,заимствованное
гемостатическия,заимствованное
гемотерапевтическия,заимствованное
гемотерапия,заимствованное
гемотрансфузиология,заимствованное
гемотрансфузионный,заимствованное
гемотрансфузия,заимствованное
гемофилическия,заимствованное
гемофилия,заимствованное
ген,заимствованное
генацвале,заимствованное
гендер,заимствованное
гендерный,заимствованное
генеалогия,русское
генезис,заимствованное
генерал,заимствованное
генерализация,заимствованное
генерализировать,заимствованное
генерализироваться,русское
генерализованный,заимствованное
генерализовать,заимствованное
генерализоваться,русское
генералиссимус,заимствованное
генералитет,заимствованное
генеральный,заимствованное
генеральския,заимствованное
генеральство,заимствованное
генеративный,заимствованное
генератор,заимствованное
генерация,заимствованное
генерировать,заимствованное
генерироваться,русское
генети,русское
генетик,заимствованное
генетика,заимствованное
генетическия,заимствованное
гениа,русское
гениальный,заимствованное
гений,заимствованное
гениталии,заимствованное
генитальный,заимствованное
генитив,заимствованное
генитивный,заимствованное
генный,заимствованное
генокод,заимствованное
геном,заимствованное
геномик,заимствованное
геномный,заимствованное
генотерапевтическия,заимствованное
генотерапия,заимствованное
генотип,заимствованное
генотипирование,заимствованное
генотипировать,заимствованное
генофонд,заимствованное
геноцид,заимствованное
геншт,заимствованное
гео,заимствованное
геоактивный,заимствованное
геобиосфера,заимствованное
геобиосферный,заимствованное
геоботаник,заимствованное
геоботаническия,заимствованное
географ,заимствованное
географическия,заимствованное
география,заимствованное
геодезист,заимствованное
геодезическия,заимствованное
геодезия,заимствованное
геокриоть,заимствованное
геолог,заимствованное
геологическия,заимствованное
геология,заимствованное
геомагнести,заимствованное
геомагнетизм,заимствованное
геомагнетическия,заимствованное
геомагнитный,заимствованное
геомагнитосфера,заимствованное
геометрическия,заимствованное
геометрия,заимствованное
геоморфоть,заимствованное
геопатогенный,заимствованное
геопластика,заимствованное
геополитика,заимствованное
геополитическия,заимствованное
геополитолог,заимствованное
геосистема,заимствованное
геострата,заимствованное
геосфе,заимствованное
геосфера,заимствованное
геосферный,заимствованное
геотерма,русское
геотермальный,заимствованное
геотермическия,заимствованное
геотермия,заимствованное
геофизик,заимствованное
геофизическия,заимствованное
геохимическия,заимствованное
геохимия,заимствованное
геоцентереть,русское
геоцентрическия,заимствованное
геоэколо,заимствованное
геоэкологическия,заимствованное
геоэкология,заимствованное
гепари,русское
гепарин,заимствованное
гепариновыя,заимствованное
гепати,заимствованное
гепатит,заимствованное
гепатитный,заимствованное
гера,русское
геральдика,заимствованное
геральдистый,заимствованное
геральдическия,заимствованное
гераниевый,русское
гераниола,русское
герб,заимствованное
гербарий,заимствованное
гербарный,заимствованное
гербицид,заимствованное
гербовыя,заимствованное
гериатр,заимствованное
гериатрическия,заимствованное
гериатрия,заимствованное
геркулес,русское
герма,заимствованное
германец,русское
германизировать,русское
германист,русское
германистика,русское
германия,русское
германофил,русское
гермафродит,заимствованное
гермафродитизм,заимствованное
гермафродитный,заимствованное
герменевтика,заимствованное
герменевтическия,заимствованное
герметизация,заимствованное
герметизированный,заимствованное
герметизировать,заимствованное
герметизироваться,русское
герметизм,заимствованное
герметик,заимствованное
герметическия,заимствованное
герметичность,заимствованное
герметичный,заимствованное
гермошль,заимствованное
героизировать,русское
героизм,заимствованное
героика,заимствованное
героин,заимствованное
героиновыя,заимствованное
героиня,русское
героиския,заимствованное
героиство,заимствованное
героиствовать,заимствованное
героическия,заимствованное
героичный,заимствованное
герой,заимствованное
герольдия,русское
герольдмеистер,русское
геронто,заимствованное
геронтократ,заимствованное
геронтократия,заимствованное
геронтолог,заимствованное
геронтологическия,заимствованное
геронтология,заимствованное
геронтопсихологическия,заимствованное
геронтопсихология,заимствованное
геростратовския,русское
герпес,заимствованное
герпесный,заимствованное
герпетическия,заимствованное
герр,заимствованное
герц,заимствованное
герцог,заимствованное
герцогиня,заимствованное
герцогския,заимствованное
герцогство,заимствованное
герь,заимствованное
гестапо,заимствованное
гет,заимствованное
гетеро,заимствованное
гетерогенность,заимствованное
гетерогенный,заимствованное
гетерономия,русское
гетеросексуал,заимствованное
гетеросексуализм,заимствованное
гетеросексуальность,заимствованное
гетеросексуальный,заимствованное
гетероструктура,заимствованное
гетероструктурный,заимствованное
гетеротроф,заимствованное
гетеротрофность,заимствованное
гетеротрофный,заимствованное
гетры,заимствованное
гетто,заимствованное
гешефт,заимствованное
гешт,русское
гештальт,заимствованное
гештальтпсихология,заимствованное
ги,заимствованное
гиалуроновыя,заимствованное
гиацинт,заимствованное
гиацинтовыя,заимствованное
гибдд,русское
гибельный,русское
гибискус,заимствованное
гибкия,русское
гибнуть,русское
гибочный,русское
гибрид,заимствованное
гибридизация,заимствованное
гибридный,заимствованное
гиг,заимствованное
гигабаит,заимствованное
гигабаитный,заимствованное
гигабаитовыя,заимствованное
гигабит,заимствованное
гигабитный,заимствованное
гигабитовыя,заимствованное
гигант,заимствованное
гигантизм,заимствованное
гигантомания,заимствованное
гигантския,заимствованное
гигиена,заимствованное
гигиенист,русское
гигиеническия,заимствованное
гигиеничный,заимствованное
гигро,заимствованное
гигрометр,русское
гигроскопическия,заимствованное
гигроскопичность,заимствованное
гигроскопичный,заимствованное
гигростат,заимствованное
гид,заимствованное
гидовския,заимствованное
гидравлик,русское
гидравлика,заимствованное
гидравлическия,заимствованное
гидрант,заимствованное
гидрат,русское
гидратация,русское
гидрид,русское
гидрирование,заимствованное
гидрировать,заимствованное
гидрироваться,русское
гидро,заимствованное
гидроака,русское
гидроаэробика,заимствованное
гидроаэродрый,заимствованное
гидробиоть,заимствованное
гидрогель,заимствованное
гидрогенизация,заимствованное
гидрогенизировать,заимствованное
гидрограф,русское
гидрографическия,заимствованное
гидрография,заимствованное
гидродина,заимствованное
гидродинамика,заимствованное
гидродинамическия,заимствованное
гидроизолировать,заимствованное
гидроизолятор,заимствованное
гидроизоляционный,заимствованное
гидроизоляция,заимствованное
гидрокарбонат,заимствованное
гидрокомбинезо,заимствованное
гидрокортизон,русское
гидрокостюм,заимствованное
гидрокостя,заимствованное
гидрокрекинг,русское
гидроксид,русское
гидроксил,русское
гидролиз,русское
гидролог,заимствованное
гидрологическия,заимствованное
гидрология,заимствованное
гидролока,заимствованное
гидромассаж,заимствованное
гидромассажный,заимствованное
гидрометаллург,заимствованное
гидрометеоро,русское
гидрометеорологическия,заимствованное
гидрометеорология,заимствованное
гидрометеостанция,заимствованное
гидрометеоцентр,заимствованное
гидрометрическия,заимствованное
гидрометрия,заимствованное
гидрометцентр,заимствованное
гидромонитый,русское
гидронавт,русское
гидроокись,русское
гидропоника,заимствованное
гидропоническия,заимствованное
гидропонный,заимствованное
гидропресс,русское
гидропривод,русское
гидропульт,русское
гидрорес,заимствованное
гидросамолёт,русское
гидросиловой,русское
гидросмыв,русское
гидростанция,русское
гидростат,русское
гидростатика,русское
гидростроить,заимствованное
гидросфера,заимствованное
гидросферный,заимствованное
гидротерапеть,русское
гидротехник,заимствованное
гидротехническия,заимствованное
гидроузел,русское
гидроусить,заимствованное
гидрофильный,русское
гидрофицированный,русское
гидрофоб,русское
гидрофобия,русское
гидрофобный,русское
гидрофон,русское
гидрохимия,русское
гидроцефалия,заимствованное
гидроцикл,заимствованное
гидроэлектростанция,заимствованное
гидроэн,заимствованное
гидроэнергетик,заимствованное
гидроэнергетическия,заимствованное
гидроэнергия,заимствованное
гиена,русское
гилозоизм,русское
гильдия,заимствованное
гильза,заимствованное
гильотина,заимствованное
гильотинирование,заимствованное
гильотинировать,заимствованное
гильотинка,заимствованное
гильотинный,заимствованное
гимн,заимствованное
гимнази,русское
гимназист,заимствованное
гимназическия,заимствованное
гимназия,заимствованное
гимнаст,заимствованное
гимнастика,заимствованное
гимнастическия,заимствованное
гимнастка,заимствованное
гимнастёрка,русское
гимнография,заимствованное
гинеколог,заимствованное
гинекологическия,заимствованное
гинекология,заимствованное
гинекомастие,русское
гипер,заимствованное
гипербола,заимствованное
гиперболизировать,заимствованное
гиперболизм,заимствованное
гиперболическия,заимствованное
гиперболичный,заимствованное
гиперболоид,заимствованное
гипергидроза,русское
гипердактилия,заимствованное
гиперемия,русское
гиперзвук,русское
гиперинфляция,русское
гипермаркет,заимствованное
гиперон,заимствованное
гиперонить,заимствованное
гиперплазия,русское
гиперссылка,заимствованное
гиперссылочный,заимствованное
гипертекст,заимствованное
гипертекстовыя,заимствованное
гипертензия,заимствованное
гипертермия,русское
гипертоник,заимствованное
гипертоническия,заимствованное
гипертония,заимствованное
гипертонус,заимствованное
гипертрофированный,заимствованное
гипертрофировать,заимствованное
гипертрофироваться,русское
гипертрофическия,заимствованное
гипертрофия,заимствованное
гиперфункция,русское
гипноз,заимствованное
гипнотизерския,заимствованное
гипнотизировать,заимствованное
гипнотизирующие,заимствованное
гипнотизм,заимствованное
гипнотизёр,заимствованное
гипнотическия,заимствованное
гипо,заимствованное
гипоаллергенный,заимствованное
гипогликемическия,заимствованное
гипогликемия,заимствованное
гиподактилия,заимствованное
гиподинамия,заимствованное
гиподонтий,заимствованное
гипокинезти,заимствованное
гипоксия,заимствованное
гипоплазия,русское
гипостазировать,русское
гипоталамус,русское
гипоталый,русское
гипотеза,заимствованное
гипотензивный,заимствованное
гипотензия,заимствованное
гипотенуза,заимствованное
гипотермия,русское
гипотетическия,заимствованное
гипотетичный,заимствованное
гипотиреоз,русское
гипотоник,заимствованное
гипотоническия,заимствованное
гипотония,заимствованное
гипотрихий,заимствованное
гипотрихоз,заимствованное
гипофиз,русское
гипофункция,русское
гипрок,заимствованное
гипрочный,заимствованное
гипс,заимствованное
гипсование,заимствованное
гипсовать,заимствованное
гипсовыя,заимствованное
гипсокартон,заимствованное
гипсокартонный,заимствованное
гипсокартоновыя,заимствованное
гипсометрия,русское
гипфель,заимствованное
гипюр,заимствованное
гипюровыя,заимствованное
гир,заимствованное
гирлянда,заимствованное
гирляндный,заимствованное
гирокомпас,заимствованное
гироплан,заимствованное
гироскоп,заимствованное
гироскопическия,заимствованное
гироскопия,заимствованное
гироскутер,заимствованное
гиря,русское
гистамин,заимствованное
гистаминный,заимствованное
гистаминовыя,заимствованное
гистерезис,заимствованное
гистероскопия,русское
гисто,заимствованное
гистограмма,заимствованное
гистолог,заимствованное
гистологическия,заимствованное
гистология,заимствованное
гистохимия,русское
гит,заимствованное
гитара,заимствованное
гитарист,заимствованное
гитаристския,заимствованное
гитарный,заимствованное
гифа,русское
гиюра,заимствованное
гия,заимствованное
гкия,русское
гл,заимствованное
гла,русское
глава,заимствованное
главенство,русское
главенствовать,русское
главк,заимствованное
главком,русское
главнокомандование,русское
главнокомандующие,русское
главный,русское
глагол,русское
гладильный,русское
гладильщик,русское
гладильщица,русское
гладиолус,русское
гладить,русское
гладкия,русское
гладкоствольный,русское
гладкошерстный,русское
гладкошерстый,русское
гладь,русское
глаз,русское
глазет,заимствованное
глазетовыя,заимствованное
глазированный,заимствованное
глазировать,заимствованное
глазировка,русское
глазница,русское
глазной,русское
глазо,русское
глазок,русское
глазома,русское
глазомер,русское
глазомерный,русское
глазурный,заимствованное
глазуровать,заимствованное
глазурь,заимствованное
глазчатый,русское
глазый,русское
гламур,заимствованное
гламурный,заимствованное
гланда,заимствованное
глас,русское
гласить,русское
гласность,русское
гласный,русское
глаукома,заимствованное
глаукомный,заимствованное
глетчер,заимствованное
глетчерный,заимствованное
гликемия,заимствованное
гликоген,русское
гликолиз,русское
глина,русское
глинистый,русское
глинище,русское
глинобитный,русское
глиноземистый,русское
глинозём,русское
глиномешалка,русское
глинтвеин,заимствованное
глиняный,русское
глиптика,заимствованное
глиссад,заимствованное
глиссер,заимствованное
глиссерный,заимствованное
глиссировать,русское
глист,русское
глицерин,заимствованное
глицериновыя,заимствованное
глобализация,заимствованное
глобализировать,русское
глобализироваться,русское
глобализм,заимствованное
глобалиста,заимствованное
глобалистик,заимствованное
глобальный,заимствованное
глобулин,заимствованное
глобус,русское
глодать,русское
глокализация,заимствованное
глокализм,заимствованное
глокальный,заимствованное
глосса,русское
глоссарий,заимствованное
глоссит,русское
глосся,заимствованное
глотать,русское
глотка,русское
глотнуть,русское
глоттогенез,заимствованное
глохнуть,русское
глу,заимствованное
глубина,русское
глубинный,русское
глубиномер,русское
глубокия,русское
глубоководный,русское
глубоководье,русское
глубокоуваж,русское
глубь,русское
глумиться,русское
глумливыя,русское
глупеть,русское
глупость,русское
глупый,русское
глухонемо,русское
глухонемои,русское
глухонемота,русское
глухота,русское
глушитель,русское
глушить,русское
глушь,русское
глыба,русское
глый,русское
глюкоза,заимствованное
глютен,заимствованное
глютеновыя,заимствованное
глянец,заимствованное
глянцевальный,заимствованное
глянцеватый,заимствованное
глянцевать,заимствованное
глянцевитый,заимствованное
глянцевыя,заимствованное
гляс,заимствованное
гляциолог,заимствованное
гляциологическия,заимствованное
гляциология,заимствованное
гнать,русское
гнаться,русское
гнев,русское
гневаться,русское
гневить,русское
гневный,русское
гнездиться,русское
гнездо,русское
гнездоваться,русское
гнездовье,русское
гнеис,заимствованное
гнеисовыя,заимствованное
гнести,русское
гнилой,русское
гнилостный,русское
гниль,русское
гнить,русское
гноеродный,русское
гнозис,заимствованное
гноиникнуть,русское
гноить,русское
гноиться,русское
гном,заимствованное
гносеологическия,заимствованное
гносеология,заимствованное
гностик,заимствованное
гностицизм,заимствованное
гностическия,заимствованное
гнуть,русское
гнуться,русское
гнушаться,русское
гнёт,заимствованное
го,заимствованное
гобелен,заимствованное
гобеленовыя,заимствованное
гобоиный,заимствованное
гобоист,заимствованное
гобой,заимствованное
говор,русское
говорить,русское
говориться,русское
говорливыя,русское
говядина,русское
гоголь,русское
год,заимствованное
годиться,русское
годичный,русское
годный,русское
годов,русское
годовалый,русское
годовщина,русское
гои,заимствованное
гол,заимствованное
голбол,заимствованное
голболист,заимствованное
голбольный,заимствованное
голгофа,заимствованное
голеадора,заимствованное
голевой,заимствованное
голенастый,русское
голенище,русское
голень,русское
голкипер,заимствованное
голова,русское
головка,русское
головной,русское
головокружение,русское
головокружительный,русское
головоломка,русское
головоломный,русское
головчатый,русское
головыя,русское
голограмма,заимствованное
голографическия,заимствованное
голография,заимствованное
голод,русское
голодание,русское
голодать,русское
голодный,русское
голодовка,русское
гололедица,русское
гололёд,русское
голос,заимствованное
голосистый,русское
голосить,заимствованное
голословный,русское
голосование,русское
голосовать,русское
голосоваться,русское
голосыя,русское
голоцен,заимствованное
голоценовыя,заимствованное
голубеобрый,русское
голубиный,русское
голубой,русское
голубь,русское
голубятня,русское
голый,русское
гольмий,русское
гольф,заимствованное
гольфистския,заимствованное
гольфистый,заимствованное
гольфовыя,заимствованное
гомео,заимствованное
гомеопат,заимствованное
гомеопатическия,заимствованное
гомеопатия,заимствованное
гомеостаз,заимствованное
гомеостазис,заимствованное
гомерическия,русское
гоминид,русское
гоминоид,русское
гомогенность,заимствованное
гомогенный,заимствованное
гомозигота,русское
гомологичный,русское
гомология,русское
гомосексуа,русское
гомосексуализм,заимствованное
гомосексуалист,заимствованное
гомосексуальный,заимствованное
гомый,заимствованное
гон,заимствованное
гонада,русское
гонг,заимствованное
гондола,заимствованное
гондольер,заимствованное
гонение,русское
гонитель,русское
гонка,русское
гоноко,заимствованное
гонококк,русское
гонор,заимствованное
гонорар,заимствованное
гонорея,русское
гонт,заимствованное
гонтина,заимствованное
гонтовой,заимствованное
гончар,русское
гонщик,русское
гонять,русское
гоняться,русское
гора,русское
горбить,русское
горбиться,русское
горбоносыя,русское
гордиться,русское
гордость,русское
гордый,русское
гордыня,русское
горе,русское
горевать,русское
горелка,русское
горелый,русское
горельеф,заимствованное
горельефный,заимствованное
горестный,русское
гореть,русское
горечь,русское
горизо,русское
горизонт,заимствованное
горизонталь,заимствованное
горизонтальный,заимствованное
горисполко,русское
гористый,русское
горка,русское
горком,русское
горло,русское
горловина,русское
горловой,русское
гормон,заимствованное
гормональный,русское
гормонотерапевтическия,заимствованное
гормонотерапия,заимствованное
горн,заимствованное
горнист,заимствованное
горнодобыв,русское
горнолыжник,русское
горнолыжный,русское
горнопром,русское
горнопромышленность,русское
горный,русское
горняк,русское
город,заимствованное
горожанин,русское
гороскоп,заимствованное
гороскопный,заимствованное
горошек,русское
гортань,русское
горчица,русское
горшок,русское
горючесм,русское
горючий,русское
горячий,русское
горячить,русское
горячиться,русское
горячка,русское
горячность,русское
госаппара,русское
госбезоп,русское
госдеп,русское
госзак,русское
госорган,русское
госпеть,заимствованное
госпитализация,заимствованное
госпитализировать,заимствованное
госпитализироваться,заимствованное
госпиталь,заимствованное
госпитальный,заимствованное
господин,русское
господство,русское
господствовать,русское
госпредприя,русское
госпрогра,русское
госсова,русское
гост,русское
гостеприимный,русское
гостиница,русское
гостить,русское
гостия,заимствованное
гостный,русское
гость,русское
госуд,русское
государственник,русское
государственновластный,русское
государственноправовой,русское
государственность,русское
государственный,русское
государство,русское
государствообраз,русское
государь,русское
госэкзамен,русское
гот,заимствованное
готика,заимствованное
готическия,заимствованное
готовальня,заимствованное
готовить,русское
готовиться,русское
готовность,русское
готовыя,русское
готския,заимствованное
гофр,заимствованное
гофрировальный,заимствованное
гофрирование,заимствованное
гофрированный,заимствованное
гофрировать,заимствованное
гофрировка,заимствованное
гр,заимствованное
грабитель,русское
грабить,русское
грабли,русское
грабёж,русское
гравелита,русское
граверный,заимствованное
граверския,заимствованное
гравииный,заимствованное
гравий,заимствованное
гравилат,русское
гравиметр,русское
гравиметрия,русское
гравирование,заимствованное
гравировать,заимствованное
гравировка,заимствованное
гравировочный,заимствованное
гравировщик,заимствованное
гравитационный,заимствованное
гравитация,заимствованное
гравитон,русское
гравюра,заимствованное
гравёр,заимствованное
град,русское
градация,заимствованное
гради,русское
градиент,заимствованное
градиентный,заимствованное
градирня,заимствованное
градировать,русское
градобитие,русское
градобь,русское
градозащита,русское
градоначальник,русское
градостроение,русское
градостроитель,русское
градостроительство,русское
градуальный,русское
градуировать,русское
градус,заимствованное
градусник,заимствованное
градусный,заимствованное
гражданин,русское
гражданка,русское
гражданския,русское
гражданственность,русское
гражданственный,русское
гражданство,русское
грамицидин,русское
грамм,заимствованное
грамматика,заимствованное
грамматическия,заимствованное
граммофон,заимствованное
граммофонный,заимствованное
грамота,заимствованное
грамотный,заимствованное
грампластинка,заимствованное
гран,заимствованное
гранат,заимствованное
гранатовыя,заимствованное
гранатомёт,русское
гранатомётчик,русское
гранд,заимствованное
грандиозный,заимствованное
граненый,русское
гранильщик,русское
гранит,заимствованное
гранитный,заимствованное
гранитоль,русское
гранить,русское
граница,русское
граничить,русское
гранка,русское
гранозана,русское
грант,заимствованное
грантовыя,заимствованное
гранула,заимствованное
гранулирование,заимствованное
гранулированный,заимствованное
гранулировать,заимствованное
гранулить,заимствованное
гранулометрия,русское
гранульный,заимствованное
грануляция,заимствованное
гранулёма,русское
грань,русское
грапп,заимствованное
грассировать,заимствованное
граф,заимствованное
график,заимствованное
графика,заимствованное
графин,заимствованное
графиня,заимствованное
графит,заимствованное
графитный,заимствованное
графитовыя,заимствованное
графить,русское
графическия,заимствованное
графление,заимствованное
графленый,заимствованное
графолог,заимствованное
графологическия,заимствованное
графология,заимствованное
графоман,заимствованное
графомания,заимствованное
графоманския,заимствованное
графопострой,заимствованное
графския,заимствованное
графство,заимствованное
граффити,заимствованное
грациозность,заимствованное
грациозный,заимствованное
грация,заимствованное
гребенка,русское
гребенчатый,русское
гребень,русское
гребец,русское
гребля,русское
гребневик,русское
гребнистый,русское
гребной,русское
гребок,русское
греидерный,заимствованное
греидёр,заимствованное
греипфрут,заимствованное
греипфрутовыя,заимствованное
греифер,русское
грелка,русское
грем,заимствованное
греметь,русское
гремучий,русское
гремучник,русское
грена,русское
гренадин,заимствованное
гренка,русское
грести,русское
греть,русское
греться,русское
грех,заимствованное
греховный,русское
грехопадение,русское
гречиха,русское
гречневыя,русское
грешить,русское
гриб,русское
гризаилить,заимствованное
гриль,заимствованное
грильяж,заимствованное
грим,заимствованное
гримаса,заимствованное
гримасничать,русское
гримерный,заимствованное
гримерския,заимствованное
гримировальный,заимствованное
гримировать,заимствованное
гримёр,заимствованное
гримёрка,заимствованное
гримёрный,заимствованное
гринмеилер,заимствованное
гринмеить,заимствованное
грипп,заимствованное
грипповать,заимствованное
гриппозный,заимствованное
гриф,заимствованное
грифель,заимствованное
грифон,заимствованное
гроб,русское
гробница,русское
грог,заимствованное
гроза,русское
грозить,русское
грозный,русское
гром,заимствованное
громадный,русское
громить,русское
громкия,русское
громкоговорить,русское
громовой,русское
громовый,русское
громогласный,русское
громоздкия,русское
громоотвод,русское
гроссмеистер,заимствованное
гроссмеистерския,заимствованное
грот,заимствованное
гротеск,заимствованное
гротескный,заимствованное
гротесковыя,заимствованное
грохот,русское
грохотать,русское
грубить,русское
грубость,русское
грубошерстный,русское
грубый,русское
груда,русское
грудина,русское
грудинка,русское
грудка,русское
грудной,русское
грудь,русское
груженый,русское
груз,русское
грузить,русское
грузиться,русское
грузнуть,русское
грузный,русское
грузовик,русское
грузовлад,русское
грузовместить,русское
грузозахв,русское
грузооборот,русское
грузоотправить,русское
грузоподъемный,русское
грузоподъёмник,русское
грузоподъёмность,русское
грузополуч,русское
грузопоток,русское
грузчик,русское
грунт,заимствованное
грунтовать,заимствованное
грунтоведение,заимствованное
грунтовка,заимствованное
грунтовой,заимствованное
грунтовочный,заимствованное
группа,заимствованное
группировать,заимствованное
группироваться,заимствованное
группировка,заимствованное
групповой,русское
грустить,русское
грустный,русское
грусть,русское
груша,русское
грушевидный,русское
грыжа,русское
грызть,русское
грызться,русское
грызун,русское
грэс,русское
гряда,русское
грядка,русское
грядущие,русское
грязелечий,русское
грязнуть,русское
грязный,русское
грязь,русское
грянуть,русское
гство,русское
гто,русское
гть,заимствованное
гу,русское
гуава,заимствованное
гуавовыя,заимствованное
гуакомоль,заимствованное
гуано,заимствованное
гуашь,заимствованное
губа,русское
губернатор,русское
губернаторство,русское
губерния,русское
губительный,русское
губить,русское
губка,русское
гувернантка,заимствованное
гувернантския,заимствованное
гувернерския,заимствованное
гувернёр,заимствованное
гудеть,русское
гудок,русское
гудро,русское
гудрон,заимствованное
гудронатор,русское
гудронировать,русское
гужевой,русское
гул,русское
гулкия,русское
гулять,русское
гуляш,заимствованное
гуманизация,заимствованное
гуманизировать,русское
гуманизироваться,русское
гуманизм,заимствованное
гуманист,заимствованное
гуманистическия,заимствованное
гуманитарий,заимствованное
гуманитарный,заимствованное
гуманность,заимствованное
гуманный,заимствованное
гуманоид,заимствованное
гумат,заимствованное
гумми,заимствованное
гуммиарабик,русское
гуморальный,русское
гумус,заимствованное
гумусовыя,заимствованное
гурман,заимствованное
гурманския,заимствованное
гурманство,заимствованное
гурт,заимствованное
гуру,заимствованное
гусеница,русское
гусиный,русское
густой,русское
гусь,русское
гуттаперча,заимствованное
гуттаперчевыя,заимствованное
гуцинь,заимствованное
гуща,русское
гхи,заимствованное
гэс,русское
гювече,заимствованное
да,заимствованное
дабла,заимствованное
давальческия,русское
давать,русское
давильный,русское
давильщик,русское
давить,русское
давиться,русское
давка,русское
давление,русское
давнии,русское
давность,русское
дадаизм,заимствованное
дадаист,заимствованное
даивер,заимствованное
даивинга,заимствованное
даивинговыя,заимствованное
даиджест,заимствованное
даиджестирование,заимствованное
даиджестировать,заимствованное
даиджестный,заимствованное
даикири,заимствованное
даикона,заимствованное
дакрон,заимствованное
дакроновыя,заимствованное
дактилировать,заимствованное
дактилическия,заимствованное
дактилокарта,заимствованное
дактилологическия,заимствованное
дактилология,заимствованное
дактилоскопирование,заимствованное
дактилоскопировать,заимствованное
дактилоскопист,заимствованное
дактилоскопическия,заимствованное
дактилоскопия,заимствованное
дактиль,заимствованное
дактильный,заимствованное
дактить,заимствованное
далай,заимствованное
далекия,русское
далеко,русское
дальневосточный,русское
дальнеишие,русское
дальнии,русское
дальний,русское
дальнобоиный,русское
дальновидный,русское
дальнозоркия,русское
дальномер,русское
дальность,русское
дальтонизм,заимствованное
дальтоник,заимствованное
дама,русское
дамба,заимствованное
дамка,русское
даммара,заимствованное
даммаровыя,заимствованное
дамп,заимствованное
дампинг,заимствованное
дампирование,заимствованное
дампировать,заимствованное
дамския,русское
дан,русское
данность,русское
данство,русское
дантист,заимствованное
дантофобия,заимствованное
дао,заимствованное
даос,заимствованное
даосизм,заимствованное
даосическия,заимствованное
даосския,заимствованное
дар,русское
дарвинизм,заимствованное
даритель,русское
дарить,русское
даркнуть,заимствованное
дарование,русское
даровать,русское
даровитый,русское
даровой,русское
дарохранительница,русское
дарсонвализация,заимствованное
дарственный,русское
дартс,заимствованное
дартсмена,заимствованное
дастархан,заимствованное
дата,русское
датаграмма,заимствованное
датирование,заимствованное
датировать,заимствованное
датироваться,заимствованное
дато,заимствованное
датчик,русское
дать,заимствованное
даун,заимствованное
дацан,заимствованное
дача,русское
дачник,русское
дв,заимствованное
два,заимствованное
двенадцать,русское
двести,русское
двигатель,русское
двигательный,русское
двигать,русское
двигаться,русское
движение,русское
движимость,русское
движимый,русское
движитель,русское
движок,русское
двинуть,русское
дво,заимствованное
двое,русское
двоеборец,русское
двоеборье,русское
двоебрачие,русское
двоевластие,русское
двоежёнство,русское
двоемыслие,русское
двоеточие,русское
двоик,русское
двоиникнуть,русское
двоиной,русское
двоиня,русское
двоиственный,русское
двоить,русское
двоиться,русское
двоичный,русское
двор,русское
дворец,русское
дворник,русское
дворовыя,русское
дворянин,русское
двоюродный,русское
двоякия,русское
двояковогнутый,русское
двуглавыя,русское
двугранный,русское
двудомный,русское
двуединый,русское
двузначный,русское
двузубый,русское
двукратный,русское
двукрылый,русское
двулетник,русское
двуликия,русское
двулистный,русское
двуличие,русское
двуличность,русское
двуличный,русское
двуногия,русское
двуокись,русское
двуосновный,русское
двупалый,русское
двуполье,русское
двурогий,русское
двуручный,русское
двусветный,русское
двускатный,русское
двусмысленный,русское
двусоставный,русское
двуспальный,русское
двуствольный,русское
двустворчатый,русское
двусторонния,русское
двутавровыя,русское
двууглекислый,русское
двухатомный,русское
двухвалентный,русское
двухвековой,русское
двухгодичный,русское
двухголовыя,русское
двухдневный,русское
двухжильный,русское
двухкамерный,русское
двухкассетный,русское
двухквартирный,русское
двухколеиный,русское
двухкомнатный,русское
двухкомплектный,русское
двухлетнии,русское
двухместный,русское
двухмесячный,русское
двухнедельный,русское
двухосновный,русское
двухосный,русское
двухпалатный,русское
двухпартииный,русское
двухполюсный,русское
двухпутный,русское
двухразовыя,русское
двухрядный,русское
двухсветный,русское
двухскатный,русское
двухсло,русское
двухслоиный,русское
двухсме,заимствованное
двухсменный,русское
двухсотля,русское
двухсотый,русское
двухспальный,русское
двухствольный,русское
двухсторонния,русское
двухсуточный,русское
двухтактный,русское
двухтомный,русское
двухтопливный,русское
двухтысячело,русское
двухтысячный,русское
двухцветный,русское
двухчасовой,русское
двухъярусный,русское
двухэтажный,русское
двучлен,русское
двуязычие,русское
двуязычный,русское
дданный,русское
де,заимствованное
деалкоголизация,русское
деаэратор,русское
деаэрация,заимствованное
деаэрировать,русское
дебаркадер,заимствованное
дебатировать,заимствованное
дебаты,заимствованное
дебет,заимствованное
дебетовать,заимствованное
дебетовыя,заимствованное
дебильность,заимствованное
дебит,заимствованное
дебитор,заимствованное
дебиторския,заимствованное
деблокировать,русское
дебош,русское
дебошир,русское
дебоширить,русское
дебоширство,русское
дебри,русское
дебюрократизировать,русское
дебют,заимствованное
дебютант,заимствованное
дебютантския,заимствованное
дебютировать,заимствованное
дебютный,заимствованное
деваис,русское
девальвация,заимствованное
девальвировать,заимствованное
девальвироваться,заимствованное
девастация,заимствованное
девелопер,заимствованное
девелоперския,заимствованное
девелопмент,заимствованное
деверь,русское
девиант,заимствованное
девиантность,заимствованное
девиантный,заимствованное
девиация,заимствованное
девиз,заимствованное
девичество,русское
девон,заимствованное
девонския,заимствованное
девочка,русское
девственник,русское
девственность,русское
девственный,русское
девушка,русское
девяносто,русское
девяностолетие,русское
девятеро,русское
девятикратный,русское
девятка,русское
девятнадцать,русское
девятый,русское
девять,русское
девятьсот,русское
дегазатор,русское
дегазация,заимствованное
дегази,заимствованное
дегазировать,русское
дегельминтизация,заимствованное
дегенерат,заимствованное
дегенеративный,заимствованное
дегенерация,заимствованное
дегидратация,заимствованное
дегидратировать,русское
дегидрировать,русское
деградация,заимствованное
деградировать,заимствованное
дегуманизация,русское
дегустатор,заимствованное
дегустационный,заимствованное
дегустация,заимствованное
дегустировать,заимствованное
дед,заимствованное
дедолларизация,заимствованное
дедуктивный,заимствованное
дедукция,заимствованное
дедуцировать,русское
дедушка,русское
деепричастие,русское
дееспособность,русское
дееспособный,русское
дежавю,заимствованное
дежурить,русское
дежурный,русское
дежурство,русское
деза,заимствованное
дезабилье,заимствованное
дезавуирование,заимствованное
дезавуировать,заимствованное
дезадаптировать,русское
дезактиватор,русское
дезактивационный,заимствованное
дезактивация,заимствованное
дезактивировать,заимствованное
дезерот,заимствованное
дезертир,заимствованное
дезертировать,заимствованное
дезертирския,заимствованное
дезертирство,заимствованное
дезидераты,заимствованное
дезина,заимствованное
дезинвазия,русское
дезинсектировать,заимствованное
дезинсектор,заимствованное
дезинсекция,русское
дезинтегратор,заимствованное
дезинтеграционный,заимствованное
дезинтеграция,заимствованное
дезинтегрировать,заимствованное
дезинфектор,заимствованное
дезинфекционист,русское
дезинфекционный,заимствованное
дезинфекция,заимствованное
дезинфицировать,заимствованное
дезинфицироваться,русское
дезинформационный,заимствованное
дезинформация,заимствованное
дезинформирование,заимствованное
дезинформировать,заимствованное
дезодорант,заимствованное
дезодоратор,заимствованное
дезодорация,заимствованное
дезодорированный,заимствованное
дезодорировать,заимствованное
дезорганизатор,заимствованное
дезорганизация,заимствованное
дезорганизовать,заимствованное
дезорганизовывать,русское
дезориентация,заимствованное
дезориенти,заимствованное
дезориентировать,заимствованное
дезориентироваться,заимствованное
деидеологизация,заимствованное
деизм,русское
деиксис,заимствованное
деиктическия,заимствованное
деиндустриализация,русское
деинсталлировать,заимствованное
деинсталляция,заимствованное
деиственный,русское
деиствие,русское
деиствительность,русское
деиствительный,русское
деиство,русское
деиствовать,русское
деисус,заимствованное
деитаграмм,заимствованное
деитерия,заимствованное
дек,заимствованное
декада,заимствованное
декаданс,заимствованное
декадент,заимствованное
декадентския,заимствованное
декадентство,заимствованное
декадный,русское
декалог,заимствованное
декалькомания,русское
декан,заимствованное
деканат,заимствованное
деканския,заимствованное
деканство,заимствованное
декантировать,русское
декатировать,русское
декатлоно,заимствованное
декаэдр,заимствованное
деквалификация,русское
деквалифицироваться,русское
декламатор,заимствованное
декламационный,заимствованное
декламация,заимствованное
декламировать,заимствованное
декларант,заимствованное
декларативность,заимствованное
декларативный,заимствованное
декларационный,заимствованное
декларация,заимствованное
декларировать,заимствованное
деклассированный,заимствованное
деклассировать,русское
декодер,заимствованное
декодирование,заимствованное
декодировать,заимствованное
деколонизация,русское
деколонизировать,русское
декольте,заимствованное
декольтированный,заимствованное
декомпенсация,заимствованное
декомпенсированный,заимствованное
декомпилировать,заимствованное
декомпиляция,заимствованное
декомпозиция,русское
декомпрессионный,заимствованное
декомпрессия,заимствованное
деконструктивизм,заимствованное
деконструктивистския,заимствованное
деконструкция,заимствованное
декор,заимствованное
декоративный,заимствованное
декоратор,заимствованное
декорация,заимствованное
декорировать,заимствованное
декорт,русское
декорум,заимствованное
декорь,русское
декрет,заимствованное
декретировать,русское
декретный,заимствованное
декриминализировать,русское
декстрин,заимствованное
декупаж,заимствованное
делание,русское
делатель,русское
делать,русское
делаться,русское
делегант,заимствованное
делегат,заимствованное
делегационный,заимствованное
делегация,заимствованное
делегирование,заимствованное
делегировать,заимствованное
деление,русское
делец,русское
деликатес,заимствованное
деликатесный,заимствованное
деликатничать,заимствованное
деликатность,заимствованное
деликатный,заимствованное
деликт,заимствованное
делимитация,заимствованное
делимитировать,русское
делимость,русское
делинквент,заимствованное
делирия,заимствованное
делитель,русское
делить,русское
делиться,русское
дело,русское
деловитый,русское
деловить,русское
деловой,русское
делопроизводить,русское
делопроизводство,русское
дельный,русское
дельта,заимствованное
дельтаплан,заимствованное
дельтапланеризм,заимствованное
дельтапланерист,заимствованное
дельфинарий,заимствованное
делювий,русское
делюкс,заимствованное
делянка,русское
демагог,заимствованное
демагогическия,заимствованное
демагогичный,заимствованное
демагогия,заимствованное
демаркационный,заимствованное
демаркация,заимствованное
демаркетинг,заимствованное
демарш,заимствованное
демаскировать,заимствованное
демаскироваться,заимствованное
дематериализация,русское
дематериализовать,русское
дематериализоваться,русское
деменция,заимствованное
демеркуризация,заимствованное
демилитаризация,заимствованное
демилитаризировать,русское
демилитаризованный,заимствованное
демилитаризовать,заимствованное
деминерализация,русское
деминерализовать,русское
демисезонный,заимствованное
демистификация,русское
демистифицировать,русское
демиург,заимствованное
демифологизация,русское
демифологизировать,русское
демобилизационный,заимствованное
демобилизация,заимствованное
демобилизованный,русское
демобилизовать,заимствованное
демобилизоваться,заимствованное
демоверсия,заимствованное
демограф,русское
демографическия,заимствованное
демография,заимствованное
демодулятор,русское
демократ,заимствованное
демократизация,заимствованное
демократизировать,заимствованное
демократизироваться,русское
демократизм,русское
демократическия,заимствованное
демократичность,заимствованное
демократичный,заимствованное
демократия,заимствованное
демон,заимствованное
демонетизация,русское
демоническия,заимствованное
демонология,заимствованное
демонополизация,заимствованное
демонстрант,заимствованное
демонстративный,заимствованное
демонстратор,заимствованное
демонстрационный,заимствованное
демонстрация,заимствованное
демонстрировать,заимствованное
демонтаж,заимствованное
демонтировать,заимствованное
деморализация,заимствованное
деморализованный,заимствованное
деморализовать,заимствованное
демотиватор,заимствованное
демпинг,заимствованное
демпинговать,заимствованное
демпинговыя,заимствованное
демпфер,заимствованное
демпфирование,заимствованное
демпфировать,заимствованное
демуниципализировать,русское
демутация,заимствованное
денатурализовать,русское
денатурат,заимствованное
денатурация,заимствованное
денатурированный,заимствованное
денатурировать,заимствованное
денатурить,русское
денационализация,заимствованное
денационализи,русское
денационализировать,русское
дендрарий,заимствованное
дендрит,русское
дендрология,заимствованное
денежка,русское
денежный,русское
дение,заимствованное
денить,заимствованное
деноминация,заимствованное
денонсация,заимствованное
денонсировать,русское
денотат,заимствованное
дентин,заимствованное
денудация,заимствованное
день,русское
деньга,русское
деонтическия,русское
деонтология,русское
департамент,заимствованное
деперсонализировать,русское
депеша,заимствованное
депилятор,заимствованное
депиляция,заимствованное
депо,заимствованное
деповския,заимствованное
депозит,заимствованное
депозитарий,заимствованное
депозитарный,заимствованное
депозитный,заимствованное
деполяризация,русское
депонент,русское
депонирование,заимствованное
депонировать,заимствованное
депопуляция,заимствованное
депортация,заимствованное
депортировать,заимствованное
депрессант,заимствованное
депрессивный,заимствованное
депрессия,заимствованное
депривация,заимствованное
депрофессионализация,русское
депут,русское
депутат,заимствованное
депутатския,заимствованное
депутация,русское
дератиза,заимствованное
дератизация,заимствованное
дерби,заимствованное
дервиш,заимствованное
дерганый,русское
деревенеть,русское
деревенския,русское
деревня,русское
дерево,русское
деревообделочный,русское
деревообраб,русское
деревянистый,русское
деревянный,русское
держава,русское
держатель,русское
держать,русское
держаться,русское
держка,русское
дерзать,русское
дерзить,русское
дерзкия,русское
дерзновенный,русское
дерзость,русское
дериват,заимствованное
дериватив,заимствованное
деривация,заимствованное
дерма,заимствованное
дерматин,заимствованное
дерматит,заимствованное
дерматоглифика,русское
дерматоз,заимствованное
дерматолог,заимствованное
дерматология,заимствованное
дернина,русское
дернистый,русское
деррик,заимствованное
десант,заимствованное
десантировать,заимствованное
десантироваться,русское
десантник,заимствованное
десантный,заимствованное
десерт,заимствованное
десертный,заимствованное
десикант,заимствованное
десикация,заимствованное
десить,русское
дескриптивный,заимствованное
дескриптор,заимствованное
дескрипторный,заимствованное
дескрипция,заимствованное
десктоп,заимствованное
десна,русское
десорбировать,заимствованное
десорбционный,заимствованное
десорбция,заимствованное
деспот,заимствованное
деспотизм,заимствованное
деспотическия,русское
деспотичность,заимствованное
деспотичный,заимствованное
деспотия,заимствованное
дестабилизатор,заимствованное
дестабилизационный,заимствованное
дестабилизация,заимствованное
дестабилизировать,заимствованное
дестабилизироваться,заимствованное
дество,русское
деструктивный,заимствованное
деструктор,заимствованное
деструкция,заимствованное
десюдепорт,заимствованное
десятеро,русское
десятидневный,русское
десятикопа,русское
десятикратный,русское
десятилетие,русское
десятилетние,русское
десятичный,русское
десятка,русское
десяток,русское
десятый,русское
десять,русское
детализация,заимствованное
детализировать,заимствованное
детализироваться,заимствованное
детализовать,русское
деталь,заимствованное
детальность,заимствованное
детальный,заимствованное
детдо,заимствованное
детеилинга,заимствованное
детектив,заимствованное
детективный,заимствованное
детектор,заимствованное
детериорация,заимствованное
детерминант,заимствованное
детерминация,русское
детерминизм,заимствованное
детерминировать,заимствованное
детерминист,русское
детерминологизация,заимствованное
детище,русское
детокс,заимствованное
детоксикация,русское
детонатор,заимствованное
детонаторный,заимствованное
детонация,заимствованное
детонирование,русское
детонировать,заимствованное
детородный,русское
деторождение,русское
детоубииство,русское
детоубиица,русское
детрит,заимствованное
детския,русское
детство,русское
деть,русское
деться,русское
детёныш,русское
деурбанизация,заимствованное
дефакто,русское
дефекация,заимствованное
дефект,заимствованное
дефективный,заимствованное
дефектный,заимствованное
дефектолог,заимствованное
дефектология,заимствованное
дефектоскоп,заимствованное
дефектоскопия,заимствованное
дефектур,русское
дефи,русское
дефибриллятор,заимствованное
дефибрилляция,заимствованное
дефиле,заимствованное
дефилировать,заимствованное
дефиниция,заимствованное
дефиня,русское
дефис,заимствованное
дефицит,заимствованное
дефицитарный,заимствованное
дефицитный,заимствованное
дефлектор,заимствованное
дефлорация,заимствованное
дефлятор,русское
дефляция,заимствованное
дефолиант,заимствованное
дефолиация,заимствованное
дефолт,заимствованное
деформация,заимствованное
деформированный,заимствованное
деформировать,заимствованное
деформироваться,заимствованное
деформируемость,русское
дефрагментация,заимствованное
дефрагментировать,заимствованное
децентрализация,заимствованное
децентрализованный,заимствованное
децентрализовать,заимствованное
деци,заимствованное
децибел,заимствованное
дециль,русское
децима,заимствованное
децимальный,русское
дециметр,заимствованное
дешеветь,русское
дешевизна,русское
дешевыя,русское
дешифратор,заимствованное
дешифрация,заимствованное
дешифрировать,русское
дешифровать,заимствованное
деюр,русское
дея,заимствованное
деяние,русское
деятель,русское
деятельность,русское
деятельный,русское
джаз,заимствованное
джазмен,заимствованное
джазовыя,заимствованное
джаить,заимствованное
джакузи,заимствованное
джамаат,заимствованное
джампер,заимствованное
джампинг,заимствованное
джангл,заимствованное
джафаризм,заимствованное
джафарит,заимствованное
джафаритския,заимствованное
джеггинс,заимствованное
джезвый,заимствованное
джекпот,заимствованное
джема,заимствованное
джемпер,заимствованное
джентльмен,заимствованное
джентльменския,заимствованное
джентльменство,русское
джентрификация,заимствованное
джерси,заимствованное
джести,заимствованное
джет,заимствованное
джетлаг,заимствованное
джиббер,заимствованное
джиббинга,заимствованное
джигит,заимствованное
джигитовка,заимствованное
джина,заимствованное
джинн,заимствованное
джинсовыя,заимствованное
джинсы,заимствованное
джип,заимствованное
джипинг,заимствованное
джиу,заимствованное
джихад,заимствованное
джихади,заимствованное
джихадизм,русское
джо,русское
джоббер,заимствованное
джоггера,заимствованное
джоггинг,заимствованное
джоистик,заимствованное
джокер,заимствованное
джолли,заимствованное
джоуль,заимствованное
джунгли,заимствованное
джут,заимствованное
джутовыя,заимствованное
дзен,заимствованное
дзот,заимствованное
дзюдо,заимствованное
дзюдоист,заимствованное
ди,заимствованное
диабаз,русское
диабет,заимствованное
диабетик,заимствованное
диабетическия,заимствованное
диагноз,заимствованное
диагност,заимствованное
диагностик,русское
диагностика,заимствованное
диагностировать,заимствованное
диагностическия,заимствованное
диагональ,заимствованное
диагональный,заимствованное
диаграмма,заимствованное
диадема,заимствованное
диакон,заимствованное
диаконски,заимствованное
диакритическия,заимствованное
диалект,заимствованное
диалектизм,заимствованное
диалектик,русское
диалектика,заимствованное
диалектическия,заимствованное
диалектичный,русское
диалектный,заимствованное
диалектология,заимствованное
диализ,заимствованное
диализатор,русское
диализировать,заимствованное
диализный,заимствованное
диалог,заимствованное
диалогическия,заимствованное
диалоговыя,заимствованное
диамагнетизм,заимствованное
диамагнитный,заимствованное
диаметр,заимствованное
диаметральный,заимствованное
диапазон,заимствованное
диапазонный,заимствованное
диапауза,заимствованное
диапозитив,заимствованное
диапроектор,заимствованное
диарея,заимствованное
диаскоп,заимствованное
диаспора,заимствованное
диастола,заимствованное
диатез,заимствованное
диатермия,заимствованное
диатоника,заимствованное
диатоническия,заимствованное
диафаноскопия,заимствованное
диафильм,заимствованное
диафония,заимствованное
диафрагма,заимствованное
диафрагмальный,заимствованное
диафрагмировать,заимствованное
диафрагмовыя,заимствованное
диахроническия,заимствованное
диахрония,заимствованное
дибазол,русское
дивакцина,заимствованное
диван,русское
диверг,русское
дивергентный,заимствованное
дивергенция,заимствованное
диверсант,заимствованное
диверсантския,заимствованное
диверсионный,заимствованное
диверсификация,заимствованное
диверсифицировать,заимствованное
диверсия,заимствованное
дивертисмент,заимствованное
дивиденд,заимствованное
дивидендный,заимствованное
дивизион,заимствованное
дивизионный,заимствованное
дивизия,заимствованное
дивёрса,русское
диггер,заимствованное
диггерския,заимствованное
диггерство,заимствованное
дигитаизер,заимствованное
диглоссия,заимствованное
дигрессионный,заимствованное
дигрессировать,заимствованное
дигрессия,заимствованное
дидактизм,заимствованное
дидактик,заимствованное
дидактическия,заимствованное
дидактичный,заимствованное
диджеиския,заимствованное
диджей,заимствованное
диджитал,заимствованное
дие,заимствованное
диез,заимствованное
диезный,заимствованное
диета,заимствованное
диетолог,заимствованное
диетологическия,заимствованное
диетология,заимствованное
диетотерапевт,заимствованное
диетотерапеть,заимствованное
диетотерапия,заимствованное
дижестив,заимствованное
дижестивный,заимствованное
диз,заимствованное
дизаин,заимствованное
дизаинер,заимствованное
дизаинерския,заимствованное
дизартрия,заимствованное
дизель,заимствованное
дизельный,заимствованное
дизентерииный,заимствованное
дизентерия,заимствованное
дизлаик,заимствованное
дизурия,заимствованное
дизъюнкция,заимствованное
дик,русское
дикия,русское
диковинный,русское
дикорастущие,русское
диксиленд,заимствованное
диктант,заимствованное
диктат,заимствованное
диктатор,заимствованное
диктаторския,заимствованное
диктатура,заимствованное
диктовать,заимствованное
диктовка,заимствованное
диктор,заимствованное
дикторския,заимствованное
диктофо,русское
диктофон,заимствованное
дикция,заимствованное
дилататор,заимствованное
дилатация,заимствованное
дилатометр,заимствованное
дилатометрия,заимствованное
дилемма,заимствованное
дилер,заимствованное
дилерския,заимствованное
дилетант,заимствованное
дилетантизм,заимствованное
дилетантския,заимствованное
дилетантство,русское
дилинга,заимствованное
дилинговыя,заимствованное
дилогия,заимствованное
диминутить,заимствованное
диминуэ,заимствованное
диморфизм,заимствованное
диморфный,заимствованное
димость,русское
динамизм,заимствованное
динамик,заимствованное
динамика,заимствованное
динамит,заимствованное
динамическия,заимствованное
динамичный,заимствованное
динамометр,заимствованное
динамометрия,русское
династическия,заимствованное
династия,заимствованное
динозавр,заимствованное
диод,заимствованное
диодный,заимствованное
диоксин,русское
диоптр,заимствованное
диоптрииный,заимствованное
диоптрия,заимствованное
диорама,заимствованное
дипкурьер,русское
диплом,заимствованное
дипломант,заимствованное
дипломат,заимствованное
дипломатика,русское
дипломатическия,заимствованное
дипломатичный,заимствованное
дипломатия,заимствованное
дипломник,русское
дипломный,заимствованное
диплопия,заимствованное
дипсомания,заимствованное
диптанк,заимствованное
диптих,заимствованное
дипфеик,заимствованное
директ,заимствованное
директива,заимствованное
директивный,заимствованное
директор,заимствованное
директорат,русское
директория,заимствованное
директорство,заимствованное
директриса,заимствованное
дирекция,заимствованное
дирижабль,заимствованное
дирижирование,заимствованное
дирижировать,заимствованное
дирижёр,заимствованное
диризать,русское
дис,русское
дисбактериоз,заимствованное
дисбаланс,заимствованное
дисбалансировать,русское
дисгармонировать,русское
дисгармоничный,русское
дисгармония,заимствованное
диск,заимствованное
дискант,заимствованное
дисквалификационный,заимствованное
дисквалификация,заимствованное
дисквалифицировать,заимствованное
дисквалифицироваться,русское
дискета,заимствованное
дисклеимера,русское
диско,заимствованное
дискобол,заимствованное
дисковод,русское
дисковыя,заимствованное
дискография,русское
дискомфорт,заимствованное
дискомфортный,заимствованное
дисконт,заимствованное
дисконтировать,русское
дисконтный,заимствованное
дискос,заимствованное
дискотека,заимствованное
дискредитация,заимствованное
дискредитировать,заимствованное
дискретизировать,русское
дискретность,заимствованное
дискретный,заимствованное
дискреционный,русское
дискреция,русское
дискриминант,заимствованное
дискриминационный,заимствованное
дискриминация,заимствованное
дискриминировать,заимствованное
дискурс,заимствованное
дискурси,русское
дискурсивный,заимствованное
дискурсный,заимствованное
дискуссио,русское
дискуссионный,заимствованное
дискуссировать,русское
дискуссия,заимствованное
дискутант,русское
дискутировать,заимствованное
дислокационный,заимствованное
дислокация,заимствованное
дислоцировать,русское
дислоцироваться,заимствованное
дисменорея,заимствованное
дисмнезия,заимствованное
диспансер,заимствованное
диспансеризация,заимствованное
диспансерный,заимствованное
диспепсия,заимствованное
диспергировать,заимствованное
дисперсионный,заимствованное
дисперсия,заимствованное
дисперсность,заимствованное
дисперсный,заимствованное
диспетчер,заимствованное
диспетчеризация,русское
диспетчерская,заимствованное
диспетчерския,заимствованное
дисплазия,заимствованное
дисплеиный,заимствованное
дисплей,заимствованное
диспноэ,заимствованное
диспозитивность,заимствованное
диспозитивный,заимствованное
диспозиция,заимствованное
диспрозий,заимствованное
диспропорция,заимствованное
диспут,заимствованное
диспутант,русское
диспутировать,заимствованное
диссеминация,заимствованное
диссертант,заимствованное
диссертационный,заимствованное
диссертация,заимствованное
диссидент,заимствованное
диссидентство,русское
диссимиляция,заимствованное
диссонанс,заимствованное
диссонансный,заимствованное
диссонировать,заимствованное
диссоциативный,русское
диссоциация,заимствованное
диссоциировать,заимствованное
дистальный,русское
дистантный,русское
дистанционный,заимствованное
дистанцировать,русское
дистанцироваться,заимствованное
дистанция,заимствованное
дистиллировать,заимствованное
дистиллят,русское
дистиллятор,русское
дистилляция,заимствованное
дистих,заимствованное
дистония,заимствованное
дисторсия,заимствованное
дистракция,заимствованное
дистресс,русское
дистрибутив,заимствованное
дистрибутивный,заимствованное
дистрибуция,заимствованное
дистрибьютер,русское
дистрибьютор,заимствованное
дистрибьюторския,заимствованное
дистрофи,русское
дистрофик,заимствованное
дистрофичный,заимствованное
дистрофия,заимствованное
дисфагия,заимствованное
дисфония,заимствованное
дисфория,заимствованное
дисфорь,русское
дисфункция,заимствованное
дисциплина,заимствованное
дисциплинарный,заимствованное
дисциплинированный,заимствованное
дисциплинировать,русское
дисциплинироваться,русское
дит,заимствованное
диться,русское
дитя,русское
диурез,русское
диуретик,заимствованное
дифирамб,заимствованное
дифосген,заимствованное
дифракционный,заимствованное
дифракция,заимствованное
дифтерииный,заимствованное
дифтерия,заимствованное
дифтонг,заимствованное
диффамация,заимствованное
дифферент,заимствованное
дифференциал,заимствованное
дифференциальный,заимствованное
дифференциация,заимствованное
дифференцирование,заимствованное
дифференцировать,заимствованное
дифференцироваться,русское
диффузионный,заимствованное
диффузия,заимствованное
диффузный,заимствованное
диффузор,русское
диффундировать,заимствованное
дихотомическия,заимствованное
дихотомия,заимствованное
дичать,русское
дичок,русское
дичь,русское
диэлектрик,заимствованное
диэлектрическия,заимствованное
дия,заимствованное
дка,русское
дки,русское
дкия,русское
длина,заимствованное
длинноволокнистый,русское
длинноволосыя,русское
длинный,русское
длиномер,русское
длительный,русское
длиться,русское
дн,русское
дневальный,русское
дневень,заимствованное
дневник,русское
дневный,русское
днии,русское
днище,русское
днк,заимствованное
дно,русское
дность,русское
дный,русское
до,русское
добавить,русское
добавиться,русское
добавление,русское
добавочный,русское
добежать,русское
добить,русское
добиться,русское
доблестный,русское
доблесть,русское
добрать,русское
добрачный,русское
добрести,русское
доброволец,русское
добровольный,русское
добродетель,русское
добродетельный,русское
добродушие,русское
добродушный,русское
доброжелатель,русское
доброжелательный,русское
доброкачественный,русское
добропорядочный,русское
добросердечие,русское
добросердечный,русское
добросить,русское
добросовестный,русское
добрососедския,русское
доброта,русское
добротный,русское
добрый,русское
добыть,русское
добыча,русское
добычный,русское
доварить,русское
довариться,русское
довательския,русское
довать,русское
довезти,заимствованное
доверенность,русское
доверие,русское
доверитель,русское
доверительный,русское
доверить,русское
довериться,русское
доверчивыя,русское
довершить,русское
довершиться,русское
доверять,русское
довесок,русское
довести,русское
довлеть,русское
довод,русское
доводить,русское
доводиться,русское
довоенный,русское
довольный,русское
довольствие,русское
довольство,русское
довольствовать,русское
довольствоваться,русское
довооружить,русское
доврачебный,русское
довыборы,русское
довыполнить,русское
догадаться,русское
догадка,русское
догадливыя,русское
догма,заимствованное
догмат,заимствованное
догмати,русское
догматизировать,русское
догматизм,заимствованное
догматизя,русское
догматик,заимствованное
догматическия,заимствованное
догматичный,русское
догнать,русское
договор,русское
договорить,русское
договориться,русское
договорноправовый,русское
договорённость,русское
догореть,русское
догоспитальный,русское
догрузить,русское
догрызть,русское
догхантереть,заимствованное
догхантерство,заимствованное
додать,русское
додекаэдр,заимствованное
доделать,русское
додумать,русское
додуматься,русское
доесть,русское
доехать,русское
дожать,русское
дождаться,русское
дождевание,русское
дождь,русское
дожечь,русское
доживать,русское
дожить,русское
доза,заимствованное
дозаправиться,русское
дозаправка,русское
дозатор,заимствованное
дозаторный,заимствованное
дозваться,русское
дозво,русское
дозволение,русское
дозволенный,русское
дозволительный,русское
дозволить,русское
дозвонить,русское
дозвониться,русское
дозвуковой,русское
дозиметр,заимствованное
дозиметрист,русское
дозиметрия,заимствованное
дозировать,заимствованное
дозировка,заимствованное
дозировщик,заимствованное
дознаватель,русское
дознание,русское
дозор,русское
дозорный,русское
дозрелый,русское
дозреть,русское
доиграть,русское
доизбрать,русское
доильный,русское
доильщик,русское
доиный,русское
доисламския,русское
доисторическия,русское
доити,русское
доить,русское
доиться,русское
док,заимствованное
доказанность,русское
доказательный,русское
доказательство,русское
доказать,русское
доказуемый,русское
докапиталистическия,русское
докатать,русское
докатить,русское
докатиться,русское
докембрииския,заимствованное
докембрий,заимствованное
докер,заимствованное
докерный,заимствованное
докерския,заимствованное
доклад,русское
докладчик,русское
доклассовыя,русское
доклиническия,русское
доковыя,заимствованное
докончить,русское
докопать,русское
докопаться,русское
докричаться,русское
докрутиться,русское
доктор,заимствованное
докторант,заимствованное
докторантура,заимствованное
доктрина,заимствованное
доктринальный,заимствованное
доктринёр,заимствованное
доктринёрство,заимствованное
докум,русское
документ,заимствованное
документализм,заимствованное
документалист,заимствованное
документалистика,заимствованное
документальный,заимствованное
документарный,заимствованное
документация,заимствованное
документирование,заимствованное
документировать,заимствованное
докупить,русское
дол,русское
долбить,русское
долг,русское
долгия,русское
долговечный,русское
долговременный,русское
долгожданный,русское
долгожитель,русское
долгожительство,русское
долгоигра,русское
долголетие,русское
долголетние,русское
долгопо,русское
долгополый,русское
долгосрочный,русское
долгота,русское
долготерпение,русское
долевой,русское
долежать,русское
долезть,русское
долететь,русское
долечить,русское
долечиться,русское
долженствовать,русское
должник,русское
должностноить,русское
должность,русское
должный,русское
долина,русское
долить,русское
долиться,русское
доллар,заимствованное
долларизация,заимствованное
доложить,русское
доломать,русское
доломит,заимствованное
доломитовыя,заимствованное
долото,русское
дольмен,заимствованное
дольменный,заимствованное
дольщик,русское
доля,русское
дом,заимствованное
домашнии,русское
домбра,заимствованное
домен,заимствованное
доменный,заимствованное
доместикация,заимствованное
домик,русское
доминанта,заимствованное
доминантность,заимствованное
доминантный,заимствованное
доминантовыя,заимствованное
доминиканец,заимствованное
доминион,русское
доминирование,заимствованное
доминировать,заимствованное
домино,заимствованное
домицилий,русское
домициль,русское
домкрат,заимствованное
домна,русское
домовладелец,русское
домовладение,русское
домоводство,русское
домовыя,русское
домогательство,русское
домогаться,русское
домостроение,русское
домостроительство,русское
домострой,русское
домоуправление,русское
домофон,русское
домохозяик,русское
домохозяин,русское
домохозяиство,русское
домра,заимствованное
домственный,русское
домысел,русское
домыслить,русское
домыть,русское
домыться,русское
домять,русское
донатор,русское
донаучный,русское
донесение,русское
донести,русское
донестись,русское
донжуан,заимствованное
донкихот,заимствованное
донный,русское
донор,заимствованное
донорный,заимствованное
донорския,заимствованное
донорство,заимствованное
донорствовать,заимствованное
донос,русское
доносительство,русское
доносить,русское
доноситься,русское
доносчик,русское
дооборудовать,русское
дообследовать,русское
допеть,русское
допечатать,русское
допечь,русское
допечься,русское
допилить,русское
допинг,заимствованное
допинговыя,заимствованное
дописать,русское
допить,русское
доплата,русское
доплатить,русское
доплерограмм,заимствованное
доплерография,заимствованное
доплерометрия,заимствованное
доплыть,русское
доползти,русское
дополнение,русское
дополнительный,русское
дополнить,русское
дополниться,русское
дополучить,русское
допрашивать,русское
допризывник,русское
допризывный,русское
допродать,русское
допрос,русское
допросить,русское
допуск,русское
допустимый,русское
допустить,русское
допуще,русское
допущение,русское
доработать,русское
дорад,заимствованное
дорада,заимствованное
дорастить,русское
дорваться,русское
дореволюционный,русское
дорезать,русское
дореформенный,русское
дорисовать,русское
дорога,русское
дорогой,русское
дорогостоящие,русское
дородовой,русское
дорожать,русское
дорожить,русское
дорожка,русское
дорожник,русское
дорожнотранспортный,русское
дорсальный,заимствованное
дорубить,русское
досада,русское
досадить,русское
досадный,русское
досадовать,русское
досеять,русское
досидеть,русское
доска,русское
досказать,русское
доскональный,заимствованное
дослать,русское
доследовать,русское
доследственный,русское
дословный,русское
дослужить,русское
дослужиться,русское
дослушать,русское
досмотреть,русское
досоветския,русское
досолить,русское
доспех,русское
досрочный,русское
доставить,русское
доставщик,русское
достаток,русское
достаточный,русское
достать,русское
достаться,русское
достигать,русское
достигнуть,русское
достижение,русское
достижимый,русское
достоверный,русское
достоинство,русское
достоиный,русское
достопримечательность,русское
достопримечательный,русское
достояние,русское
достоять,русское
дострелить,русское
дострелять,русское
достроечный,русское
достроить,русское
доступ,русское
доступный,русское
досуг,русское
досудебный,русское
досушить,русское
досушиться,русское
досчитать,русское
досчитаться,русское
досыпать,русское
досье,заимствованное
досягаемость,русское
досягаемый,русское
досягать,русское
дот,заимствованное
дотационность,заимствованное
дотационный,заимствованное
дотация,заимствованное
дотащить,русское
дотерпеть,русское
дотирование,заимствованное
дотировать,заимствованное
дотронуться,русское
дотянуть,русское
дотянуться,русское
доучить,заимствованное
доучиться,русское
дофамин,заимствованное
доха,заимствованное
доход,русское
доходность,русское
доходный,русское
доходчивыя,русское
доцент,заимствованное
дочернии,русское
дочитать,русское
дочный,русское
дочь,заимствованное
дошкольник,русское
дошкольный,русское
дояр,русское
доярка,русское
др,заимствованное
драга,заимствованное
драгер,русское
драгировать,заимствованное
драглаин,заимствованное
драгоценность,русское
драгоценный,русское
драгстер,заимствованное
драже,заимствованное
дражный,заимствованное
дразнить,русское
драивер,заимствованное
драитулинг,заимствованное
драить,заимствованное
драка,русское
дракон,русское
драконовския,русское
драма,заимствованное
драматизировать,заимствованное
драматизм,заимствованное
драматическия,заимствованное
драматичный,заимствованное
драматург,заимствованное
драматургия,заимствованное
драмедииный,заимствованное
драмедь,заимствованное
драмкружо,русское
драп,заимствованное
драпирование,заимствованное
драпировать,заимствованное
драпироваться,русское
драпировка,заимствованное
драпировщик,русское
драповыя,заимствованное
драпри,заимствованное
дратва,заимствованное
дратвенный,заимствованное
драть,русское
драться,русское
драфт,заимствованное
древесина,русское
древесноволокнуть,заимствованное
древесностра,русское
древко,русское
древнии,русское
древность,русское
древовидный,русское
древостой,русское
дрезина,заимствованное
дреиф,заимствованное
дреифовать,заимствованное
дреифовыя,заимствованное
дреифующие,заимствованное
дрек,заимствованное
дрель,заимствованное
дрен,заимствованное
дренаж,заимствованное
дренажный,заимствованное
дренировать,заимствованное
дренный,русское
дренчер,заимствованное
дресс,заимствованное
дрессировать,заимствованное
дрессировка,заимствованное
дрессировщик,заимствованное
дриада,русское
дриблер,заимствованное
дриблинг,заимствованное
дриблинговать,заимствованное
дриблинговыя,заимствованное
дрифтер,заимствованное
дробилка,русское
дробильный,русское
дробина,русское
дробить,русское
дробиться,русское
дробление,русское
дробленый,русское
дробница,русское
дробность,русское
дробнуть,русское
дробный,русское
дробовик,русское
дробь,русское
дрова,русское
дрогнуть,русское
дрожать,русское
дрожжи,русское
дрожь,русское
дрон,заимствованное
дропзона,заимствованное
дропшиппинг,заимствованное
дросселирование,русское
дроссель,заимствованное
дроссельный,заимствованное
дротик,заимствованное
дроун,заимствованное
дру,русское
друг,русское
дружба,русское
дружелюбие,русское
дружелюбный,русское
дружеския,русское
дружественный,русское
дружина,русское
дружинник,русское
дружить,русское
дружный,русское
друза,заимствованное
дственный,русское
дство,русское
дуаиена,русское
дуализм,заимствованное
дуалистическия,заимствованное
дуальный,заимствованное
дуатлонист,заимствованное
дуатлоно,заимствованное
дубинка,русское
дубитель,русское
дубить,русское
дубленый,русское
дублет,заимствованное
дублетный,заимствованное
дубликат,заимствованное
дубликатный,заимствованное
дублировать,заимствованное
дубль,заимствованное
дубляж,заимствованное
дублёр,заимствованное
дубовыя,русское
дуга,русское
дуговой,русское
дугообразный,русское
дудук,заимствованное
дужка,русское
дума,русское
думать,русское
думаться,русское
думпер,заимствованное
думпкар,заимствованное
дуновение,русское
дунст,заимствованное
дуоденальный,заимствованное
дуоденит,заимствованное
дуополия,русское
дуплекс,заимствованное
дуплексный,заимствованное
дуплет,заимствованное
дуплик,русское
дупликация,заимствованное
дуплистый,русское
дупло,русское
дуриана,заимствованное
дурной,русское
дуршлаг,заимствованное
дуст,заимствованное
дуть,русское
дутьё,русское
дух,русское
духовенство,русское
духовка,русское
духовник,русское
духовность,русское
духовный,русское
душа,заимствованное
душевнобольноить,русское
душевный,русское
душевой,русское
душеприказчик,русское
душитель,русское
душить,русское
душиться,русское
душный,русское
дуэ,заимствованное
дуэль,русское
дуэлянт,заимствованное
дуэт,русское
дхарма,заимствованное
дхармическия,заимствованное
дчик,заимствованное
ды,русское
дываться,русское
дыи,русское
дым,русское
дымить,русское
дымиться,русское
дымка,русское
дымление,русское
дымный,русское
дымовой,русское
дымоход,русское
дымчатый,русское
дыня,русское
дыра,русское
дырка,русское
дырчатый,русское
дырявить,русское
дырявыя,русское
дыхание,русское
дышать,русское
дышаться,русское
дышло,русское
дьютя,заимствованное
дьявол,заимствованное
дьявольския,заимствованное
дьякон,заимствованное
дьяконския,заимствованное
дю,заимствованное
дюар,русское
дюбель,заимствованное
дюбельный,заимствованное
дюий,заимствованное
дюимовыя,заимствованное
дюкер,заимствованное
дюна,заимствованное
дюнный,заимствованное
дюр,заимствованное
дюралевыя,заимствованное
дюраль,заимствованное
дюралюминиевыя,заимствованное
дюралюминий,заимствованное
дядя,русское
дящие,русское
дёготь,русское
дёргать,русское
дёргаться,русское
дёрн,заимствованное
дёрнуть,русское
дёрнуться,русское
ебноследственный,русское
ебожитель,русское
ебопродукт,русское
ебофураж,русское
ебстраница,русское
евангелие,заимствованное
евангелизм,заимствованное
евангелист,заимствованное
евангелическия,заимствованное
евангельския,заимствованное
евгеника,заимствованное
евмоавтоматика,русское
евмомеханическия,русское
евнух,заимствованное
евозрастающие,русское
евоисковой,русское
евонасаждение,русское
евооборот,русское
еворадикальный,русское
евр,заимствованное
евразиец,русское
евразииство,русское
евразия,русское
евременный,русское
евро,заимствованное
евроазиатския,русское
евробонд,заимствованное
евробуклет,заимствованное
евровалюта,заимствованное
евровидение,русское
еврооблигация,заимствованное
европа,заимствованное
европеизировать,русское
европеизироваться,русское
европеизм,русское
европеиския,русское
европеица,русское
европеоид,русское
европий,заимствованное
европоцентризм,заимствованное
евросоюз,заимствованное
евросоя,русское
евростанда,русское
евхаристическия,заимствованное
евхаристия,заимствованное
егерой,русское
егерь,заимствованное
египтология,заимствованное
егозадержание,русское
егозадерживающие,русское
егозащита,русское
ед,русское
еда,заимствованное
едвуз,русское
едгруппа,русское
едеплавильщик,русское
единение,русское
единить,русское
единица,русское
единичный,русское
единобожие,русское
единоборец,русское
единоборство,русское
единоборствовать,русское
единобрачие,русское
единоверец,русское
единоверие,русское
единоверческия,русское
единовластие,русское
единовластный,русское
единовременный,русское
единогласие,русское
единогласный,русское
единодушие,русское
единодушный,русское
единокровный,русское
единоличный,русское
единомыслие,русское
единомышленник,русское
единонасл,русское
единонач,русское
единообразие,русское
единообразный,русское
единственный,русское
единство,русское
единститут,русское
единый,русское
едкия,русское
еднеарифметическия,русское
едневозрастноить,русское
еднеобеспеченный,русское
еднеоборотный,русское
еднераионный,русское
еднереспубликанския,русское
еднероссииския,русское
еднесрочный,русское
едодатель,русское
едок,заимствованное
едперсонал,русское
едпомощь,русское
едпункт,русское
едсовет,русское
едучилище,русское
едшкола,русское
едэксперт,русское
едэкспертиза,русское
еевропеиския,русское
ежвидовой,русское
ежвузовския,русское
ежгалактическия,русское
еждуведомственный,русское
еждугородный,русское
ежевечерния,русское
ежевика,русское
ежегодник,русское
ежегодный,русское
ежедневник,русское
ежедневный,русское
ежезамороженный,русское
ежеиспеченный,русское
ежемесячник,русское
ежемесячный,русское
ежеминутный,русское
ежемороженый,русское
еженедельник,русское
еженедельный,русское
ежесекундный,русское
ежесуточный,русское
ежечасный,русское
ежзвездный,русское
ежзональный,русское
ежклеточный,русское
ежличностный,русское
ежмуниципальный,русское
ежнациональный,русское
ежобластноить,русское
ежобщинный,русское
ежпартииный,русское
ежпланетный,русское
ежплеменноить,русское
ежпозвонковыя,русское
ежреберный,русское
ежремонтный,русское
ежреспубликанския,русское
ежродовой,русское
ежъязыковой,русское
ежъярусный,русское
ежэтническия,русское
езд,русское
езда,русское
ездить,русское
ездка,русское
ездок,русское
еикданс,русское
еиносмысловой,русское
еиропсихология,русское
еиротропный,русское
еирофизиология,русское
еирохирург,русское
еисмоактивный,русское
еитмотив,русское
еклассовыя,русское
екло,русское
екловолокно,заимствованное
еколюбие,русское
еконенавистник,русское
еконенавистническия,русское
еконенавистничество,русское
екочас,русское
екс,русское
екселедатель,русское
екселедержатель,русское
ексопатолог,русское
ексотерапия,русское
ектения,заимствованное
ектробур,русское
ектробытовой,русское
ектровакуумный,русское
ектродоик,русское
ектроизмери,заимствованное
ектроизмерительный,русское
ектрокара,заимствованное
ектрокардиограмма,русское
ектрокардиограф,русское
ектрокардиография,русское
ектролечение,русское
ектромагнит,русское
ектромагнитный,русское
ектромонтажник,русское
ектромонтёр,русское
ектрооборудование,русское
ектропередача,русское
ектропредохранитель,русское
ектроприбор,русское
ектропривод,русское
ектропроводный,русское
ектропрогрев,русское
ектропроигрыватель,русское
ектропромышленность,русское
ектроразведка,русское
ектросварщик,русское
ектросвязь,русское
ектросеть,русское
ектростанция,русское
ектростатика,русское
ектростатическия,русское
ектросудорожный,русское
ектротерапеть,русское
ектротовар,русское
ектротранспорт,русское
ектротяга,русское
ектроцентраль,русское
ектроэнергетик,русское
ележурналистика,русское
ележурналистския,русское
елезритель,русское
елеиный,заимствованное
елей,заимствованное
елекомпания,русское
елекомплекс,русское
елеконфера,русское
елеконференция,русское
елемеханизация,русское
елемеханик,русское
елемонитор,русское
елеоператор,русское
елепрограмма,русское
елера,русское
елесвязь,русское
елестанция,русское
елестроение,русское
елестудия,русское
елесуфлёр,русское
елесценарий,русское
елеуправление,русское
елеуправляемый,русское
елефи,заимствованное
елефильм,русское
елеэфир,русское
елкозернистый,русское
еломеханик,русское
елотуризм,русское
ельдсвязь,русское
ельнокроеный,русское
ельнометаллическия,русское
ельномолочный,русское
емгородок,русское
емгородый,заимствованное
емкия,русское
емость,русское
емста,русское
емый,русское
енаука,русское
ензохранилище,русское
ение,русское
енконсульство,русское
енкорреспондент,русское
енноисторическия,русское
енноморской,русское
еннопромышленный,русское
енноучетный,русское
енный,русское
ено,русское
енодиагностик,русское
енокошение,русское
еномоющие,русское
еноп,заимствованное
енотерапия,русское
енотехник,русское
ентобетон,русское
ентометр,русское
ентооборот,русское
ентоспособность,русское
ентоспособный,русское
енцзал,русское
еоботаник,русское
еоконсерватор,русское
еополитик,русское
еореализм,русское
еосистема,русское
еофашист,русское
еохронология,русское
еоцить,заимствованное
епархиальный,заимствованное
епархия,заимствованное
епи,заимствованное
епископ,заимствованное
епископат,заимствованное
епископския,заимствованное
епископство,русское
епитимья,заимствованное
епитрахиль,заимствованное
еплоизолировать,русское
еплоизоляция,русское
еплообмен,русское
еплопродукция,русское
еплопункт,русское
еплоресурс,русское
еплосчётчик,русское
еплоутилизационный,русское
еплоэла,русское
епоглый,русское
ералаш,заимствованное
ервеобразный,русское
ервообраз,русское
ервообразный,русское
ервооснова,русское
ервопривод,русское
ервородить,русское
ервосортный,русское
ергоемкия,русское
ергозатрата,русское
ергомашиностроение,русское
ергопоезд,русское
еревообработка,русское
ереворежущие,русское
ереосистема,русское
ереофильм,русское
ереоэффект,русское
ересь,заимствованное
еретик,заимствованное
еретическия,заимствованное
ерибрать,русское
ерионоситель,русское
ерионосительство,русское
ериофаг,русское
ермодинамик,русское
ермодинамическия,русское
ермоизоляция,русское
ермокабина,русское
ермопара,русское
ермотерапия,русское
ермошкаф,русское
ермоэлектрическия,русское
ермоэлемент,русское
ерноочистительный,русское
еродермия,русское
ероотступник,русское
ероотступничество,русское
ероподобный,русское
еросовхоз,русское
ероферма,русское
ерросплав,русское
ерстеобрабатывающие,русское
ерхбыстрый,русское
ерхвысокия,русское
ерхглубокия,русское
ерхдальние,русское
ерхлимитный,русское
ерхминиатюрный,русское
ерхмощный,русское
ерхплотный,русское
ерхприбыль,русское
ерхпроводимость,русское
ерхпроводник,русское
ерхранния,русское
ерхсекретный,русское
ерхсить,русское
ерхсметный,русское
ерхсовременный,русское
ерхсрочник,русское
ерхтонкия,русское
ерхточный,русское
ерхчеловеческия,русское
ерхчистый,русское
ерхчувственный,русское
ерхчувствительный,русское
есвидетельство,русское
есвидетельствовать,русское
есистемный,русское
еслокаталка,русское
еслокачалка,русское
еслокровать,русское
есовозобновление,русское
есозавод,русское
есозаготовитель,русское
есозаготовка,русское
есоматериал,русское
есомелиорация,русское
есонасаждение,русское
есопитомник,русское
есопогрузочный,русское
есополоса,русское
есопромышленник,русское
есопромышленность,русское
есопункт,русское
есоразведение,русское
есоразрабо,русское
есотехническия,русское
есохимия,русское
есоэксплуатация,русское
еспромхоз,русское
ессатташе,заимствованное
ессбюро,заимствованное
ессрелиз,русское
ессхолл,русское
ессцентр,русское
ественнонаучный,русское
естественный,русское
естество,русское
естествознание,русское
естествоиспыт,русское
естожительство,русское
естонахождение,русское
естообитание,русское
есторасположение,русское
естсистема,русское
есть,русское
есхоз,русское
етвертьфинал,русское
етеросексуализм,русское
етеротрофа,русское
етложелтый,русское
етлозеленый,русское
етозащитный,русское
етоносец,русское
етоносный,русское
еторегулятор,русское
етостоикия,русское
етостроение,русское
етотехник,русское
еточувствительный,русское
етр,заимствованное
етро,заимствованное
етрозащитный,русское
етроэнергетик,русское
еучение,русское
ефреитор,заимствованное
ефреиторство,заимствованное
ефтег,русское
ефтедобывающие,русское
ефтедобыча,русское
ефтеперегонный,русское
ефтеперерабатывающие,русское
ефтепереработчик,русское
ефтепромышленник,русское
ефтеразведка,русское
ефтехимическия,русское
ех,русское
ехать,русское
ехминимум,русское
ехперсонал,русское
ехпомощь,русское
ехпроцесс,русское
ехцентр,русское
ециевидный,русское
ецк,русское
ецэффект,русское
ечнозеленый,русское
ечнососудистый,русское
ечный,русское
ешнеполитическия,русское
ешнеторговыя,русское
жа,русское
жабо,заимствованное
жадеит,заимствованное
жадеитовыя,заимствованное
жадея,русское
жадность,русское
жадный,русское
жаж,русское
жакан,русское
жакет,заимствованное
жаккарда,заимствованное
жаккардовыя,заимствованное
жакоб,заимствованное
жалеть,русское
жалить,русское
жалкия,русское
жалоба,русское
жалобный,русское
жаловаться,русское
жалость,русское
жалюзи,заимствованное
жалюзииный,заимствованное
жанр,заимствованное
жанрист,заимствованное
жанровыя,заимствованное
жар,русское
жара,русское
жаргон,заимствованное
жаргонизм,заимствованное
жаргонный,заимствованное
жардиньерка,заимствованное
жареный,русское
жарить,русское
жариться,русское
жаркия,русское
жаровня,русское
жаропонизать,русское
жаропрочный,русское
жаростоикия,русское
жарочный,русское
жасмина,заимствованное
жасминный,заимствованное
жасминовыя,заимствованное
жатва,русское
жатка,русское
жать,русское
жаться,русское
жба,русское
жвачный,русское
жгучий,русское
ждать,русское
ждый,русское
же,русское
жевательный,русское
жевать,русское
жезл,русское
жел,русское
желание,русское
желанный,русское
желательный,русское
желатина,заимствованное
желатинировать,заимствованное
желатиновыя,заимствованное
желать,русское
желвак,русское
желе,заимствованное
железистый,русское
железка,русское
железнодоро,русское
железнодорожный,русское
железный,русское
железняк,русское
железо,русское
железобеть,русское
железора,русское
желеиный,заимствованное
желеобразный,русское
желобчатый,русское
желтеть,русское
желток,русское
желтый,русское
желудок,русское
желудочек,русское
желчный,русское
жеманство,русское
жемчуг,заимствованное
жемчужина,заимствованное
жемчужный,заимствованное
жена,русское
женатый,русское
женить,русское
жениться,русское
жених,русское
женный,русское
женоненавь,русское
женския,русское
женственный,русское
женщина,русское
женьшеневыя,заимствованное
женьшень,заимствованное
жеода,заимствованное
жердь,русское
жеребьёвка,русское
жерло,русское
жертва,русское
жертвенный,русское
жертвователь,русское
жертвовать,русское
жертвоприноша,русское
жест,заимствованное
жественный,русское
жество,русское
жестикулировать,заимствованное
жестикуляционный,заимствованное
жестикуляция,заимствованное
жесткия,русское
жестокия,русское
жестокос,русское
жестокость,русское
жесть,русское
жестянщик,русское
жетон,заимствованное
жечный,русское
жечь,русское
жжение,русское
жи,заимствованное
живание,русское
живительный,русское
живить,русское
живица,русское
живой,русское
живописец,русское
живописный,русское
живопись,русское
живородя,русское
живородящие,русское
живорождение,русское
живость,русское
живот,русское
животворный,русское
животновод,русское
животноводство,русское
животноводческия,русское
животный,русское
животрепещущие,русское
жидкия,русское
жидкокристалли,русское
жидкость,русское
жизнедеятельный,русское
жизнелюб,русское
жизнелюбивыя,русское
жизнелюбие,русское
жизненность,русское
жизненный,русское
жизнеобесп,русское
жизнеопис,русское
жизнеощущий,русское
жизнерадостный,русское
жизнеспособный,русское
жизнестоикия,русское
жизнеутвержда,русское
жизнь,русское
жии,русское
жилет,заимствованное
жилетка,заимствованное
жилец,русское
жилище,русское
жилка,русское
жилмассив,русское
жилой,русское
жилплощадь,русское
жилфонд,русское
жильё,русское
жим,русское
жир,заимствованное
жирандоль,заимствованное
жирный,русское
жировой,русское
жиромучноить,русское
жироприказ,русское
житеиския,русское
житель,русское
жительство,русское
житие,русское
житница,русское
жить,русское
жмых,русское
жнии,русское
жникнуть,заимствованное
жный,русское
жокеик,заимствованное
жокеиския,заимствованное
жокей,заимствованное
жом,русское
жонглерския,заимствованное
жонглирование,заимствованное
жонглировать,заимствованное
жонглёр,заимствованное
жонглёрство,заимствованное
жребий,русское
жск,русское
жу,заимствованное
жужжать,русское
жулик,русское
жумар,заимствованное
жумаринг,заимствованное
жупел,русское
журнал,заимствованное
журналист,заимствованное
журналистика,заимствованное
журналистския,заимствованное
журнальный,заимствованное
жуткия,русское
жэк,русское
жюльный,заимствованное
жюри,заимствованное
жёлоб,русское
жёлчь,русское
жёрнов,русское
за,заимствованное
заактировать,русское
заарендовать,русское
заасфальтировать,русское
забава,русское
забавлять,русское
забавляться,русское
забавный,русское
забаллотировать,русское
забальзамировать,русское
забаррикадировать,русское
забаррикадироваться,русское
забастовать,русское
забастовка,русское
забастовщик,русское
забвение,русское
забег,русское
забежать,русское
забеременеть,русское
забеспокоиться,русское
забетонировать,русское
забивка,русское
забинтовать,русское
забирать,русское
забить,русское
заблаговременный,русское
заблагорассудиться,русское
заблокировать,русское
заблудиться,русское
заблудшие,русское
заблуждаться,русское
заблуждение,русское
забо,русское
забой,русское
заболеваемость,русское
заболевание,русское
заболеть,русское
заболотить,русское
заболотиться,русское
заболоченный,русское
забор,русское
заборный,русское
забортный,русское
забота,русское
заботить,русское
заботиться,русское
заботливость,русское
заботливыя,русское
забраковать,русское
забрать,русское
забраться,русское
забронировать,русское
забросить,русское
заброшенный,русское
забрызгать,русское
забуксовать,русское
забурить,русское
забуриться,русское
забурлить,русское
забутить,русское
забываться,русское
забывчивыя,русское
забыть,русское
забыться,русское
забытьё,русское
забюрократизировать,русское
зав,заимствованное
завал,русское
завалить,русское
завалиться,русское
завалка,русское
заварить,русское
завариться,русское
заварка,русское
заварной,русское
заведение,русское
заведовать,русское
заведомый,русское
завезти,русское
завербовать,русское
завербоваться,русское
заверение,русское
заверитель,русское
заверить,русское
завернуть,русское
завернуться,русское
завершенный,русское
завершить,русское
завершиться,русское
завеса,русское
завесить,русское
завести,русское
завестись,русское
завет,русское
заветный,русское
заветренный,русское
завешать,русское
завещание,русское
завещатель,русское
завещать,русское
завеять,русское
завибрировать,русское
завидный,русское
завидовать,русское
завизировать,русское
завинтить,русское
зависать,русское
зависеть,русское
зависимость,русское
зависимый,русское
завистливыя,русское
зависть,русское
завихрение,русское
завлад,русское
завладеть,русское
завле,русское
завлечь,русское
завод,русское
заводить,русское
заводнение,русское
заводнить,русское
заводной,русское
заводчик,русское
заводь,русское
завоевание,русское
завоеватель,русское
завоевательный,русское
завоевать,русское
заволноваться,русское
заворачивать,русское
завскладом,русское
завтрак,русское
завтракать,русское
завтрашнии,русское
завуалировать,русское
завысить,русское
завышенный,русское
завязать,русское
завязаться,русское
завязка,русское
завязнуть,русское
завязывание,русское
завязь,русское
завянуть,русское
зага,русское
загадать,русское
загадка,русское
загадочный,русское
загазо,русское
загазованный,русское
загерметизировать,русское
загиб,русское
загипнотизировать,русское
загипсовать,русское
заглавие,русское
заглавный,русское
загладить,русское
заглохнуть,русское
заглушить,русское
заглянуть,русское
загнать,русское
загнить,русское
загнуть,русское
загнуться,русское
заговаривать,русское
заговариваться,русское
заговор,русское
заговорить,русское
заговориться,русское
заголовок,русское
загон,русское
загонщик,русское
загорать,русское
загорелый,русское
загореть,русское
загореться,русское
загородить,русское
загородиться,русское
заготконто,русское
заготовитель,русское
заготовительный,русское
заготовить,русское
заготовка,русское
заготовщик,русское
загра,русское
заградитель,русское
заградительный,русское
заградить,русское
заграждение,русское
загребать,русское
загребной,русское
загримировать,русское
загробный,русское
загромоздить,русское
загрохотать,русское
загрубеть,русское
загруженный,русское
загрузить,русское
загрузиться,русское
загрузочный,русское
загрунтовать,русское
загрустить,русское
загрызть,русское
загрязнение,русское
загрязненный,русское
загрязнить,русское
загрязниться,русское
загс,русское
загубник,русское
загустеть,русское
загуститель,русское
загуститься,русское
зад,русское
задавить,русское
задавленный,русское
задание,русское
задаток,русское
задать,русское
задаться,русское
задача,русское
задачник,русское
задвигаться,русское
задвижка,русское
задвижной,русское
задвинуть,русское
задвинуться,русское
задворки,русское
задеиствовать,русское
заделать,русское
задержать,русское
задержаться,русское
задержка,русское
задеть,русское
заднии,русское
задник,русское
задобрить,русское
задокументи,русское
задокументировать,русское
задолженность,русское
задохнуться,русское
задраить,русское
задрапировать,русское
задрать,русское
задремать,русское
задрожать,русское
задувать,русское
задумать,русское
задуматься,русское
задумчивыя,русское
задурманить,русское
задуть,русское
задушевный,русское
задушить,русское
задымить,русское
задымление,русское
задымленный,русское
задыхаться,русское
задышать,русское
задёрнуть,русское
заезд,русское
заездка,русское
заезжие,русское
заесть,русское
заехать,русское
зажа,русское
зажарить,русское
зажать,русское
зажечь,русское
зажечься,русское
зажигалка,русское
зажигание,русское
зажигательный,русское
зажим,русское
зажимать,русское
зажимный,русское
зажиточный,русское
зажить,русское
заземление,русское
заземлить,русское
заземлиться,русское
зазимовать,русское
зазор,русское
зазубрина,русское
заика,русское
заикание,русское
заикаться,русское
заикнуться,русское
заилиться,русское
заимствование,русское
заимствовать,русское
заинтересованный,русское
заинтересовать,русское
заинтересоваться,русское
заинтриговать,русское
заискивать,русское
заискивающие,русское
заити,русское
зак,русское
закабалить,русское
закабалиться,русское
заказ,русское
заказать,русское
заказник,русское
заказной,русское
заказчик,русское
закаленный,русское
закалить,русское
закалиться,русское
закалка,русское
закалочный,русское
закамуфлировать,русское
заканчивать,русское
заканчиваться,русское
закапать,русское
закапризничать,русское
закат,русское
закатать,русское
закваска,русское
закивать,русское
закиснуть,русское
закись,русское
заклад,русское
закладка,русское
закладная,русское
закладывать,русское
заклевать,русское
заклеик,русское
заклеимитя,русское
заклеить,русское
закли,русское
заклинание,русское
заклинатель,русское
заклинать,русское
заклинить,русское
заклиниться,русское
заключать,русское
заключаться,русское
заключение,русское
заключительный,русское
заключить,русское
заклятие,русское
заклёпка,русское
заковать,русское
закодировать,русское
заколдовать,русское
заколебаться,русское
заколоть,русское
заколоться,русское
закольцевать,русское
закомплексованный,русское
закомпостировать,русское
закон,русское
законность,русское
законный,русское
законоведение,русское
законодатель,русское
законодательство,русское
законодательствовать,русское
закономерный,русское
законопатить,русское
законопологий,русское
законопроект,русское
законопрой,русское
законотворец,русское
законсервировать,русское
законспектировать,русское
законспирировать,русское
законтрактовать,русское
законтрактоваться,русское
законченный,русское
закончить,русское
закончиться,русское
закопать,русское
закопаться,русское
закоптить,русское
закоренелый,русское
закоснеть,русское
закостенелый,русское
закостенеть,русское
закоулок,русское
закрасить,русское
закраситься,русское
закрасться,русское
закрепитель,русское
закрепительный,русское
закрепить,русское
закрепиться,русское
закреплять,русское
закрепостить,русское
закрепоститься,русское
закристаллизовать,русское
закристаллизоваться,русское
закричать,русское
закроить,русское
закроищик,русское
закром,русское
закру,русское
закругление,русское
закругленный,русское
закруглить,русское
закруглиться,русское
закружиться,русское
закрутить,русское
закрутиться,русское
закрутка,русское
закры,русское
закрыть,русское
закрыться,русское
закулисный,русское
закупить,русское
закупной,русское
закупорить,русское
закупориться,русское
закупочный,русское
закупщик,русское
закурить,русское
закусить,русское
закуска,русское
закутать,русское
закутаться,русское
зал,заимствованное
залакировать,русское
залегание,русское
заледенелый,русское
заледенеть,русское
залежаться,русское
залежь,русское
залезть,русское
залечить,русское
залечь,русское
зали,русское
заливать,русское
заливной,русское
заливочный,русское
залить,русское
залог,русское
заложить,русское
заложник,русское
залом,русское
заломить,русское
залп,русское
залысина,русское
зальный,русское
залюбоваться,русское
зам,русское
замазать,русское
замазка,русское
заманить,русское
заманчивыя,русское
замаркировать,русское
замаскировать,русское
замаскироваться,русское
замаслить,русское
замахать,русское
замахнуться,русское
замелькать,русское
замена,русское
заменимый,русское
заменитель,русское
заменить,русское
замениться,русское
замереть,русское
замерить,русское
замерный,русское
замерцать,русское
замерщик,русское
замес,русское
замесить,русское
замеситься,русское
заместитель,русское
заместительство,русское
заместить,русское
заместиться,русское
замета,русское
заметить,русское
заметка,русское
заметный,русское
замечание,русское
замечательный,русское
замечаться,русское
замешательство,русское
замешать,русское
замешаться,русское
замещать,русское
замигать,русское
заминировать,русское
замкнутый,русское
замкнуть,русское
замкнуться,русское
замок,русское
замолить,русское
замолкнуть,русское
замолчать,русское
замор,русское
замораживать,русское
заморозить,русское
заморозиться,русское
заморозок,русское
замостить,русское
замотать,русское
замотаться,русское
замужество,русское
замужнии,русское
замуровать,русское
замусорить,русское
замусориться,русское
замучить,русское
замучиться,русское
замша,заимствованное
замшевыя,заимствованное
замыкать,русское
замыкаться,русское
замысел,русское
замыслить,русское
замысловатый,русское
замыть,русское
замёд,русское
замёрзнуть,русское
занавес,русское
занавеска,русское
занести,русское
занизить,русское
занимательный,русское
заниматься,русское
занный,русское
заноза,русское
занозить,русское
занос,русское
заносить,русское
заноситься,русское
заносчивыя,русское
заночевать,русское
занумеровать,русское
занятие,русское
занятость,русское
занять,русское
заняться,русское
зао,русское
заоблачный,русское
заокеанския,русское
заострение,русское
заостренный,русское
заострить,русское
заостриться,русское
заочник,русское
заочный,русское
зап,русское
запад,русское
западный,русское
западня,русское
запаковать,русское
запальник,русское
запальчивыя,русское
запас,русское
запасник,русское
запасной,русское
запасти,русское
запастись,русское
запасть,русское
запатентовать,русское
запахать,русское
запахнуть,русское
запахнуться,русское
запачкать,русское
запачкаться,русское
запаять,русское
запевать,русское
запевка,русское
запеканка,русское
запеленговать,русское
запереть,русское
запереться,русское
запестреть,русское
запеть,русское
запечатать,русское
запечатлеть,русское
запечатлеться,русское
запечь,русское
запечься,русское
запилить,русское
запинать,русское
запинка,русское
запирательство,русское
запираться,русское
записать,русское
записаться,русское
записка,русское
записной,русское
запись,русское
запить,русское
запищать,русское
заплакать,русское
запланировать,русское
заплата,русское
заплатить,русское
заплевать,русское
заплесневелый,русское
заплесневеть,русское
заплести,русское
заплестись,русское
заплетаться,русское
заплечный,русское
запломбировать,русское
заплыть,русское
заплясать,русское
запнуться,русское
заповедать,русское
заповедник,русское
заповедный,русское
заповедь,русское
заподозрить,русское
запоздалый,русское
запоздать,русское
запоиный,русское
запой,русское
заползти,русское
заполнитель,русское
заполнить,русское
заполниться,русское
заполонить,русское
заполярье,русское
запоминаемость,русское
запомнить,русское
запомниться,русское
запор,русское
запот,русское
запотеть,русское
заправить,русское
заправиться,русское
заправка,русское
заправлять,русское
заправочный,русское
заправщик,русское
запредельный,русское
запрессовать,русское
запрессоваться,русское
запрет,русское
запретительный,русское
запретить,русское
запретный,русское
запрещаться,русское
запрограммировать,русское
запроектировать,русское
запрокинуть,русское
запрос,русское
запросить,русское
запротестовать,русское
запротоколировать,русское
запруда,русское
запрудить,русское
запуганный,русское
запугать,русское
запудрить,русское
запустение,русское
запустить,русское
запутанный,русское
запутать,русское
запутаться,русское
запущенный,русское
запылать,русское
запыленный,русское
запылить,русское
запястье,русское
запятая,русское
запятнать,русское
зарабатывать,русское
заработать,русское
заработок,русское
заражаемость,русское
зараженный,русское
зараза,русское
заразительный,русское
заразить,русское
заразиться,русское
заразный,русское
зарастить,русское
зарево,русское
зарегистрировать,русское
зарегистрироваться,русское
зарез,русское
зарезать,русское
зарезервировать,русское
зарекомендовать,русское
заретушировать,русское
заречный,русское
заречье,русское
заречься,русское
зарешетить,русское
заржаветь,русское
зарина,заимствованное
зарисовать,русское
зарисовка,русское
зарифить,русское
зарифмовать,русское
зарница,русское
заровнять,русское
зародить,русское
зародиться,русское
зародыш,русское
зарок,русское
заронить,русское
заросль,русское
зарубежный,русское
зарубежье,русское
зарубить,русское
зарубка,русское
зарубцеваться,русское
зарулить,русское
зарумянить,русское
заручиться,русское
зарыбить,русское
зарыть,русское
зарыться,русское
заря,русское
заряд,русское
зарядить,русское
зарядиться,русское
зарядка,русское
зарядный,русское
зарядчик,русское
засада,русское
засалить,русское
засалиться,русское
засахарить,русское
засахариться,русское
засверкать,русское
засветить,русское
засветиться,русское
засвидетельствовать,русское
заседание,русское
заседатель,русское
заседать,русское
засекретить,русское
заселенный,русское
заселить,русское
заселиться,русское
засечка,русское
засеять,русское
засилье,русское
заскочить,русское
заслон,русское
заслонить,русское
заслониться,русское
заслонка,русское
заслуга,русское
заслужить,русское
заслушать,русское
засмеяться,русское
заснуть,русское
засомневаться,русское
засоренный,русское
засоритель,русское
засорить,русское
засориться,русское
засохнуть,русское
заспорить,русское
застава,русское
заставить,русское
заставиться,русское
заставка,русское
застарелый,русское
застать,русское
застегнуть,русское
застеклить,русское
застенографировать,русское
застенок,русское
застенчивыя,русское
застигнуть,русское
застоиный,русское
застой,русское
застолбить,русское
застольный,русское
застопорить,русское
застопориться,русское
застраховать,русское
застраховаться,русское
застрелить,русское
застрелиться,русское
застро,русское
застроик,русское
застроить,русское
застроиться,русское
застроищик,русское
застрять,русское
заступить,русское
заступиться,русское
заступник,русское
заступничество,русское
застынуть,русское
застыть,русское
застёжка,русское
засуха,русское
засухоусто,русское
засушливыя,русское
засчитать,русское
засыпка,русское
затарить,русское
затащить,русское
затверделый,русское
затвердение,русское
затвердеть,русское
затвердить,русское
затвор,русское
зательный,русское
затемнение,русское
затемнить,русское
затененный,русское
затея,русское
затить,русское
заткнуть,русское
затмение,русское
затмить,русское
затмиться,русское
затов,русское
затоваренность,русское
затоварить,русское
затовариться,русское
затолкать,русское
затон,русское
затонуть,русское
затопить,русское
затопиться,русское
затоптать,русское
затор,русское
заторможенность,русское
затормозить,русское
затормозиться,русское
заторопить,русское
заторопиться,русское
заточить,русское
заточка,русское
затравка,русское
затрата,русское
затратить,русское
затратиться,русское
затратный,русское
затребовать,русское
затрепетать,русское
затрещать,русское
затронуть,русское
затрубить,русское
затруднение,русское
затрудненный,русское
затруднительный,русское
затруднить,русское
затрудниться,русское
затылок,русское
затыльник,русское
зать,русское
затяжка,русское
затяжно,русское
затяжной,русское
затянутый,русское
затянуть,русское
затянуться,русское
заусенец,русское
заусеница,русское
заучить,русское
зафиксировать,русское
зафрахтовать,русское
захват,русское
захватить,русское
захватническия,русское
захлебнуться,русское
захлестнуть,русское
захлопнуть,русское
захлопнуться,русское
захлёбываться,русское
заход,русское
захоронение,русское
захоронить,русское
захота,русское
захотеть,русское
захотеться,русское
захудалый,русское
зацвести,русское
зацементировать,русское
зацентрализовать,русское
зацентровать,русское
зацепить,русское
зацепиться,русское
зацепка,русское
зацепление,русское
зацик,русское
зачатие,русское
зачаток,русское
зачать,русское
зачаться,русское
зачахнуть,русское
зачеркнуть,русское
зачернить,русское
зачерпнуть,русское
зачерстветь,русское
зачесать,русское
зачесть,русское
зачесться,русское
зачетный,русское
зачехлить,русское
зачислить,русское
зачислиться,русское
зачистить,русское
зачитать,русское
зачтение,русское
зачёт,русское
зашататься,русское
зашить,русское
зашифровать,русское
зашка,русское
зашкалиться,русское
зашлаковать,русское
зашлаковаться,русское
зашлифовать,русское
зашнуровать,русское
зашоренный,русское
зашорить,русское
заштормить,русское
заштриховать,русское
заштукатурить,русское
зашуметь,русское
зашумленность,русское
защемить,русское
защита,русское
защитительный,русское
защитить,русское
защититься,русское
защитник,русское
защитный,русское
защищать,русское
защёлка,русское
защёлкнуть,русское
защёлкнуться,русское
заэкранировать,русское
заявитель,русское
заявительный,русское
заявить,русское
заявка,русское
заявление,русское
заяц,русское
заёмщик,русское
зв,русское
звание,русское
званый,русское
звать,русское
зваться,русское
звезда,русское
звездный,русское
звездчатка,русское
звенеть,русское
звено,русское
звеньевой,русское
зверинец,русское
звериный,русское
зверовод,русское
звероводство,русское
зверолов,русское
зверство,русское
зверствовать,русское
зверь,русское
звитый,русское
звон,русское
звонить,русское
звонкия,русское
звонница,русское
звонок,русское
звук,русское
звуковой,русское
звукозапись,русское
звукоизоль,русское
звуконепроница,русское
звуконоситель,русское
звукооператор,русское
звукопроница,русское
звукосочетание,русское
звукоусила,русское
звукоусить,русское
звучать,русское
звучный,русское
звёздочка,русское
згать,русское
здание,русское
здить,русское
здоро,русское
здороваться,русское
здоровыя,русское
здоровье,русское
здр,русское
здравица,русское
здравница,русское
здравомыслие,русское
здравомыслящие,русское
здравпункт,русское
здравствовать,русское
здравствуит,русское
здравствуя,русское
здравыя,русское
зевгма,заимствованное
зеигерование,заимствованное
зеигеровать,заимствованное
зеидеть,заимствованное
зеидизм,заимствованное
зеидитския,заимствованное
зел,русское
зеленый,русское
зелень,русское
зельц,заимствованное
зелёнка,русское
земельный,русское
землевладелец,русское
землевладение,русское
земледелец,русское
земледелие,русское
землекоп,русское
землекопный,русское
землемер,русское
землепо,русское
землепроходец,русское
землероик,русское
землероиный,русское
землесос,русское
землесосный,русское
землетрясение,русское
землеустроиство,русское
землеустрой,русское
землечерпалка,русское
землечерпание,русское
землистый,русское
земля,русское
земляк,русское
земляной,русское
землячество,русское
земноводный,русское
земной,русское
земснарь,русское
зензубель,заимствованное
зенит,заимствованное
зенитный,заимствованное
зенитчик,русское
зенкер,заимствованное
зенкерование,заимствованное
зенкеровать,заимствованное
зенковка,русское
зеркало,русское
зеркальность,русское
зеркальный,русское
зернистый,русское
зерно,русское
зернобобовыя,русское
зерновка,русское
зерновоз,русское
зерноотход,русское
зернопогрузчик,русское
зерносушилка,русское
зерноуборочный,русское
зернофураж,русское
зернохранилище,русское
зернь,русское
зеро,заимствованное
зет,заимствованное
зеттабаит,заимствованное
зефир,заимствованное
зефирный,заимствованное
зефировыя,заимствованное
зиверт,заимствованное
зигз,русское
зигзаг,заимствованное
зигзагообрый,русское
зигота,заимствованное
зие,русское
зиж,русское
зиккурат,заимствованное
зикра,заимствованное
зима,русское
зимник,русское
зимовать,русское
зимовка,русское
зимовник,русское
зимовщик,русское
зимовье,русское
зимостоикия,русское
зить,русское
зия,русское
зка,русское
зкия,русское
злак,русское
злиться,русское
зло,русское
злоба,русское
злобный,русское
злободневный,русское
злобствовать,русское
зловещие,русское
зловоние,русское
зловонный,русское
зловредный,русское
злодеиския,русское
злодеиство,русское
злодеиствовать,русское
злодей,русское
злодеяние,русское
злой,русское
злокачественный,русское
злоключение,русское
злонамеренность,русское
злонамеренный,русское
злоп,русское
злопамятный,русское
злопол,русское
злополучный,русское
злорадный,русское
злорадство,русское
злорадствовать,русское
злословие,русское
злословить,русское
злостный,русское
злость,русское
злоумышленник,русское
злоумышленный,русское
злоупотребить,русское
злоупотребление,русское
зм,заимствованное
змеевидный,русское
змеевик,русское
змеик,русское
зна,русское
знак,русское
знакомить,русское
знакомиться,русское
знакомство,русское
знакомый,русское
знаменатель,русское
знаменательный,русское
знаменитость,русское
знаменитый,русское
знаменовать,русское
знаменосец,русское
знаменщик,русское
знамя,русское
знание,русское
знанный,русское
знаток,русское
знать,русское
знахарство,русское
знахарь,русское
значение,русское
значимость,русское
значительный,русское
значить,русское
значиться,русское
значный,русское
значок,русское
зненный,русское
знование,русское
зноиный,русское
зной,русское
зный,русское
знь,русское
зо,заимствованное
зоб,русское
зов,русское
зодиа,русское
зодиак,заимствованное
зодиакальный,заимствованное
зодчество,русское
зодчий,русское
зола,русское
золевыя,заимствованное
золеный,русское
золить,русское
золовка,русское
золотарник,русское
золотистый,русское
золотить,русское
золото,заимствованное
золотовалить,заимствованное
золотоволосыя,русское
золотодобыв,русское
золотоискатель,русское
золотой,русское
золотоносный,русское
золотопромышленник,русское
золотопромышленность,русское
золотосодерж,русское
золототысячник,русское
золотошвеик,русское
золоудал,русское
золоулавливание,русское
золоченый,русское
золь,заимствованное
зольник,русское
зольность,русское
зоман,заимствованное
зомби,заимствованное
зомбирование,заимствованное
зомбированность,заимствованное
зомбировать,заимствованное
зона,заимствованное
зональность,русское
зональный,заимствованное
зонд,заимствованное
зондаж,заимствованное
зондирование,заимствованное
зондировать,заимствованное
зондовыя,заимствованное
зонирование,заимствованное
зонировать,заимствованное
зонный,русское
зонт,заимствованное
зонтик,заимствованное
зонтичный,русское
зоо,заимствованное
зообентос,заимствованное
зоогеография,заимствованное
зоолог,заимствованное
зоологическия,заимствованное
зоология,заимствованное
зоомагазин,заимствованное
зооморфизм,заимствованное
зооморфическия,заимствованное
зооморфный,заимствованное
зооморфь,заимствованное
зоонить,заимствованное
зооноз,заимствованное
зоопарк,заимствованное
зоопланктон,заимствованное
зоопопуляция,заимствованное
зоопсихолог,заимствованное
зоопсихология,заимствованное
зоосад,русское
зооспора,заимствованное
зооспорангий,заимствованное
зоотехник,заимствованное
зоотехническия,заимствованное
зоотехния,заимствованное
зоофаг,заимствованное
зоофил,заимствованное
зоофилия,заимствованное
зоофобия,заимствованное
зооценоз,заимствованное
зооцид,заимствованное
зооцидность,заимствованное
зооцидный,заимствованное
зорба,заимствованное
зорбинга,заимствованное
зорбингист,заимствованное
зорбинговыя,заимствованное
зорбонавт,заимствованное
зоркия,русское
зороастризм,заимствованное
зороастрииския,заимствованное
зочный,русское
зраза,заимствованное
зрастный,русское
зрачок,русское
зрелище,русское
зрелищный,русское
зрелость,русское
зрелый,русское
зрение,русское
зреть,русское
зримый,русское
зритель,русское
зрительный,русское
зрячий,русское
зуб,русское
зубец,русское
зубило,русское
зубной,русское
зуборезный,русское
зубчатка,русское
зубчатый,русское
зум,заимствованное
зумереть,заимствованное
зуммер,заимствованное
зурна,заимствованное
зчик,русское
зыбкия,русское
зыбучий,русское
зыбь,русское
зычный,русское
зь,заимствованное
зюид,заимствованное
зябнуть,русское
зябь,русское
зять,русское
иберпреступление,русское
иберпреступность,русское
иберпространство,русское
ибис,заимствованное
ибробезопасный,русское
ивающие,русское
ивента,заимствованное
ивомонетничество,русское
ивомонетчик,русское
иврит,заимствованное
игиеведа,русское
игиов,заимствованное
игиоведа,русское
игла,русское
иглотерапия,русское
игнорировать,заимствованное
иголка,русское
игольчатый,русское
игопечатание,русское
игорный,русское
иготорговец,русское
иготорговля,русское
игра,русское
игральный,русское
играть,русское
игрек,заимствованное
игривыя,русское
игрок,русское
игротека,русское
игрушечный,русское
игрушка,русское
игуана,заимствованное
игумен,заимствованное
игуменья,заимствованное
ида,заимствованное
идеал,заимствованное
идеали,русское
идеализация,заимствованное
идеализировать,заимствованное
идеализм,заимствованное
идеалист,заимствованное
идеалистическия,заимствованное
идеалистичный,заимствованное
идеальный,заимствованное
идеиность,русское
идеиный,русское
идентификатор,заимствованное
идентификационный,заимствованное
идентификация,заимствованное
идентифицировать,заимствованное
идентифицироваться,русское
идентичность,заимствованное
идентичный,заимствованное
идеограмма,заимствованное
идеографическия,заимствованное
идеография,заимствованное
идеоизображение,русское
идеоинформация,русское
идеокамера,русское
идеоконференция,русское
идеократическия,заимствованное
идеократия,заимствованное
идеолог,заимствованное
идеологема,русское
идеологизация,заимствованное
идеологизированный,русское
идеологизировать,заимствованное
идеологическия,заимствованное
идеология,заимствованное
идеомагнитофон,русское
идеоматериал,русское
идеопродукция,русское
идеопроизводство,русское
идеосалон,русское
идеотерминал,русское
идеотехник,русское
идеоустроиство,русское
идефикс,русское
идея,заимствованное
идиллическия,русское
идиллия,заимствованное
идиоадаптация,заимствованное
идиом,заимствованное
идиоматизм,русское
идиоматика,заимствованное
идиоматическия,заимствованное
идиосинкразия,заимствованное
идиот,заимствованное
идиотизм,заимствованное
идиотия,заимствованное
идиш,заимствованное
идол,заимствованное
идолопоклонство,русское
идолопокнуть,заимствованное
идообразование,русское
идроакустик,русское
идрогенератор,русское
идрогеолог,русское
идрогеология,русское
идроизоля,русское
идроизоляция,русское
идромассаж,русское
идромелиорация,русское
идромеханизация,русское
идромеханик,русское
идросистема,русское
идротурбин,русское
идроэла,русское
идроэлектрическия,русское
идти,русское
ие,русское
иезуит,заимствованное
иезуитския,заимствованное
иезуй,русское
иерарх,заимствованное
иерархическия,заимствованное
иерархия,заимствованное
иерей,заимствованное
иероглиф,заимствованное
иероглифика,заимствованное
иероглифическия,заимствованное
иеродьякон,заимствованное
иеродьяконския,заимствованное
иеромонах,заимствованное
иести,заимствованное
иждивенец,русское
иждивение,русское
иждивенство,русское
иждивенческия,русское
иждивенчество,русское
изба,русское
избавить,русское
избавиться,русское
избало,русское
избалованный,русское
избаловать,русское
избегать,русское
избегаться,русское
избиение,русское
избиратель,русское
избирательный,русское
избирать,русское
избить,русское
избранник,русское
избранный,русское
избрать,русское
избыток,русское
избыточный,русское
известие,русское
известить,русское
известковать,русское
известковыя,русское
известность,русское
известный,русское
известняк,русское
известь,русское
извечный,русское
извещение,русское
извиваться,русское
извилина,русское
извилистый,русское
извинение,русское
извинительный,русское
извинить,русское
извиниться,русское
извить,русское
извлечение,русское
извлечь,русское
извоз,русское
изворотливыя,русское
извратить,русское
извратиться,русское
извращение,русское
извращенный,русское
изгиб,русское
изгнание,русское
изгнанник,русское
изгнать,русское
изгой,русское
изготовитель,русское
изготовить,русское
изготовиться,русское
издаваться,русское
издание,русское
издатель,русское
издательство,русское
издать,русское
издевательския,русское
издевательство,русское
издеваться,русское
изделие,русское
издержка,русское
изер,русское
изжить,русское
изжога,русское
изиолечение,русское
изиотерапевт,русское
изиотерапия,русское
изкорентабельный,русское
излечимый,русское
излечить,русское
излечиться,русское
излить,русское
излишек,русское
излишество,русское
излишествовать,русское
излишнии,русское
излияние,русское
изложение,русское
изложить,русское
изложница,русское
излом,русское
изломанный,русское
изломать,русское
изломаться,русское
излучатель,русское
излучать,русское
излучаться,русское
излучина,русское
излёт,русское
измельчать,русское
измельчитель,русское
измельчить,русское
измельчиться,русское
измена,русское
изменение,русское
изменить,русское
измениться,русское
изменник,русское
изменчивость,русское
изменчивыя,русское
изменяться,русское
измерение,русское
измери,русское
измеримый,русское
измеритель,русское
измерительный,русское
измерить,русское
изможденный,русское
изморозить,русское
изморось,русское
измочалить,русское
измучить,русское
измучиться,русское
измыслить,русское
измышление,русское
измять,русское
изнанка,русское
изнаночный,русское
изнасиловать,русское
изначальный,русское
изнашиваемость,русское
изнепонимание,русское
изнесинкубатор,русское
изнескласс,русское
износ,русское
износить,русское
износиться,русское
износостый,русское
износоусто,русское
изношенный,русское
изнурительный,русское
изнурить,русское
изобара,заимствованное
изобарическия,заимствованное
изобарный,заимствованное
изобата,русское
изобилие,русское
изобиловать,русское
изобильный,русское
изобличать,русское
изобличитель,русское
изобличительный,русское
изобличить,русское
изображ,русское
изображать,русское
изображение,русское
изобразительный,русское
изобразить,русское
изобразиться,русское
изобрести,заимствованное
изобретатель,русское
изобретательный,русское
изобретательство,русское
изобретение,русское
изоглосса,заимствованное
изогнутый,русское
изогнуть,русское
изогнуться,русское
изогона,заимствованное
изогональный,заимствованное
изоклина,заимствованное
изолгаться,русское
изолиния,заимствованное
изолированный,русское
изолировать,заимствованное
изолироваться,русское
изолировка,русское
изолировочный,русское
изолировщик,русское
изолятор,заимствованное
изоляционизм,заимствованное
изоляционист,заимствованное
изоляционистския,заимствованное
изоляционный,заимствованное
изоляция,заимствованное
изомер,заимствованное
изомеризация,заимствованное
изомерия,заимствованное
изометрия,заимствованное
изоморфизм,заимствованное
изоморфный,заимствованное
изопроцесс,заимствованное
изорвать,русское
изотерма,заимствованное
изотермическия,заимствованное
изотермный,заимствованное
изотоническия,русское
изотоп,заимствованное
изотопный,заимствованное
изотропия,заимствованное
изотропный,заимствованное
изохор,заимствованное
изохорическия,заимствованное
изохорный,заимствованное
изохро,заимствованное
изохронный,русское
изощр,русское
изощрение,русское
изощренный,русское
изощрить,русское
изощриться,русское
изощряться,русское
изоэдр,заимствованное
изразец,русское
изранить,русское
израсходовать,русское
израсходоваться,русское
изрезанный,русское
изрезать,русское
изречение,русское
изрешетить,русское
изуверския,русское
изуверство,русское
изувеченный,русское
изувечить,русское
изумительный,русское
изумить,русское
изумиться,русское
изумление,русское
изумруд,заимствованное
изуродовать,русское
изученный,русское
изучить,русское
изъесть,русское
изъявить,русское
изъязвить,русское
изъязвление,русское
изъян,русское
изъятие,русское
изъять,русское
изыскание,русское
изысканный,русское
изыскатель,русское
изыскать,русское
изыскаться,русское
изюм,заимствованное
изящество,русское
изящный,русское
ика,русское
икебана,заимствованное
икия,русское
ико,заимствованное
икона,заимствованное
иконка,заимствованное
иконный,заимствованное
иконоборец,русское
иконографическия,заимствованное
иконография,заимствованное
иконописец,русское
иконописный,русское
иконопись,русское
иконостас,заимствованное
иконостасный,заимствованное
икосаэдр,заимствованное
икра,русское
икробиология,русское
икрокалькуль,заимствованное
икрокалькулятор,русское
икрофотография,русское
икрохирургия,русское
икроэлектроника,русское
икроэлемент,русское
икс,заимствованное
ил,заимствованное
иланга,заимствованное
илера,русское
илестроение,русское
илистый,русское
иллициум,заимствованное
иллюзионизм,заимствованное
иллюзионист,заимствованное
иллюзионистския,заимствованное
иллюзионный,заимствованное
иллюзия,заимствованное
иллюзорность,заимствованное
иллюзорный,заимствованное
иллюминатор,заимствованное
иллюминаторный,заимствованное
иллюминационный,заимствованное
иллюминация,заимствованное
иллюминировать,заимствованное
иллюстративность,заимствованное
иллюстративный,заимствованное
иллюстратор,заимствованное
иллюстрационный,заимствованное
иллюстрация,заимствованное
иллюстрирование,заимствованное
иллюстрированный,заимствованное
иллюстрировать,заимствованное
иль,заимствованное
ильнодеиствующие,русское
ильнопересеченный,русское
имаго,заимствованное
имажинизм,заимствованное
имажинист,заимствованное
имам,заимствованное
имамат,заимствованное
имамизм,заимствованное
имамит,заимствованное
имамитския,заимствованное
имамския,заимствованное
имбирь,заимствованное
имеить,русское
имение,русское
именинник,русское
именной,русское
именовать,русское
именоваться,русское
иметь,русское
иметься,русское
имидж,заимствованное
имиджевыя,заимствованное
имиджмеикер,заимствованное
имиджмеикерския,заимствованное
имиджмеикерство,заимствованное
имит,заимствованное
имитатор,заимствованное
имитацио,заимствованное
имитационный,заимствованное
имитация,заимствованное
имитировать,заимствованное
имм,русское
имманентный,заимствованное
иммерсивность,заимствованное
иммерсивный,заимствованное
иммигрант,заимствованное
иммигрантския,заимствованное
иммиграционный,заимствованное
иммиграция,заимствованное
иммигрировать,заимствованное
иммобилизационный,заимствованное
иммобилизация,заимствованное
иммобилизовать,русское
имморализм,русское
иммунизация,заимствованное
иммунизировать,заимствованное
иммунитет,заимствованное
иммунный,заимствованное
иммуно,заимствованное
иммунобиология,русское
иммуногенез,русское
иммуноглобулин,заимствованное
иммунодепрессант,заимствованное
иммунодефицит,заимствованное
иммунодиагностика,заимствованное
иммунодиагностическия,заимствованное
иммунолог,русское
иммунологическия,заимствованное
иммунология,заимствованное
иммуномодулирующие,заимствованное
иммуномодулятор,заимствованное
иммунопатологическия,заимствованное
иммунопатология,заимствованное
иммунопатоть,русское
иммунопрофилактика,заимствованное
иммунопрофилактическия,заимствованное
иммуностимулирующие,заимствованное
иммуностимуль,русское
иммуностимулятор,заимствованное
иммунотерапевтическия,заимствованное
иммунотерапия,заимствованное
имоисключающие,русское
имообразный,русское
имообусловленный,русское
иморужие,русское
императив,русское
императивность,русское
императивный,русское
император,заимствованное
императорския,заимствованное
императрица,заимствованное
империализм,заимствованное
империалист,русское
империалистическия,заимствованное
империя,заимствованное
имперския,заимствованное
импичмент,заимствованное
имплант,заимствованное
имплантат,заимствованное
имплантационный,заимствованное
имплантация,заимствованное
имплантировать,заимствованное
имплантология,русское
имплантоть,заимствованное
имплементи,русское
имплементировать,русское
импликация,заимствованное
имплицитный,заимствованное
имплозивный,заимствованное
импозантный,заимствованное
импонировать,заимствованное
импорт,заимствованное
импортирование,заимствованное
импортировать,заимствованное
импортный,заимствованное
импортёр,заимствованное
импотент,заимствованное
импотенция,заимствованное
импрегнация,русское
импрегнировать,русское
импресарио,заимствованное
импрессионизм,заимствованное
импрессионист,заимствованное
импрессионистическия,заимствованное
импрессионистския,заимствованное
импровизация,заимствованное
импровизировать,заимствованное
импульс,заимствованное
импульсивный,заимствованное
импульсный,заимствованное
имреагент,русское
имущество,русское
имущие,русское
имя,заимствованное
имянаречение,русское
инакомыс,русское
инаугурационный,заимствованное
инаугурация,заимствованное
инбридинг,заимствованное
инбридинговыя,заимствованное
инвазивность,заимствованное
инвазивный,заимствованное
инвазионный,заимствованное
инвазия,заимствованное
инвалид,заимствованное
инвалидизация,заимствованное
инвалидность,заимствованное
инвалидный,заимствованное
инвалюта,русское
инвариант,заимствованное
инвариантность,заимствованное
инвариантный,заимствованное
инвариативный,заимствованное
инвектива,заимствованное
инвента,русское
инвентаризация,русское
инвентаризировать,русское
инвентаризовать,русское
инвентарный,заимствованное
инвентарь,заимствованное
инверсированный,русское
инверсия,заимствованное
инвертировать,русское
инвертор,русское
инвестирование,заимствованное
инвестировать,заимствованное
инвеститура,русское
инвестиционный,заимствованное
инвестиция,заимствованное
инвестор,заимствованное
инвесторския,заимствованное
инвоис,заимствованное
ингалятор,заимствованное
ингаляторий,заимствованное
ингаляционный,заимствованное
ингаляция,заимствованное
ингибировать,русское
ингибитор,заимствованное
ингредиент,заимствованное
индастриал,заимствованное
индеик,русское
индекс,заимствованное
индексация,заимствованное
индексировать,заимствованное
индексный,заимствованное
инди,заимствованное
индивид,заимствованное
индивидуализировать,заимствованное
индивидуализироваться,русское
индивидуализм,заимствованное
индивидуалист,русское
индивидуалистическия,русское
индивидуалистичный,русское
индивидуальность,русское
индивидуальный,заимствованное
индивидуум,заимствованное
индиго,заимствованное
индикатив,русское
индикативный,русское
индикатор,заимствованное
индикаторный,заимствованное
индикация,заимствованное
индифферентизм,русское
индифферентный,заимствованное
индия,заимствованное
индоевропа,русское
индоктринация,русское
индора,заимствованное
индосса,русское
индоссам,русское
индоссамент,русское
индоссант,русское
индоссат,русское
индуизм,заимствованное
индуист,заимствованное
индуистския,заимствованное
индуктивность,заимствованное
индуктивный,заимствованное
индуктор,русское
индукционный,заимствованное
индукция,заимствованное
индульгенция,заимствованное
индустриализировать,русское
индустриальный,заимствованное
индустрия,заимствованное
индуцировать,заимствованное
инер,заимствованное
инертность,заимствованное
инертный,заимствованное
инерциальный,заимствованное
инерционный,заимствованное
инерция,заимствованное
инжектор,заимствованное
инженер,заимствованное
инженерия,заимствованное
инженерный,заимствованное
инжиниринг,заимствованное
инжиниринговыя,заимствованное
инжир,заимствованное
инжирный,заимствованное
инициал,заимствованное
инициатива,заимствованное
инициативный,русское
инициатор,русское
инициация,русское
инициировать,заимствованное
иничать,русское
инкассатор,заимствованное
инкассация,заимствованное
инкассировать,заимствованное
инкассо,заимствованное
инквизитор,русское
инквизиторския,русское
инквизиционный,русское
инквизиция,заимствованное
инклюзивный,русское
инкогнито,заимствованное
инкорпорация,заимствованное
инкорпорировать,русское
инкриминирование,заимствованное
инкриминировать,заимствованное
инкрустатор,русское
инкрустация,заимствованное
инкрустировать,заимствованное
инкрустить,заимствованное
инкубатор,заимствованное
инкубаторий,русское
инкубация,заимствованное
инкубировать,русское
иннервация,заимствованное
иннервировать,заимствованное
инновационный,заимствованное
инновация,заимствованное
ино,заимствованное
иноагент,русское
иноамериканец,русское
инобытие,русское
иноверец,русское
иноверный,русское
иновещание,русское
иногородние,русское
иногравюра,русское
инодокумент,русское
инодраматургия,русское
иноземный,русское
иноиспытательный,русское
иной,русское
инок,заимствованное
инокислота,русское
иноларинголо,русское
иноман,русское
иноматериал,русское
инообразный,русское
иноплеменник,русское
инопочитание,русское
инопроизводство,русское
инородный,русское
иносказание,русское
иносказательный,русское
иностранец,русское
иностранный,русское
иность,русское
инотерапия,русское
иноутробный,русское
иноязычный,русское
инпнуть,заимствованное
инсаидер,русское
инсектицид,заимствованное
инсектицидный,заимствованное
инсеминация,русское
инсинуация,русское
инсинуировать,русское
инсоляционный,заимствованное
инсоляция,заимствованное
инспектировать,заимствованное
инспектор,заимствованное
инспекция,заимствованное
инспиратор,русское
инспирировать,заимствованное
инсталлировать,заимствованное
инсталлятор,заимствованное
инсталляционный,заимствованное
инсталляция,заимствованное
инстанция,заимствованное
инстиллировать,заимствованное
инстилляция,заимствованное
инстинкт,заимствованное
инстинктивный,русское
инстит,заимствованное
институт,заимствованное
институтка,русское
институтския,русское
институционализация,заимствованное
институционализировать,русское
институциональный,русское
институция,русское
инструктаж,заимствованное
инструктивный,заимствованное
инструктировать,заимствованное
инструктор,заимствованное
инструкторския,заимствованное
инструкть,заимствованное
инструкционный,заимствованное
инструкция,заимствованное
инструмент,заимствованное
инструментализация,заимствованное
инструментализм,заимствованное
инструменталист,заимствованное
инструментальный,заимствованное
инструментальщик,русское
инструментарий,заимствованное
инструментовка,заимствованное
инструментовочный,заимствованное
инсулин,заимствованное
инсулиновыя,заимствованное
инсулинотерапевтическия,заимствованное
инсулинотерапия,заимствованное
инсульт,заимствованное
инсультный,заимствованное
инсценировать,заимствованное
инсценировка,заимствованное
интеграл,заимствованное
интегральный,заимствованное
интегратор,заимствованное
интеграционный,заимствованное
интеграция,заимствованное
интегрирование,заимствованное
интегрировать,заимствованное
интеллект,заимствованное
интеллектуал,заимствованное
интеллектуализация,русское
интеллектуальный,заимствованное
интеллигент,заимствованное
интеллигентный,заимствованное
интеллигенция,заимствованное
интеллигибельный,заимствованное
интендант,русское
интендантство,русское
интенсивный,заимствованное
интенсифицировать,заимствованное
интенсифицироваться,заимствованное
интенция,русское
интер,заимствованное
интерактив,заимствованное
интерактивность,заимствованное
интерактивный,заимствованное
интервал,заимствованное
интервальный,заимствованное
интервент,русское
интервенция,заимствованное
интервью,заимствованное
интервьюер,заимствованное
интервьюирование,заимствованное
интервьюировать,заимствованное
интервьюй,заимствованное
интерди,русское
интердикт,русское
интерес,заимствованное
интересный,заимствованное
интересовать,заимствованное
интересоваться,заимствованное
интереть,русское
интериоризация,заимствованное
интерлюдия,русское
интермедия,русское
интермеццо,русское
интерн,заимствованное
интернат,заимствованное
интернатура,заимствованное
интернацион,русское
интернационал,русское
интернационализ,русское
интернационализация,заимствованное
интернационализи,русское
интернационализировать,заимствованное
интернационализм,заимствованное
интернационалист,русское
интернациональ,русское
интернациональный,заимствованное
интернет,заимствованное
интернетизация,заимствованное
интернетовския,заимствованное
интернирование,русское
интернировать,русское
интерпелляция,русское
интерпол,заимствованное
интерполирование,заимствованное
интерполировать,русское
интерполяция,заимствованное
интерпретатор,русское
интерпретация,заимствованное
интерпретировать,заимствованное
интерфеис,заимствованное
интерфеисный,заимствованное
интерференционный,заимствованное
интерференция,заимствованное
интерферон,русское
интерьер,заимствованное
интерьерный,заимствованное
интимный,заимствованное
интоксикация,заимствованное
интолерантность,заимствованное
интолерантный,заимствованное
интонационный,заимствованное
интонация,заимствованное
интони,заимствованное
интонировать,заимствованное
интрига,заимствованное
интриговать,русское
интроверсия,заимствованное
интроверт,заимствованное
интровертный,заимствованное
интродукция,заимствованное
интронизация,заимствованное
интроскопия,русское
интроспективный,русское
интроспекция,русское
интубация,заимствованное
интуитивизм,русское
интуитивист,русское
интуиция,заимствованное
инф,русское
инфантилизм,заимствованное
инфантильный,заимствованное
инфаркт,заимствованное
инфарктный,заимствованное
инфекционист,русское
инфекция,заимствованное
инфернальный,русское
инфильтрат,заимствованное
инфильтрация,заимствованное
инфинитив,заимствованное
инфицирование,заимствованное
инфицировать,заимствованное
инфицироваться,заимствованное
инфляционный,заимствованное
инфляция,заимствованное
инфографик,русское
информант,заимствованное
информативный,заимствованное
информатизация,заимствованное
информатизировать,заимствованное
информатика,заимствованное
информатор,заимствованное
информационнокоммуникативный,русское
информационный,заимствованное
информация,заимствованное
информировать,заимствованное
информить,заимствованное
инфразву,русское
инфразвук,русское
инфраструктура,заимствованное
инфраструктурный,заимствованное
инфузия,русское
инфузория,русское
инцест,заимствованное
инцидент,заимствованное
инъекционный,заимствованное
инъекция,заимствованное
иный,русское
ио,заимствованное
иобиблиография,русское
иог,заимствованное
иогеография,русское
иогурт,заимствованное
иод,заимствованное
иодиагностик,русское
иодирование,заимствованное
иодированный,заимствованное
иодистый,русское
иодлера,заимствованное
иодль,заимствованное
иодный,заимствованное
иодоформа,русское
иокибернетик,русское
иомеханик,русское
иомеханическия,русское
иоморфный,русское
ион,заимствованное
ионизатор,русское
ионизация,заимствованное
ионизировать,заимствованное
ионный,заимствованное
ионосфера,заимствованное
ионофорез,заимствованное
иополим,русское
иополимер,русское
иорегулятор,русское
иоритмология,русское
иосоциальный,русское
иот,заимствованное
иотация,заимствованное
иотелеметрия,русское
иотерапия,русское
иотехнология,русское
иотированный,заимствованное
иохирургия,русское
ипердиагностик,русское
иповитаминоз,русское
иподинамия,русское
иподьякон,заимствованное
ипостась,заимствованное
ипотека,заимствованное
ипотечный,заимствованное
ипохондрик,заимствованное
ипохондрия,заимствованное
ипподром,заимствованное
ипподромный,заимствованное
иппотерапевт,заимствованное
иппотерапевтическия,заимствованное
иппотерапия,заимствованное
иприт,заимствованное
иреотоксикоз,русское
иреязвенный,русское
иридия,заимствованное
иридодиагностик,заимствованное
иридодиагностическия,заимствованное
иридолгий,заимствованное
иридологическия,заимствованное
иридология,заимствованное
ирис,заимствованное
ировосприятие,русское
иронизировать,заимствованное
ироническия,заимствованное
ироничный,заимствованное
ирония,заимствованное
иросозерцание,русское
ироустроиство,русское
иррадиация,заимствованное
иррационализм,русское
иррациональность,заимствованное
иррациональный,заимствованное
ирреальный,русское
иррегулярный,русское
ирредентизм,русское
ирригатор,русское
ирригационный,заимствованное
ирригация,заимствованное
иртосодержащие,русское
иртректификат,русское
иртсырец,русское
ирусоноситель,русское
иск,заимствованное
искажение,русское
исказить,русское
исказиться,русское
искалечить,русское
искание,русское
искатель,русское
искательный,русское
искать,русское
иския,русское
исключ,русское
исключение,русское
исключительность,русское
исключительный,русское
исключить,русское
исковеркать,русское
исколоть,русское
искомый,русское
исконный,русское
ископаемый,русское
искоренить,русское
искорениться,русское
искра,русское
искренний,русское
искривить,русское
искривление,русское
искривленный,русское
искрить,русское
искриться,русское
искрогасить,русское
искрометный,русское
искроуловитель,русское
искрошить,русское
искупительный,русское
искупить,русское
искус,русское
искусать,русское
искусить,русское
искусный,русское
искусственный,русское
искусство,русское
искусствов,русское
искусствовед,русское
искусствоведение,русское
искусствознание,русское
искушение,русское
ислам,заимствованное
исламизм,заимствованное
исламист,заимствованное
исламистския,заимствованное
исламовед,русское
исламския,заимствованное
испарение,русское
испарина,русское
испаритель,русское
испарить,русское
испариться,русское
испаряемость,русское
испачкать,русское
испачкаться,русское
испепелить,русское
испечь,русское
исповедальный,русское
исповедание,русское
исповедник,русское
исповедовать,русское
исповедоваться,русское
исповедь,русское
исполин,русское
исполинския,русское
исполком,русское
исполнимый,русское
исполнительнораспорядительный,русское
исполнительный,русское
исполнительство,русское
исполнить,русское
исполниться,русское
исполнять,русское
использовать,русское
использоваться,русское
испортить,русское
испортиться,русское
испорченный,русское
исправимый,русское
исправительнотрудовой,русское
исправительный,русское
исправить,русское
исправиться,русское
исправление,русское
исправный,русское
испражнение,русское
испражниться,русское
испробовать,русское
испросить,русское
испуг,русское
испугать,русское
испугаться,русское
испускать,русское
испустить,русское
испытание,русское
испытатель,русское
испытательный,русское
испытать,русское
испытуемый,русское
иссечь,русское
исследование,русское
исследователь,русское
исследовательския,русское
исследовать,русское
иссохнуть,русское
исстрадаться,русское
исступление,русское
исступленный,русское
иссушить,русское
иссушиться,русское
иссякнуть,русское
ист,заимствованное
иственный,русское
иство,русское
иствовать,русское
истеблишмент,заимствованное
истерзать,русское
истерзаться,русское
истерика,заимствованное
истерическия,заимствованное
истеричный,заимствованное
истерия,заимствованное
истец,русское
истеча,русское
истечение,русское
истечь,русское
истик,русское
истина,русское
истинный,русское
истираемость,русское
истирание,русское
истлеть,русское
истовыя,русское
исток,русское
истолковать,русское
истопрокатный,русское
историзм,заимствованное
историк,русское
историограф,русское
историография,русское
историософия,русское
историческия,заимствованное
историчность,русское
историчный,русское
история,заимствованное
источать,русское
источник,русское
источников,русское
истощение,русское
истощенный,русское
истощить,русское
истощиться,русское
истратить,русское
истратиться,русское
истребитель,русское
истребительный,русское
истребить,русское
истребовать,русское
истый,русское
истязание,русское
истязатель,русское
истязать,русское
исход,русское
исходить,русское
исходный,русское
исходящие,русское
исхудалый,русское
исхудать,русское
исцарапать,русское
исцелить,русское
исцелиться,русское
исчебумажный,русское
исчезнуть,русское
исчерпаемость,русское
исчерпание,русское
исчерпанность,русское
исчерпать,русское
исчерпываться,русское
исчертить,русское
исчислить,русское
исчисляться,русское
ит,заимствованное
итбюро,русское
итель,русское
итерация,заимствованное
итерирование,заимствованное
итог,заимствованное
итожить,русское
итоспособный,русское
итоэлектричество,русское
итрокраска,русское
итротолуол,русское
итроцеллюлоза,русское
итроэмаль,русское
иттербий,заимствованное
иттрий,заимствованное
ить,русское
иться,русское
итэмигрант,русское
иудаизм,заимствованное
иудаист,заимствованное
иудаистския,заимствованное
иудеиския,заимствованное
иутробный,русское
ифлопедагог,русское
ихоактивный,русское
иходиагностик,русское
ихокоррекция,русское
ихомоторика,русское
ихомоторный,русское
ихопатология,русское
ихопрофилактика,русское
ихосексуальный,русское
ихосоциа,заимствованное
ихотерапия,русское
ихоэмоциональный,русское
ихтиол,заимствованное
ихтиолог,заимствованное
ихтиологическия,заимствованное
ихтиология,заимствованное
ицегубернатор,русское
ицеканцлер,русское
ицемэр,русское
ичивыя,русское
ишемическия,заимствованное
ишемия,заимствованное
ишиас,русское
ишие,русское
ищик,русское
к,заимствованное
ка,русское
кааба,заимствованное
кабала,русское
кабальный,русское
кабан,русское
каббал,заимствованное
каббалиста,заимствованное
каббалистик,заимствованное
каббалистическия,заимствованное
кабель,заимствованное
кабельный,заимствованное
кабельтовый,заимствованное
кабельщик,русское
кабестан,русское
кабина,заимствованное
кабинет,заимствованное
кабинетный,заимствованное
кабинный,заимствованное
каблограмма,русское
каблук,русское
каботаж,заимствованное
каботажный,заимствованное
кабошон,заимствованное
кабриолет,заимствованное
кабрировать,русское
кабуки,заимствованное
кавалер,заимствованное
кавалерист,русское
кавалерия,русское
кавалькада,заимствованное
каватина,заимствованное
кавер,заимствованное
каверна,заимствованное
кавернография,заимствованное
кавернозный,заимствованное
кавитация,русское
кавычка,русское
каданс,русское
кадастр,заимствованное
кадастровыя,заимствованное
каденция,русское
кадет,русское
кадка,русское
кадмий,заимствованное
кадр,заимствованное
кадрирование,заимствованное
кадрировать,заимствованное
кадровик,русское
кадровыя,заимствованное
каждодневный,русское
каз,русское
казак,русское
казарма,заимствованное
казарменный,заимствованное
казаться,русское
казачество,русское
казачий,русское
казеин,русское
каземат,русское
казенный,русское
казино,заимствованное
казна,русское
казначеиския,русское
казначеиство,русское
казначей,русское
казнить,русское
казнокрад,русское
казнокрадство,русское
казнь,русское
казуальный,заимствованное
казуист,русское
казуистика,заимствованное
казуистическия,заимствованное
казус,заимствованное
казусный,заимствованное
казённик,русское
каинозоиския,заимствованное
каинозоя,заимствованное
каит,заимствованное
каитбордер,заимствованное
каитбординг,заимствованное
каитбордист,заимствованное
каитвинга,заимствованное
каитереть,заимствованное
каитинг,заимствованное
каитинговыя,заимствованное
каитсерфингист,заимствованное
каитсёрфинг,заимствованное
какао,заимствованное
какофоническия,заимствованное
какофония,заимствованное
кал,заимствованное
каламбур,русское
калебас,заимствованное
калеидоскоп,заимствованное
калеидоскопическия,заимствованное
калеидоскопичный,заимствованное
калека,русское
календарный,заимствованное
календарь,заимствованное
калечить,русское
калечиться,русское
калибр,заимствованное
калибратор,заимствованное
калибровальный,русское
калибровать,заимствованное
калибровщик,русское
калибровыя,заимствованное
калильный,русское
калимииския,заимствованное
калимия,заимствованное
калитка,русское
калить,русское
калиться,русское
калия,заимствованное
калланетик,заимствованное
каллиграф,заимствованное
каллиграфическия,заимствованное
каллиграфия,заимствованное
каломель,русское
калори,русское
калорииность,заимствованное
калорииный,заимствованное
калориметр,русское
калориметрия,русское
калорифер,заимствованное
калориферный,заимствованное
калория,заимствованное
калька,русское
калькировать,русское
калькулировать,русское
калькулятор,русское
калькуляция,русское
кальсоны,русское
кальций,заимствованное
кальцинация,русское
кальцинировать,русское
кальцит,русское
кальян,заимствованное
камбала,русское
камбуз,русское
камедь,русское
каменистый,русское
каменноугий,русское
каменный,русское
каменоломный,русское
каменоломня,русское
каменотёс,русское
каменщик,русское
камень,русское
камео,заимствованное
камера,заимствованное
камеральный,заимствованное
камерный,заимствованное
камерофон,заимствованное
камертон,заимствованное
камикадзе,заимствованное
камин,заимствованное
каминный,заимствованное
камнепад,русское
камнерез,русское
камнерезный,русское
каморка,русское
кампания,заимствованное
кампус,русское
камуфлировать,заимствованное
камуфляж,заимствованное
камуфляжный,заимствованное
камфара,заимствованное
камфора,русское
камыш,русское
кан,русское
канава,русское
канавка,русское
канавокоп,заимствованное
канал,заимствованное
канализационный,заимствованное
канализация,заимствованное
канальный,заимствованное
канапе,заимствованное
канат,русское
канбан,заимствованное
кандела,русское
канделябр,русское
кандидат,заимствованное
кандидатския,заимствованное
кандидатура,заимствованное
канекалон,заимствованное
канзаша,заимствованное
каникросс,заимствованное
каникулы,русское
канистерапия,заимствованное
канистра,русское
канитель,русское
канифас,русское
канифоль,заимствованное
канифольный,заимствованное
каннабис,русское
каннибал,заимствованное
каннибализм,русское
канноль,заимствованное
каноинга,заимствованное
каноист,заимствованное
канон,заимствованное
канонада,русское
канонизировать,заимствованное
каноническия,заимствованное
канополый,заимствованное
каноэ,заимствованное
кант,русское
кантователь,русское
кантовать,русское
кантри,заимствованное
канун,русское
канцеляризм,русское
канцелярия,русское
канцероген,заимствованное
канцерогенез,заимствованное
канцерогенный,заимствованное
канцтовары,русское
каньон,русское
каолин,русское
каон,заимствованное
капать,русское
капелла,заимствованное
капеллан,русское
капельмеистер,русское
капельница,русское
капельный,русское
капилляр,заимствованное
капиллярность,заимствованное
капиллярный,заимствованное
капитал,заимствованное
капитализация,русское
капитализировать,русское
капитализироваться,русское
капитализм,заимствованное
капиталист,заимствованное
капиталистическия,заимствованное
капиталовложа,заимствованное
капитальный,заимствованное
капитан,заимствованное
капитанския,заимствованное
капитель,заимствованное
капитулировать,заимствованное
капитулянт,русское
капитуляция,заимствованное
капкан,русское
капкеик,заимствованное
каплевидный,русское
каплеобразный,русское
капля,заимствованное
капнуть,русское
капонир,русское
капот,заимствованное
капотировать,русское
капоэ,заимствованное
капоэирист,заимствованное
каппинг,заимствованное
капремонт,русское
каприз,русское
капризничать,русское
капризный,русское
капрон,русское
капсула,заимствованное
капсульный,заимствованное
капсюль,заимствованное
капсюльный,заимствованное
каптаж,заимствованное
каптажный,заимствованное
каптировать,заимствованное
капуста,русское
капучинатор,заимствованное
капучиный,заимствованное
капча,заимствованное
капюшо,заимствованное
капюшон,русское
кара,заимствованное
карабин,заимствованное
карабинный,заимствованное
караван,русское
караковыя,русское
каракуль,русское
карамбола,заимствованное
карамель,русское
карандаш,русское
карантин,русское
караоке,заимствованное
карат,русское
карате,заимствованное
каратель,русское
карательный,русское
каратист,заимствованное
карать,русское
караул,русское
караулить,русское
караульный,русское
карбамид,русское
карбид,русское
карболовыя,русское
карбон,заимствованное
карбонад,заимствованное
карбонар,заимствованное
карбонат,русское
карбоновыя,заимствованное
карбункул,заимствованное
карбюратор,русское
карвера,заимствованное
карвинга,заимствованное
карго,заимствованное
кардан,русское
карданный,русское
кардиалгия,русское
кардиган,заимствованное
кардинал,русское
кардинальный,русское
кардинга,заимствованное
кардио,заимствованное
кардиограмма,заимствованное
кардиограф,заимствованное
кардиографическия,заимствованное
кардиография,заимствованное
кардиолог,заимствованное
кардиологическия,заимствованное
кардиология,заимствованное
кардиосклеро,заимствованное
кардиостимуль,заимствованное
кардиоцентр,русское
кардмеикинг,заимствованное
кардёр,заимствованное
каретка,русское
кариатида,заимствованное
кариес,заимствованное
кариион,заимствованное
карикатура,русское
карикатурист,русское
карикатурный,русское
карильон,заимствованное
карильонный,заимствованное
кариозный,заимствованное
каркас,заимствованное
каркасный,заимствованное
карма,заимствованное
кармазин,русское
карман,русское
карманный,русское
карнавал,заимствованное
карнавальный,заимствованное
карниз,заимствованное
карпаччо,заимствованное
карст,заимствованное
карстовыя,заимствованное
карта,заимствованное
картавить,русское
картавыя,русское
картбланш,русское
картель,русское
картер,русское
картечь,русское
картина,русское
картинг,заимствованное
картингист,заимствованное
картинговыя,заимствованное
картинка,русское
картинный,русское
картировать,русское
картограмма,русское
картограф,заимствованное
картографировать,русское
картографическия,русское
картография,русское
картодр,заимствованное
картон,русское
картонаж,русское
картонка,русское
картотека,русское
картофелеводство,русское
картофелевый,русское
картофель,русское
карточка,русское
картридер,заимствованное
картридж,заимствованное
картхолдер,заимствованное
карусель,русское
карцер,русское
карьер,русское
карьера,заимствованное
карьеризм,русское
карьерный,заимствованное
карьерь,русское
касательство,русское
касаться,русское
каска,заимствованное
каскад,заимствованное
каскадный,заимствованное
каскадёр,русское
каскетка,русское
касса,заимствованное
кассатор,русское
кассационный,заимствованное
кассация,заимствованное
кассета,русское
кассир,русское
кассировать,русское
кассоворасчетный,русское
каста,заимствованное
кастаньета,заимствованное
кастаньетный,заимствованное
кастелянша,русское
кастет,русское
кастовость,русское
кастовыя,заимствованное
кастрат,русское
кастрюля,русское
катаклизм,заимствованное
катакомба,русское
каталепсическия,заимствованное
каталепсия,заимствованное
каталептическия,заимствованное
катализ,заимствованное
катализатор,заимствованное
катализировать,заимствованное
каталитическия,заимствованное
каталог,заимствованное
каталогизировать,русское
каталоговыя,заимствованное
каталожный,заимствованное
катамаран,русское
катание,русское
катаный,русское
катапульта,русское
катапультировать,русское
катапультироваться,русское
катар,заимствованное
катаракт,заимствованное
катарсис,заимствованное
катархеиския,заимствованное
катархея,заимствованное
катастро,русское
катастрофа,заимствованное
катастрофи,русское
катастрофическия,заимствованное
катастрофичный,русское
катать,русское
кататься,русское
катафалк,русское
катафот,заимствованное
категоризация,русское
категорическия,русское
категоричный,русское
категория,заимствованное
катер,заимствованное
катет,заимствованное
катетер,заимствованное
катетеризация,заимствованное
катетерный,заимствованное
катехизация,заимствованное
катехизис,заимствованное
катион,русское
катить,русское
катиться,русское
катод,заимствованное
катодный,заимствованное
каток,русское
католик,заимствованное
католикос,заимствованное
католицизм,заимствованное
католическия,заимствованное
католичество,заимствованное
каторга,русское
катушка,русское
кауза,заимствованное
каузальность,заимствованное
каузальный,заимствованное
каустик,русское
каучук,заимствованное
каучуконос,русское
кафе,заимствованное
кафедра,заимствованное
кафедральный,заимствованное
кафель,заимствованное
кафельный,заимствованное
кафетерий,заимствованное
каффа,заимствованное
качать,русское
качаться,русское
качели,русское
качественный,русское
качество,русское
каша,русское
кашель,русское
кашемир,заимствованное
кашемировыя,заимствованное
кашеобразный,русское
кашица,русское
кашлять,русское
кашне,заимствованное
каюта,русское
каяк,заимствованное
каякер,заимствованное
каякинг,заимствованное
каякинговыя,заимствованное
каяться,русское
каячный,заимствованное
кв,заимствованное
квад,заимствованное
квадрант,заимствованное
квадрат,заимствованное
квадратичный,заимствованное
квадратногнездовой,русское
квадратный,заимствованное
квадратура,заимствованное
квадрига,русское
квадриквел,заимствованное
квадриллион,русское
квадрокоптер,заимствованное
квадрокоптерный,заимствованное
квадроцикл,заимствованное
квадроциклетный,заимствованное
квадроциклист,заимствованное
квазар,заимствованное
квазарный,заимствованное
квази,заимствованное
квакать,русское
квалитативный,русское
квалификационный,русское
квалификация,заимствованное
квалифицированный,заимствованное
квалифицировать,заимствованное
квалифицироваться,русское
квант,заимствованное
квантифика,русское
квантификация,русское
квантование,русское
квантовый,русское
квантовыя,заимствованное
квантор,заимствованное
кварк,заимствованное
кварта,заимствованное
квартал,заимствованное
квартальный,заимствованное
квартет,заимствованное
квартетный,заимствованное
квартира,заимствованное
квартирант,русское
квартировать,русское
квартиросъёмщик,русское
квартплата,русское
кварц,заимствованное
кварцевание,заимствованное
кварцевыя,заимствованное
кварцит,русское
квашеный,русское
квест,заимствованное
квиллинга,заимствованное
квинтет,заимствованное
квинтетный,заимствованное
квинтэссенция,заимствованное
квитанция,русское
квн,русское
кворум,заимствованное
квота,заимствованное
квотировать,заимствованное
квотный,заимствованное
кевлар,русское
кегель,заимствованное
кегельный,заимствованное
кегль,заимствованное
кеик,заимствованное
кеип,заимствованное
кеис,заимствованное
кеитеринг,заимствованное
кеитеринговыя,заимствованное
кекс,заимствованное
кел,заимствованное
кембрииския,заимствованное
кембрий,заимствованное
кемекс,заимствованное
кемпинг,заимствованное
кемпинговыя,заимствованное
кенаф,русское
кепи,русское
кепка,русское
керамзит,заимствованное
керамика,заимствованное
керамическия,заимствованное
кератит,русское
кератотомия,русское
керлера,заимствованное
керлинговыя,заимствованное
керн,заимствованное
кернер,русское
керосин,русское
кесадилья,заимствованное
кесарев,русское
кессон,заимствованное
кессонный,заимствованное
кетгут,русское
кефир,заимствованное
кибатлет,заимствованное
кибатлетика,заимствованное
кибатлетическия,заимствованное
кибатлонист,заимствованное
кибатлоно,заимствованное
кибер,заимствованное
кибернетизация,заимствованное
кибернетик,русское
кибернетика,заимствованное
кибернетическия,заимствованное
киберпанк,заимствованное
киберсквоттереть,заимствованное
киберсквоттинг,заимствованное
киберспорт,заимствованное
киберспортивный,заимствованное
киберспортсмен,заимствованное
кибитка,русское
киборг,заимствованное
кивать,русское
киви,заимствованное
кивок,русское
кигуруметь,заимствованное
кидать,русское
кидаться,русское
кикбоксерския,заимствованное
кикбоксинг,заимствованное
кикбоксинговыя,заимствованное
кикбоксёр,заимствованное
кикер,заимствованное
кикскутер,заимствованное
кикскутеринг,заимствованное
киллер,русское
кило,заимствованное
килобаит,заимствованное
килобаитный,заимствованное
килобаитовыя,заимствованное
килобит,заимствованное
килобитный,заимствованное
килобитовыя,заимствованное
киловатт,русское
киловаттчас,русское
килограмм,русское
килограммовыя,русское
километр,русское
километраж,русское
километровыя,русское
киль,заимствованное
кинг,заимствованное
кинематика,заимствованное
кинематическия,заимствованное
кинематограф,заимствованное
кинематографист,русское
кинематографическия,заимствованное
кинематографичный,русское
кинематография,заимствованное
кинескоп,русское
кинестезия,русское
кинетика,заимствованное
кинетическия,заимствованное
кинжал,русское
кино,заимствованное
киноа,заимствованное
киноактёр,русское
киноаппарат,русское
киноаппаратура,русское
кинобизнес,русское
киноварь,русское
киновед,русское
киноведение,русское
кинограмма,русское
киножурнал,русское
кинозал,русское
кинозритель,русское
киноиндустрия,заимствованное
киноискусство,русское
кинокамера,русское
кинокартина,русское
кинокомедия,русское
кинокомпания,русское
киноконцертный,русское
кинокритик,русское
кинолента,русское
кинолог,заимствованное
кинологическия,заимствованное
кинология,заимствованное
кинолюбитель,русское
киномеханик,русское
кинооператор,русское
кинопередвижка,русское
киноплёнка,русское
кинопроба,русское
кинопродукция,русское
кинопроектор,русское
кинопрокат,русское
кинопром,русское
кинопромышленность,русское
кинорежиссёр,русское
кинорепортёр,русское
кинорынок,русское
киносеанс,заимствованное
киносеть,русское
киностудия,русское
киносценарий,русское
киносъёмка,русское
кинотеатр,заимствованное
киноустановка,русское
кинофестиваль,русское
кинофильм,русское
кинофицировать,русское
кинофорум,русское
кинохроника,русское
киноцентр,русское
киноэкран,русское
кинуть,русское
кинуться,русское
киоск,русское
кипер,заимствованное
кипеть,русское
кипятильник,русское
кипятить,русское
кипятиться,русское
кипяток,русское
кипяченый,русское
кирига,заимствованное
кириллица,русское
кириллическия,русское
кирка,русское
кирпич,русское
кирпичный,русское
кисель,русское
кисломолый,русское
кислород,русское
кислота,русское
кислотность,русское
кислотный,русское
кислотоупо,русское
кислый,заимствованное
киснуть,русское
киста,заимствованное
кистевидный,русское
кистень,русское
кистозный,заимствованное
кисть,русское
кит,заимствованное
китель,русское
китч,заимствованное
китчевыя,заимствованное
кичиться,русское
киш,заимствованное
кишечник,русское
кишка,заимствованное
кия,заимствованное
кки,заимствованное
кл,русское
клавесин,заимствованное
клавесинист,заимствованное
клавесинный,заимствованное
клавиатура,заимствованное
клавиатурный,заимствованное
клавиша,заимствованное
клавишник,заимствованное
клавишный,заимствованное
клад,заимствованное
кладбище,русское
кладовая,русское
кладовщик,русское
кладь,заимствованное
клан,заимствованное
клановость,заимствованное
клановыя,заимствованное
кланяться,русское
клапан,заимствованное
клапанный,заимствованное
кларификатор,заимствованное
кларификация,заимствованное
класс,заимствованное
классик,заимствованное
классика,заимствованное
классификатор,заимствованное
классификационный,заимствованное
классификация,заимствованное
классифицировать,заимствованное
классицизм,заимствованное
классическия,заимствованное
классность,русское
классный,русское
классовыя,русское
класся,заимствованное
кластер,заимствованное
кластеризация,заимствованное
кластерный,заимствованное
класть,русское
клатч,заимствованное
клаузула,заимствованное
клаустрофоб,заимствованное
клаустрофобия,заимствованное
клафутить,заимствованное
клевета,русское
клеветать,русское
клеветник,русское
клеенчатый,русское
клееный,русское
клеикия,русское
клеиковин,русское
клеимитя,русское
клеистереть,русское
клеить,русское
клей,русское
клекотать,русское
клемма,русское
клепальный,русское
клепальщик,русское
клепаный,русское
клепать,русское
клерикал,заимствованное
клерикализм,заимствованное
клерикальный,заимствованное
клерк,заимствованное
клета,русское
клетка,русское
клетушка,русское
клетчатка,русское
клетчатый,русское
клеть,заимствованное
клещ,русское
клещевина,русское
клещевой,русское
клеёнка,русское
кливер,русское
клиент,заимствованное
клиентския,заимствованное
клизма,русское
клик,заимствованное
кликать,заимствованное
кликбеитный,заимствованное
кликбеить,заимствованное
климакс,заимствованное
климаксовыя,заимствованное
климактерий,заимствованное
климат,заимствованное
климатическия,заимствованное
климатолог,русское
климатологическия,заимствованное
климатология,заимствованное
климатотерапевтическия,заимствованное
климатотерапия,заимствованное
клин,русское
клинер,заимствованное
клиника,заимствованное
клининга,заимствованное
клининговыя,заимствованное
клиницист,русское
клиническия,заимствованное
клинкер,заимствованное
клинкерный,заимствованное
клиновидный,русское
клинок,русское
клинопись,русское
клинч,заимствованное
клип,заимствованное
клипмеикер,заимствованное
клиповыя,заимствованное
клиренс,русское
клиринг,заимствованное
клиринговыя,заимствованное
клиф,заимствованное
клич,русское
кличка,русское
клише,заимствованное
клиширование,заимствованное
клоака,русское
клозет,русское
клон,заимствованное
клонирование,заимствованное
клонировать,заимствованное
клоун,заимствованное
клоунада,заимствованное
клуб,заимствованное
клубень,русское
клубника,русское
клубный,заимствованное
клумба,заимствованное
ключ,русское
ключевой,русское
ключица,русское
клюшка,русское
клясться,русское
клятва,русское
клятвенный,русское
клятвопрест,русское
клёпка,русское
клёш,заимствованное
кн,заимствованное
книга,русское
книговедение,русское
книгоизд,русское
книгоиздательство,русское
книголюб,русское
книгообм,русское
книгохранить,заимствованное
книжка,русское
книжник,русское
книжный,русское
кнопка,заимствованное
кнопочный,заимствованное
кнут,русское
кнутовище,русское
княжество,русское
князь,русское
коагулировать,заимствованное
коагулироваться,заимствованное
коагулянт,заимствованное
коагулят,заимствованное
коагуляция,заимствованное
коаксиальный,заимствованное
коалиционный,заимствованное
коалиция,заимствованное
кобальт,русское
кобель,русское
кобура,русское
ковалентный,заимствованное
кованый,русское
ковариация,заимствованное
коварный,русское
коварство,русское
ковать,русское
коваться,русское
коверкать,русское
ковид,заимствованное
ковидный,заимствованное
ковкия,русское
ковочный,русское
ковровыя,русское
ковш,русское
ковыя,русское
ковёр,русское
когезионный,заимствованное
когезия,заимствованное
когерентность,заимствованное
когерентный,заимствованное
когеренция,русское
когнитивизм,заимствованное
когнитивист,заимствованное
когнитивистика,заимствованное
когнитивистския,заимствованное
когнитивный,заимствованное
когнитология,заимствованное
когниция,заимствованное
когорта,заимствованное
когортный,заимствованное
коготь,русское
код,заимствованное
кодек,заимствованное
кодекс,заимствованное
кодер,заимствованное
кодирование,заимствованное
кодировать,заимствованное
кодировка,заимствованное
кодировщик,русское
кодификатор,русское
кодификация,заимствованное
кодифицировать,заимствованное
кодовыя,заимствованное
кожа,русское
кожаный,русское
кожевенный,русское
кожух,русское
козловыя,русское
козни,русское
козырёк,русское
козёл,русское
коик,русское
коитус,русское
кок,русское
кока,заимствованное
кокаин,русское
кокарда,русское
кокиль,русское
кокк,заимствованное
кокковыя,заимствованное
коклюш,заимствованное
коклюшный,заимствованное
кокон,заимствованное
кокос,заимствованное
кокосовыя,заимствованное
кокс,заимствованное
коксоха,русское
кокт,русское
коктеиль,заимствованное
коктеильный,заимствованное
кол,заимствованное
кола,заимствованное
колба,русское
колбаса,русское
колбаска,русское
колготки,заимствованное
колебание,русское
колебать,русское
колебаться,русское
колеблющиися,русское
колено,заимствованное
коленопреклоненный,русское
коленчатый,русское
колер,русское
колесный,русское
колесо,заимствованное
колесовать,русское
колея,русское
коли,заимствованное
колика,русское
колит,заимствованное
колицин,заимствованное
количество,русское
колкия,русское
колкость,русское
коллаборационизм,русское
коллаборационист,русское
коллаборация,русское
коллаген,русское
коллаж,заимствованное
коллаидер,заимствованное
коллаидерный,заимствованное
коллапс,заимствованное
коллапсировать,заимствованное
коллапсный,заимствованное
коллапсовыя,заимствованное
коллатер,заимствованное
коллатеральный,русское
коллега,заимствованное
коллегиальность,заимствованное
коллегиальный,заимствованное
коллегия,заимствованное
колледж,заимствованное
коллектив,заимствованное
коллективизация,русское
коллективизм,заимствованное
коллективист,русское
коллективистския,русское
коллективный,заимствованное
коллектор,заимствованное
коллекторный,заимствованное
коллекторския,заимствованное
коллекционер,русское
коллекционировать,русское
коллекция,русское
коллизионный,заимствованное
коллизия,заимствованное
коллинеарность,заимствованное
коллинеарный,заимствованное
коллодий,русское
коллоид,заимствованное
коллоидный,заимствованное
коллоквиум,заимствованное
колода,русское
колодезный,русское
колодец,русское
колодка,русское
колокол,русское
колокольный,русское
колокольня,русское
колокольчик,русское
колониализм,заимствованное
колониалист,заимствованное
колониальный,заимствованное
колониз,русское
колонизатор,заимствованное
колонизация,заимствованное
колонизировать,заимствованное
колонизовать,заимствованное
колонист,русское
колония,заимствованное
колонка,русское
колонна,заимствованное
колоннада,заимствованное
колоннадный,заимствованное
колонный,заимствованное
колонтитул,заимствованное
колонцифра,русское
колориметр,русское
колорист,русское
колорит,заимствованное
колоритный,заимствованное
колос,русское
колоситься,русское
колосник,русское
колосовидный,русское
колоссальный,русское
колоть,русское
колоться,русское
колофон,русское
колпак,русское
колумбарий,русское
колумнист,русское
колхоз,русское
колхозник,русское
колчедан,русское
колыбель,русское
колыбельный,русское
кольпит,заимствованное
кольпоскоп,заимствованное
кольпоскопия,заимствованное
кольт,заимствованное
кольцевать,русское
кольцо,русское
кольчатый,русское
колючий,русское
колючка,русское
коляска,русское
кома,заимствованное
команда,заимствованное
командарм,русское
командир,заимствованное
командировать,русское
командировка,русское
командирския,русское
командный,заимствованное
командование,русское
командовать,русское
командор,заимствованное
комар,русское
коматозный,заимствованное
комба,заимствованное
комбаин,русское
комбаинер,русское
комбат,заимствованное
комбатант,русское
комбикорм,русское
комбинат,русское
комбинативный,заимствованное
комбинато,русское
комбинаторика,заимствованное
комбинаторный,заимствованное
комбинационный,заимствованное
комбинация,заимствованное
комбинезон,русское
комбинировать,заимствованное
комбинироваться,заимствованное
комбриг,русское
комдив,русское
комедииный,заимствованное
комедиограф,заимствованное
комедия,заимствованное
комель,русское
комендант,русское
комендантския,русское
комендатура,русское
комета,заимствованное
кометный,заимствованное
комизм,русское
комик,заимствованное
комикс,заимствованное
комильфо,заимствованное
комиссар,заимствованное
комиссариат,русское
комиссионер,заимствованное
комиссионный,заимствованное
комиссия,заимствованное
комитент,заимствованное
комитет,заимствованное
комическия,заимствованное
комичный,заимствованное
комкать,русское
комковатый,русское
коммандист,русское
коммандитный,русское
комменсализм,заимствованное
комментарий,заимствованное
комментатор,русское
комменти,русское
комментировать,заимствованное
коммерсант,заимствованное
коммерциализация,заимствованное
коммерциализировать,заимствованное
коммерциализироваться,заимствованное
коммерция,заимствованное
коммерческия,заимствованное
коммивояжёр,заимствованное
коммуна,русское
коммунальный,русское
коммунар,русское
коммунизм,заимствованное
коммуникабельный,русское
коммуникант,заимствованное
коммуникативный,заимствованное
коммуникатор,русское
коммуникационный,заимствованное
коммуникация,заимствованное
коммунист,заимствованное
коммунистическия,заимствованное
коммуницировать,русское
коммутативность,заимствованное
коммутатор,русское
коммутация,русское
коммюнике,заимствованное
комната,русское
комнатный,русское
комок,русское
компакт,заимствованное
компактдиск,русское
компакткасса,русское
компактный,русское
компания,заимствованное
компаньон,заимствованное
компаративизм,русское
компаративист,русское
компаративистика,русское
компартия,русское
компас,русское
компаунд,русское
компендий,русское
компендиум,русское
компенсатор,русское
компенсаторный,заимствованное
компенсатый,русское
компенсацио,русское
компенсационный,заимствованное
компенсация,заимствованное
компенсировать,заимствованное
компенсироваться,русское
компетентность,заимствованное
компетентный,заимствованное
компетенция,заимствованное
компилировать,русское
компилятивный,русское
компилятор,русское
компиляция,русское
комплаенс,заимствованное
компланарность,заимствованное
компланарный,заимствованное
комплекс,заимствованное
комплексный,заимствованное
комплект,заимствованное
комплектный,русское
комплектовать,русское
комплектовочный,русское
комплектовщик,русское
комплекция,русское
комплемент,заимствованное
комплементарность,заимствованное
комплементарный,заимствованное
комплимент,заимствованное
комплиментарный,заимствованное
компо,заимствованное
композит,русское
композитор,русское
композиционный,заимствованное
композиция,заимствованное
компонент,заимствованное
компоновать,русское
компоновка,русское
компоновочный,русское
компост,заимствованное
компостер,русское
компостировать,русское
компость,русское
компот,русское
компресс,русское
компрессия,русское
компрессор,русское
компрометация,заимствованное
компрометирование,заимствованное
компрометировать,заимствованное
компромисс,заимствованное
компьютер,заимствованное
компьютеризация,заимствованное
компьютеризировать,заимствованное
компьютеризовать,русское
компьютерный,заимствованное
комсомол,русское
комсомолец,русское
комфорт,заимствованное
комфортабельный,заимствованное
комфортный,заимствованное
кон,заимствованное
конва,русское
конвеиер,заимствованное
конвеиерный,заимствованное
конвектор,заимствованное
конвекторный,заимствованное
конвекция,заимствованное
конвент,русское
конвенциональный,заимствованное
конвенционный,заимствованное
конвенция,заимствованное
конвергентный,заимствованное
конвергенция,заимствованное
конверсионный,заимствованное
конверсия,заимствованное
конверт,заимствованное
конвертация,заимствованное
конвертер,русское
конвертирование,заимствованное
конвертировать,заимствованное
конвертируемый,русское
конвоиный,русское
конвоир,русское
конвоировать,русское
конвой,русское
конволюта,русское
конвульсивный,русское
конвульсия,русское
конгломерат,заимствованное
конгломеративный,заимствованное
конгломератный,заимствованное
конголезец,русское
конгра,заимствованное
конгрегационный,заимствованное
конгрегация,заимствованное
конгресс,заимствованное
конгрессмен,русское
конгруэ,заимствованное
конгруэнтный,русское
конденсат,заимствованное
конденсатор,заимствованное
конденсация,заимствованное
конденсировать,заимствованное
конденсироваться,заимствованное
кондикция,русское
кондитер,заимствованное
кондитерский,заимствованное
кондитерския,заимствованное
кондиционер,заимствованное
кондиционирование,заимствованное
кондиционировать,русское
кондиционный,русское
кондиция,заимствованное
кондоминиум,заимствованное
кондуктор,русское
конец,русское
конечный,русское
коническия,заимствованное
конклав,заимствованное
конклюдентный,заимствованное
конкретизировать,заимствованное
конкретный,заимствованное
конкур,заимствованное
конкурент,заимствованное
конкурентный,заимствованное
конкуренция,заимствованное
конкурировать,заимствованное
конкурный,заимствованное
конкурс,заимствованное
конкурсант,русское
конкурсный,заимствованное
коннозаводство,русское
коннотация,русское
конный,русское
конокрад,русское
конокрадство,русское
коноплеводство,русское
коноплеуборочный,русское
конопля,русское
конопляник,русское
коносамент,заимствованное
консалтинг,заимствованное
консалтинговыя,заимствованное
консенсус,заимствованное
консервант,заимствованное
консервативный,заимствованное
консерватизм,заимствованное
консерватор,заимствованное
консерватория,заимствованное
консервация,заимствованное
консервировать,заимствованное
консервироваться,русское
консервы,заимствованное
консигнант,русское
консигнатор,заимствованное
консигнационный,заимствованное
консигнация,заимствованное
консилиум,заимствованное
консилиумный,заимствованное
консистентный,русское
консистенция,русское
конския,русское
консолидация,заимствованное
консолидировать,заимствованное
консолидироваться,заимствованное
консоль,заимствованное
консольный,заимствованное
консоме,заимствованное
консонанс,заимствованное
консонансный,заимствованное
консонант,заимствованное
консонантный,заимствованное
консорциум,заимствованное
консорция,заимствованное
конспект,русское
конспективный,русское
конспектировать,русское
конспиративный,русское
конспиратор,русское
конспирация,русское
конспирировать,русское
конспиролог,русское
конспирология,русское
константа,заимствованное
константный,русское
констатация,заимствованное
констатировать,заимствованное
констатироваться,русское
констелляция,русское
конституанта,заимствованное
конституировать,русское
конститутивный,русское
конституционализм,русское
конституционноправовой,русское
конституционность,русское
конституционный,заимствованное
конституция,заимствованное
конструировать,заимствованное
конструкт,русское
конструктивизм,русское
конструктивист,русское
конструктивность,русское
конструктивный,заимствованное
конструктор,заимствованное
конструкционный,русское
конструкция,заимствованное
консул,заимствованное
консульския,заимствованное
консульство,заимствованное
консультант,русское
консультативный,русское
консультация,заимствованное
консультировать,заимствованное
консультироваться,заимствованное
консумент,заимствованное
консументный,заимствованное
консьерж,русское
консьюмеризм,русское
консюмеризм,заимствованное
конт,заимствованное
контагиозность,заимствованное
контагиозный,заимствованное
контакт,заимствованное
контактировать,заимствованное
контактный,заимствованное
контамин,русское
контаминация,русское
контеинер,русское
контеинеризация,русское
контеинерный,русское
контеинеровоз,русское
контекст,заимствованное
контекстный,заимствованное
контекстуальный,заимствованное
контент,заимствованное
контентный,заимствованное
контингент,русское
континент,заимствованное
континентализм,заимствованное
континентальный,заимствованное
континуитет,русское
континуум,заимствованное
континуумный,заимствованное
контокоррент,русское
контора,заимствованное
контрабанда,русское
контрабандист,русское
контрагент,заимствованное
контрадикторный,русское
контражур,заимствованное
контракт,заимствованное
контрактант,заимствованное
контрактация,заимствованное
контрактный,заимствованное
контрактовать,русское
контрактоваться,русское
контрактура,заимствованное
контральто,заимствованное
контрамарка,русское
контрапункт,русское
контрарный,русское
контраст,заимствованное
контрастировать,русское
контрастный,заимствованное
контратенор,заимствованное
контрафакт,русское
контрафактность,русское
контрафактный,заимствованное
контрафакция,заимствованное
контрацептив,русское
контрацептивный,русское
контрацепция,русское
контрибуция,русское
контрманёвр,русское
контрнаступление,русское
контрове,заимствованное
контроверза,русское
контролировать,русское
контроллер,заимствованное
контроль,заимствованное
контрольнонадзорный,русское
контрольный,заимствованное
контролёр,русское
контрразва,заимствованное
контртеррористическия,заимствованное
контртитул,заимствованное
контрфо,заимствованное
контрфорс,заимствованное
контры,заимствованное
контрэска,заимствованное
контуженый,русское
контузить,русское
контузия,заимствованное
контур,заимствованное
контурный,заимствованное
конус,заимствованное
конусный,заимствованное
конусовить,заимствованное
конусообразный,русское
конфедеративный,заимствованное
конфедерация,заимствованное
конфекцион,русское
конфера,заимствованное
конференция,заимствованное
конфессиональный,заимствованное
конфессия,заимствованное
конфета,русское
конфигурационный,заимствованное
конфигурация,заимствованное
конфигурировать,заимствованное
конфиденциальный,русское
конфирмация,русское
конфискат,русское
конфискация,заимствованное
конфисковать,русское
конфликт,заимствованное
конфликтный,заимствованное
конфликтолог,русское
конфликтология,заимствованное
конфля,русское
конфорка,заимствованное
конформизм,заимствованное
конформист,заимствованное
конформистския,русское
конформный,русское
конфронтация,заимствованное
конфуз,русское
конфузить,русское
конфузиться,русское
конфузия,русское
концентр,заимствованное
концентрат,заимствованное
концентратный,заимствованное
концентратор,заимствованное
концентрация,заимствованное
концентрированный,русское
концентрировать,заимствованное
концентрироваться,заимствованное
концентрическия,заимствованное
концентричный,заимствованное
концепт,заимствованное
концептуализация,заимствованное
концептуализировать,русское
концептуализм,заимствованное
концептуалист,заимствованное
концептуальный,заимствованное
концепция,заимствованное
концерн,заимствованное
концерт,заимствованное
концертино,заимствованное
концертировать,русское
концертмеистер,русское
концертный,заимствованное
концессионер,русское
концессионный,заимствованное
концессия,заимствованное
концо,русское
концовка,русское
концть,русское
кончик,русское
кончина,русское
кончить,русское
кончиться,русское
конъектура,заимствованное
конъюнктив,заимствованное
конъюнктивит,заимствованное
конъюнктура,заимствованное
конъюнктурный,заимствованное
конъюнкция,русское
конь,заимствованное
конькобежец,русское
конькобежный,русское
коньяк,русское
конюшня,русское
конёк,русское
кооператив,заимствованное
кооперативногосударственный,русское
кооперативный,заимствованное
кооператор,русское
кооперация,заимствованное
кооперировать,русское
кооперироваться,русское
кооптация,заимствованное
кооптировать,русское
координата,заимствованное
координатор,заимствованное
координация,русское
координированный,русское
координировать,заимствованное
координироваться,русское
копа,заимствованное
копать,русское
копаться,русское
копеечный,русское
копеик,русское
копилка,русское
копираит,заимствованное
копираитер,заимствованное
копираитинг,заимствованное
копировальномножительный,русское
копировальный,заимствованное
копирование,заимствованное
копировать,заимствованное
копировщик,русское
копить,русское
копиться,русское
копия,заимствованное
копоть,русское
коптереть,заимствованное
коптерный,заимствованное
коптильный,русское
коптильня,русское
коптить,русское
коптиться,русское
копуляция,русское
копчение,русское
копченый,русское
копчик,русское
копчёность,русское
копыто,русское
копьё,русское
копёр,русское
кор,заимствованное
кора,русское
корабельный,русское
кораблевождение,русское
кораблекрушение,русское
кораблестроение,русское
кораблестроитель,русское
корабль,русское
коран,русское
корд,заимствованное
кордебалет,заимствованное
кордебалетный,заимствованное
кордон,русское
корениться,русское
коренной,русское
корень,русское
коренья,русское
корзина,русское
коридор,заимствованное
коридорный,русское
коричневыя,русское
корка,русское
корковыя,русское
корм,русское
кормилец,русское
кормить,русское
кормиться,русское
кормление,русское
кормокухня,русское
корморазда,заимствованное
корморезка,русское
кормоцех,русское
кормушка,русское
корневище,русское
корнеплод,русское
короб,русское
коробка,русское
корова,русское
королева,русское
королевство,русское
король,русское
корона,заимствованное
коронавирус,заимствованное
коронавирусный,заимствованное
коронарный,заимствованное
коронация,русское
короновать,русское
короноваться,русское
короткия,русское
коротковолновыя,русское
короткометражный,русское
корп,русское
корпоратив,заимствованное
корпоративность,заимствованное
корпоративный,заимствованное
корпорация,заимствованное
корпус,заимствованное
корпускула,заимствованное
корпускулярный,заимствованное
корпусноить,заимствованное
корпусный,заимствованное
корра,русское
корректив,заимствованное
корректирование,заимствованное
корректировать,заимствованное
корректировка,заимствованное
корректировочный,русское
корректировщик,заимствованное
корректный,русское
корректор,заимствованное
корректорския,заимствованное
корректура,заимствованное
коррекционный,заимствованное
коррекция,заимствованное
коррелировать,русское
коррелят,русское
коррелятивный,русское
корреляция,заимствованное
корреспондент,заимствованное
корреспондентския,заимствованное
корреспонденция,заимствованное
корреспондирование,заимствованное
корреспондировать,заимствованное
корреспондироваться,заимствованное
корригировать,русское
корродировать,русское
корродироваться,русское
коррозииный,заимствованное
коррозионный,заимствованное
коррозировать,русское
коррозия,заимствованное
коррумпированный,заимствованное
коррумпировать,заимствованное
коррумпироваться,русское
коррупцион,русское
коррупционер,заимствованное
коррупционный,заимствованное
коррупция,заимствованное
корсет,заимствованное
корт,заимствованное
кортеж,русское
кортик,русское
корунд,русское
корыстный,русское
корыстолюбец,русское
корыстолюбивыя,русское
корыстолюбие,русское
корысть,русское
корыто,русское
корь,заимствованное
косвенный,русское
косинус,заимствованное
косметика,заимствованное
косметическия,заимствованное
косметолог,русское
косметология,русское
космизм,русское
космическия,заимствованное
космо,заимствованное
космогония,русское
космодром,заимствованное
космологическия,заимствованное
космология,заимствованное
космонавт,заимствованное
космонавтика,русское
космополит,заимствованное
космополитизация,русское
космополитизм,заимствованное
космополитическия,заимствованное
космополитичный,заимствованное
космос,заимствованное
коснеть,русское
косноязычие,русское
косноязычный,русское
косный,русское
косолапость,русское
коста,русское
костенеть,русское
костный,русское
костоправ,русское
косточка,русское
косточковыя,русское
костыль,русское
кость,русское
костюм,заимствованное
костяк,русское
костёл,заимствованное
костёр,русское
косынка,русское
кот,заимствованное
котангенс,заимствованное
котелок,русское
котировальный,заимствованное
котировать,заимствованное
котироваться,заимствованное
котировка,заимствованное
котировочный,заимствованное
котлета,русское
котлован,русское
котловина,русское
коттедж,заимствованное
коттеджный,заимствованное
котёл,заимствованное
кофе,заимствованное
кофеварка,русское
кофеин,русское
кофеиникнуть,русское
кофеиный,заимствованное
кофеиня,заимствованное
кофемашин,заимствованное
кофемолка,русское
кофр,заимствованное
кочанный,русское
кочевать,русское
кошелёк,русское
кошерный,заимствованное
кошка,русское
кошма,русское
кощунственный,русское
кощунство,русское
кощунствовать,русское
коэволюция,русское
коэффициент,заимствованное
кпсс,русское
кр,заимствованное
краб,заимствованное
краденый,русское
краевед,русское
краеведение,русское
краево,русское
краевой,русское
краеугольный,русское
кража,русское
краинии,русское
краиность,русское
кран,русское
крановщик,русское
крапивница,русское
красивыя,русское
краситель,русское
красить,русское
краситься,русское
краска,русское
краскопульт,русское
красноармеиския,русское
красногвардеиския,русское
краснозём,русское
красноречивыя,русское
красноречие,русское
краснуха,русское
красный,русское
красть,русское
красться,русское
краткия,русское
кратковременный,русское
кратковёр,русское
краткосрочный,русское
кратный,русское
крафт,заимствованное
крах,заимствованное
крашеный,русское
края,русское
креатив,заимствованное
креативный,заимствованное
креативщик,заимствованное
креатор,заимствованное
креатура,заимствованное
креационизм,заимствованное
креветка,русское
кред,заимствованное
кредит,заимствованное
кредитка,заимствованное
кредитный,заимствованное
кредитовать,русское
кредитор,заимствованное
кредо,русское
креисера,заимствованное
креисерския,заимствованное
крекинг,заимствованное
крекинговыя,заимствованное
крекировать,заимствованное
крем,заимствованное
креманка,русское
крематорий,русское
кремация,русское
кремировать,русское
кремнезём,русское
кремний,русское
кремовыя,заимствованное
крен,русское
кренить,русское
крениться,русское
кренометр,русское
креозот,русское
крепить,русское
крепиться,русское
крепкия,русское
крепл,заимствованное
крепление,русское
крепленый,русское
крепнуть,русское
крепь,русское
крепёж,русское
кресло,русское
крест,русское
крестец,русское
крестильный,русское
крестить,русское
креститься,русское
крестовина,русское
крестообрый,русское
крестьянин,русское
крестьянка,русское
крестьянство,русское
кретин,заимствованное
кретинизм,русское
крещендо,заимствованное
крещение,русское
крещенския,русское
крещеный,русское
кривая,русское
кривизна,русское
кривиться,русское
кривой,русское
криволина,русское
кривошип,русское
криз,заимствованное
кризис,заимствованное
кризисный,заимствованное
крик,русское
крикет,заимствованное
крикетист,заимствованное
крикетный,заимствованное
криминал,заимствованное
криминализация,русское
криминализи,русское
криминализировать,русское
криминализовать,русское
криминализоваться,русское
криминалист,заимствованное
криминалистика,заимствованное
криминалистическия,заимствованное
криминалитет,заимствованное
криминальный,заимствованное
криминогенность,заимствованное
криминогенный,заимствованное
криминолог,русское
криминологическия,заимствованное
криминология,заимствованное
крио,заимствованное
криоагент,заимствованное
криобиологическия,заимствованное
криобиология,заимствованное
криогенез,заимствованное
криогенииския,заимствованное
криогений,заимствованное
криогеника,заимствованное
криогенный,заимствованное
криоконсервация,заимствованное
криология,русское
крионик,заимствованное
криостаз,заимствованное
криохимическия,заимствованное
криохимия,заимствованное
криптограмма,русское
криптография,русское
криптозоиския,заимствованное
криптозоя,заимствованное
криптомерия,русское
криптон,русское
кристалл,заимствованное
кристаллизация,заимствованное
кристаллизировать,русское
кристаллизироваться,русское
кристаллизовать,русское
кристаллизоваться,заимствованное
кристаллит,заимствованное
кристаллическия,заимствованное
кристаллография,русское
кристаллоид,заимствованное
кристальный,русское
критерий,заимствованное
критериум,заимствованное
критик,заимствованное
критика,заимствованное
критикан,заимствованное
критиковать,русское
критицизм,русское
критическия,заимствованное
критичный,заимствованное
кричать,русское
кришна,заимствованное
кришнаизм,заимствованное
кришнаит,заимствованное
кро,русское
кровавыя,русское
кровать,русское
кровельный,русское
кровеносный,русское
кроветворение,русское
кровля,русское
кровноро,русское
кровный,русское
кровоизлие,русское
кровоподтёк,русское
кровопролитие,русское
кровопролитный,русское
кровопускание,русское
кровосмесительный,русское
кровосмешение,русское
кровососущие,русское
кровотечение,русское
кровоток,русское
кровоточивость,русское
кровоточивыя,русское
кровоточить,русское
кровь,русское
крокет,заимствованное
крокетист,заимствованное
крокетный,заимствованное
кроки,заимствованное
крокодил,русское
кролик,русское
кроль,заимствованное
кроманьонец,заимствованное
кромка,русское
кромлех,заимствованное
кромсать,русское
крона,русское
кронверк,русское
кронштеин,русское
кропотливыя,русское
кросс,заимствованное
кроссинг,заимствованное
кроссовер,русское
кроссовок,заимствованное
кроссовыя,заимствованное
крошка,русское
кру,русское
круассан,заимствованное
круг,русское
круглогодичный,русское
круглогубцы,русское
круглоса,русское
круглосуточный,русское
круглый,русское
кругляк,русское
круговой,русское
круговорот,русское
круговращение,русское
кругозор,русское
кругосветный,русское
кружить,русское
кружиться,русское
кружка,русское
кружок,русское
круиз,заимствованное
круизный,заимствованное
крупа,русское
крупеник,русское
крупногабари,русское
крупнозернистый,русское
крупнокать,русское
крупнотонный,русское
крупный,русское
крупье,заимствованное
крутизна,русское
крутить,русское
крутиться,русское
крутой,русское
крушение,русское
крушить,русское
крылатый,русское
крыло,заимствованное
крыловидный,русское
крылый,русское
крыльцо,русское
крыса,русское
крыться,русское
крыша,русское
крышка,русское
крюк,заимствованное
крючковатый,русское
крючкотворный,русское
крючкотворския,русское
крючок,русское
кс,заимствованное
ксенобио,заимствованное
ксенобиотик,заимствованное
ксенон,русское
ксенофоб,заимствованное
ксенофобия,заимствованное
ксенофобный,заимствованное
ксерография,русское
ксерокопировать,заимствованное
ксерокопия,заимствованное
ксерокс,заимствованное
ксеротизация,заимствованное
ксероформ,русское
ксилит,русское
ксилография,русское
ксилолит,русское
ксилофон,заимствованное
ксилофонист,заимствованное
ксилофонный,заимствованное
кстовыя,русское
кт,заимствованное
ктереть,русское
ктик,заимствованное
ктность,русское
ктный,русское
кто,заимствованное
ктор,заимствованное
куб,заимствованное
кубатура,заимствованное
кубизм,заимствованное
кубист,заимствованное
кубическия,заимствованное
кубовыя,русское
кубок,русское
кубометр,русское
кубышка,русское
кувалда,русское
кувезти,заимствованное
кузен,заимствованное
кузина,заимствованное
кузов,русское
кук,русское
кукловод,русское
кукольный,русское
кукуруза,русское
кула,заимствованное
кулак,русское
кулинар,заимствованное
кулинария,заимствованное
кулон,заимствованное
кулуар,заимствованное
кулуарный,заимствованное
кульбит,русское
кульман,русское
кульминационный,русское
кульминация,русское
культ,заимствованное
культиватор,русское
культивационный,русское
культивация,русское
культивировать,русское
культмассовыя,русское
культовость,заимствованное
культовыя,заимствованное
культпоход,русское
культработник,русское
культтовары,русское
культура,заимствованное
культуризм,заимствованное
культурист,заимствованное
культурнобытовой,русское
культурновоспитательный,русское
культурномассовыя,русское
культурнопросветительный,русское
культурный,заимствованное
культуролог,русское
культурология,русское
культуросфера,заимствованное
культя,русское
кумир,заимствованное
кумовство,заимствованное
кумуляция,русское
кунг,заимствованное
кунсткамера,русское
купальный,русское
купать,русское
купаться,русское
купеиный,русское
купец,русское
купирование,заимствованное
купировать,заимствованное
купить,русское
куплет,заимствованное
куплетист,заимствованное
куплетный,заимствованное
купол,заимствованное
купольный,заимствованное
купон,заимствованное
купонный,заимствованное
купорос,русское
купра,заимствованное
купро,заимствованное
купюра,заимствованное
купюрный,заимствованное
куратор,заимствованное
кураторство,русское
курвиметр,русское
курган,русское
курение,русское
курильщик,русское
куриный,русское
курировать,русское
курительный,русское
курить,русское
курица,русское
курковыя,русское
курок,русское
курорт,заимствованное
курортолог,русское
курортология,русское
курс,заимствованное
курсант,русское
курсив,русское
курсировать,русское
курсо,русское
курсовой,заимствованное
курсор,заимствованное
курт,заимствованное
куртаж,русское
куртка,русское
куртуазный,русское
курултай,русское
курьер,заимствованное
курьерския,заимствованное
кусать,русское
кусаться,русское
кусковой,русское
куснуть,русское
кусок,русское
куст,заимствованное
кустарник,русское
кустарниковыя,русское
кустарничать,русское
кустарничество,русское
кустарничка,русское
кустарный,русское
кустарь,русское
кустовой,русское
кусторез,русское
кутать,русское
кутюрье,заимствованное
кухня,заимствованное
кухонный,заимствованное
куча,русское
кучный,русское
кушетка,русское
кция,русское
кэндо,заимствованное
кэндоистския,заимствованное
кэндоистый,заимствованное
кэптивный,заимствованное
кэптить,заимствованное
кэш,заимствованное
кэширование,заимствованное
кэшировать,заимствованное
кювета,заимствованное
кюри,заимствованное
кюрий,русское
кёрлинг,заимствованное
кёрлингист,заимствованное
ла,заимствованное
лабиализация,заимствованное
лабиализованный,заимствованное
лабиализовать,заимствованное
лабиальность,заимствованное
лабиальный,заимствованное
лабильность,заимствованное
лабильный,заимствованное
лабиринт,заимствованное
лабиринтный,заимствованное
лаборант,заимствованное
лаборантския,заимствованное
лаборатория,заимствованное
лабораторный,заимствованное
лабрадор,заимствованное
лабрадорный,заимствованное
лабрадоровыя,заимствованное
лава,заимствованное
лаванда,заимствованное
лавандный,заимствованное
лавандовыя,заимствованное
лаваш,заимствованное
лавашный,заимствованное
лавина,заимствованное
лавинный,заимствованное
лавинообразный,заимствованное
лавиноопасность,заимствованное
лавиноопасный,заимствованное
лавирование,заимствованное
лавировать,заимствованное
лавка,русское
лавовыя,заимствованное
лавр,заимствованное
лавровыя,заимствованное
лавсан,русское
лаг,заимствованное
лагенарий,заимствованное
лагер,русское
лагерный,заимствованное
лагерь,заимствованное
лагман,заимствованное
лагманный,заимствованное
лаговыя,заимствованное
лагуна,заимствованное
лагунный,заимствованное
лад,заимствованное
ладить,русское
ладиться,русское
ладка,русское
ладный,русское
ладонь,русское
ладья,русское
лажа,заимствованное
лаз,русское
лазание,заимствованное
лазарет,русское
лазать,русское
лазеик,русское
лазер,заимствованное
лазерный,заимствованное
лазеротерапевт,заимствованное
лазеротерапевтическия,заимствованное
лазеротерапеть,заимствованное
лазеротерапия,заимствованное
лазертаг,заимствованное
лазерщик,заимствованное
лазить,русское
лаидетектор,заимствованное
лаик,заимствованное
лаикра,заимствованное
лаикровыя,заимствованное
лаим,заимствованное
лаимад,заимствованное
лаимквата,заимствованное
лаимовыя,заимствованное
лаинбредный,заимствованное
лаинбридинг,заимствованное
лаинбридинговыя,заимствованное
лаинер,заимствованное
лаинерския,заимствованное
лаинсмена,заимствованное
лаитбокс,заимствованное
лаитпостер,заимствованное
лак,заимствованное
лакировальный,заимствованное
лакирование,заимствованное
лакированный,заимствованное
лакировать,заимствованное
лакировка,заимствованное
лакировочный,заимствованное
лакировщик,заимствованное
лакмус,заимствованное
лакмусовыя,заимствованное
лаковыя,заимствованное
лакокраска,русское
лаконизм,заимствованное
лаконическия,русское
лаконичный,заимствованное
лакримоз,заимствованное
лакрица,заимствованное
лакричник,заимствованное
лакричный,заимствованное
лактационный,заимствованное
лактация,заимствованное
лакто,заимствованное
лактобактерия,заимствованное
лактовегетарианец,заимствованное
лактовегетарианство,заимствованное
лактогенез,заимствованное
лактогенный,заимствованное
лактоза,заимствованное
лактотерапевтическия,заимствованное
лактотерапия,заимствованное
лактофлави,заимствованное
лактофлавин,заимствованное
лакуна,заимствованное
лакунарность,заимствованное
лакунарный,заимствованное
лакунный,заимствованное
лалофобия,заимствованное
лама,заимствованное
ламаизм,заимствованное
ламаист,заимствованное
ламаистския,заимствованное
ламаркизм,заимствованное
ламаркист,заимствованное
ламаркистския,заимствованное
ламбада,заимствованное
ламбадный,заимствованное
ламбрекен,заимствованное
ламель,заимствованное
ламельный,заимствованное
ламенто,заимствованное
ламинариевыя,заимствованное
ламинария,заимствованное
ламинарность,заимствованное
ламинарный,заимствованное
ламинат,заимствованное
ламинатный,заимствованное
ламинатор,заимствованное
ламинация,заимствованное
ламинирование,заимствованное
ламинированный,заимствованное
ламинировать,заимствованное
ламинэктомия,заимствованное
ламистер,заимствованное
ламистерный,заимствованное
лампа,заимствованное
лампада,русское
лампас,заимствованное
лампион,заимствованное
ламповый,заимствованное
ламповыя,заимствованное
лампочка,русское
лангет,заимствованное
лангуст,заимствованное
ландо,заимствованное
ландшафт,заимствованное
ландшафтный,заимствованное
ландшафтовед,заимствованное
ландшафтоведение,заимствованное
ландшафтоведческия,заимствованное
ланный,русское
ланолин,заимствованное
ланолиновыя,заимствованное
лантан,заимствованное
лантаноид,русское
ланцет,заимствованное
ланцетный,заимствованное
ланцетовидный,заимствованное
ланцетовь,русское
ланч,заимствованное
ланчбокс,заимствованное
лапа,заимствованное
лапароскоп,заимствованное
лапароскопическия,заимствованное
лапароскопия,заимствованное
лапаротомическия,заимствованное
лапаротомия,заимствованное
лапидарность,заимствованное
лапидарный,заимствованное
ларго,заимствованное
ларингальный,заимствованное
ларингит,заимствованное
ларингитный,заимствованное
ларинго,заимствованное
ларингографическия,заимствованное
ларингография,заимствованное
ларинголог,заимствованное
ларингологическия,заимствованное
ларингология,заимствованное
ларингоскоп,заимствованное
ларингоскопическия,заимствованное
ларингоскопия,заимствованное
ларинготрахеит,заимствованное
ларингофон,заимствованное
ларингофонный,заимствованное
ларь,русское
ларёк,русское
лассо,заимствованное
ласт,русское
ласточка,русское
лата,заимствованное
латекс,заимствованное
латексный,заимствованное
лательный,русское
латенсификация,заимствованное
латентность,заимствованное
латентный,заимствованное
латеральность,заимствованное
латеральный,заимствованное
латерит,заимствованное
латеритизация,заимствованное
латеритный,заимствованное
латин,заимствованное
латинизация,заимствованное
латинизировать,заимствованное
латинизм,заимствованное
латиница,заимствованное
латта,заимствованное
латук,заимствованное
латунный,заимствованное
латунь,заимствованное
латынь,заимствованное
лать,заимствованное
латься,русское
лаундж,заимствованное
лауреат,заимствованное
лауреатския,заимствованное
лауреатство,заимствованное
лафет,заимствованное
лафетный,заимствованное
лацкан,заимствованное
лацканный,заимствованное
лацци,заимствованное
лгать,заимствованное
лгун,заимствованное
лдеть,русское
лдникнуть,русское
лебёдка,русское
леветь,русское
левизна,заимствованное
левитация,заимствованное
левитировать,русское
левкас,заимствованное
левкасить,заимствованное
левкасный,заимствованное
левобережный,русское
левобережье,русское
левосторонния,русское
левофланговыя,русское
левоцентризм,русское
левыя,русское
лег,заимствованное
легализация,заимствованное
легализирование,заимствованное
легализировать,заимствованное
легализироваться,заимствованное
легализм,заимствованное
легализовать,заимствованное
легализоваться,заимствованное
легализовывать,заимствованное
легалистския,заимствованное
легальный,заимствованное
легат,заимствованное
легатиссимо,заимствованное
легато,заимствованное
легатския,заимствованное
легенда,заимствованное
легендарность,заимствованное
легендарный,заимствованное
легизм,русское
легинс,заимствованное
легион,заимствованное
легионелла,заимствованное
легионеллезный,заимствованное
легионеллёз,заимствованное
легионер,заимствованное
легионерския,заимствованное
легионный,заимствованное
легирование,заимствованное
легировать,заимствованное
легислатура,заимствованное
легитимационный,заимствованное
легитимация,заимствованное
легитимизация,заимствованное
легитимизирование,заимствованное
легитимизировать,заимствованное
легитимизироваться,заимствованное
легитимизм,заимствованное
легитимировать,заимствованное
легитимироваться,заимствованное
легитимист,заимствованное
легитимистския,заимствованное
легитимность,заимствованное
легитимный,заимствованное
легк,заимствованное
легкия,русское
легкоатлет,русское
легкоатлетическия,русское
легковерие,русское
легковерный,русское
легковес,русское
легковесный,русское
легковой,русское
легкомысленный,русское
легкомыслие,русское
легкоплавкий,русское
лего,заимствованное
ледерин,заимствованное
ледериновыя,заимствованное
леди,заимствованное
ледник,русское
ледовыя,русское
ледокол,русское
ледопад,русское
ледорез,русское
ледоруб,русское
ледостав,русское
ледоход,русское
леер,русское
лежать,русское
лежачий,русское
лезвие,русское
лезть,русское
леиб,заимствованное
леибла,заимствованное
леик,русское
леикемия,заимствованное
леикоза,заимствованное
леикома,заимствованное
леикопластырь,заимствованное
леикоцит,заимствованное
леикоцитарный,заимствованное
леикоцитный,заимствованное
леикоцитоз,заимствованное
леитенант,русское
леитмотив,заимствованное
леитмотивный,заимствованное
леицин,заимствованное
леицит,заимствованное
леишманиоз,заимствованное
леишманиозный,заимствованное
леишманиома,заимствованное
леишмания,заимствованное
леишманоид,заимствованное
лекало,русское
лекарство,русское
лекс,русское
лексема,заимствованное
лексика,заимствованное
лексикограф,заимствованное
лексикографическия,заимствованное
лексикография,заимствованное
лексиколог,заимствованное
лексикологическия,заимствованное
лексикология,заимствованное
лексикон,заимствованное
лексическия,заимствованное
лектор,заимствованное
лекторий,заимствованное
лекторския,заимствованное
лекторство,заимствованное
лекционный,заимствованное
лекция,заимствованное
лелеять,русское
лемма,заимствованное
лемонграсса,заимствованное
лемонкват,заимствованное
лен,русское
ленд,заимствованное
ленивыя,русское
лениться,русское
ленный,русское
леность,русское
лента,русское
ленточник,русское
ленточный,русское
лентяй,русское
лень,русское
лепесток,русское
лепить,русское
лепиться,русское
лепка,русское
лепнина,русское
лепной,русское
лепра,заимствованное
лепрозорий,заимствованное
лепта,русское
лептон,заимствованное
лептонный,заимствованное
лептоспироз,заимствованное
лептоспирозный,заимствованное
лера,заимствованное
лерство,русское
лес,русское
лесбииския,заимствованное
лесбиянка,заимствованное
лесбиянския,заимствованное
лесбиянство,заимствованное
лесистость,русское
лесистый,русское
лесник,русское
лесничество,русское
лесничий,русское
лесной,русское
лесоведение,русское
лесовод,русское
лесоводство,русское
лесовоз,русское
лесозащий,русское
лесозащитный,русское
лесокомбин,заимствованное
лесопарк,русское
лесоперево,русское
лесопиление,русское
лесопилка,русское
лесопильный,русское
лесопоса,русское
лесор,русское
лесоразрабо,русское
лесоруб,русское
лесосека,русское
лесосплав,русское
лесоспуск,русское
лесостепь,русское
лесотаска,русское
лесотундра,русское
лесоустро,русское
лесохий,русское
лессировать,заимствованное
лессировка,заимствованное
лессовидный,заимствованное
лессовыя,заимствованное
лестадианина,заимствованное
лестадианския,заимствованное
лестадианство,заимствованное
лестница,русское
лестный,русское
лесть,русское
летальность,заимствованное
летальный,заимствованное
летаргик,заимствованное
летаргическия,заимствованное
летаргия,заимствованное
летательный,русское
летать,русское
лететь,русское
летие,русское
летка,русское
летнии,русское
летный,русское
лето,русское
летоисчисл,русское
летосчисло,русское
летучий,русское
летучка,русское
лец,русское
лецитин,заимствованное
лецитиновыя,заимствованное
лечебный,русское
лечить,русское
лечиться,русское
лечо,заимствованное
лечь,русское
лж,русское
лжепроро,русское
лжесвид,русское
лжец,русское
лживыя,русское
ли,заимствованное
лиа,заимствованное
лиана,заимствованное
лиановыя,заимствованное
либерал,заимствованное
либерализация,заимствованное
либерализировать,заимствованное
либерализм,заимствованное
либерализовать,заимствованное
либерализоваться,заимствованное
либерально,заимствованное
либеральность,заимствованное
либеральный,заимствованное
либертарианец,заимствованное
либертарианство,заимствованное
либерти,заимствованное
либидо,заимствованное
либреттист,заимствованное
либретто,заимствованное
ливень,русское
ливер,заимствованное
ливерный,заимствованное
ливневыя,русское
ливость,русское
ливреиный,заимствованное
ливрея,заимствованное
ливыя,русское
лига,заимствованное
лигаза,заимствованное
лигазный,заимствованное
лиганд,заимствованное
лигандный,заимствованное
лигатура,заимствованное
лигатурный,заимствованное
лигнин,заимствованное
лигниновыя,заимствованное
лигнит,заимствованное
лигнитовыя,заимствованное
лигроин,заимствованное
лигроиновыя,заимствованное
лидер,заимствованное
лидерския,заимствованное
лидерство,заимствованное
лидировать,заимствованное
лидокаин,заимствованное
лидокаиновыя,заимствованное
лие,русское
лиз,заимствованное
лизать,русское
лизиметр,заимствованное
лизиметрическия,заимствованное
лизин,заимствованное
лизинг,заимствованное
лизинговыя,заимствованное
лизиновыя,заимствованное
лизис,русское
лизнуть,русское
лизол,заимствованное
лизоловыя,заимствованное
лик,русское
ликвационный,заимствованное
ликвация,заимствованное
ликвидатор,заимствованное
ликвидаторския,заимствованное
ликвидационный,заимствованное
ликвидация,заимствованное
ликвидировать,заимствованное
ликвидироваться,русское
ликвидность,заимствованное
ликвидный,заимствованное
ликвор,заимствованное
ликерный,заимствованное
ликнуть,русское
ликовать,русское
ликоподий,русское
ликёр,заимствованное
лилипут,заимствованное
лилипутския,заимствованное
лиловыя,заимствованное
лимб,заимствованное
лимерик,заимствованное
лимит,заимствованное
лимитация,русское
лимитированный,заимствованное
лимитировать,заимствованное
лимитироваться,заимствованное
лимитный,заимствованное
лимитроф,заимствованное
лимитрофный,заимствованное
лимитчик,заимствованное
лимниграф,заимствованное
лимническия,заимствованное
лимнолог,заимствованное
лимнологическия,заимствованное
лимнология,заимствованное
лимон,заимствованное
лимонад,заимствованное
лимонадный,заимствованное
лимонарий,заимствованное
лимонелла,заимствованное
лимонник,заимствованное
лимонный,заимствованное
лимузин,заимствованное
лимузинный,заимствованное
лимфа,заимствованное
лимфаденит,русское
лимфатическия,заимствованное
лимфоцит,заимствованное
лимфоцитарный,заимствованное
лимфоцитоз,заимствованное
лингафонный,заимствованное
лингва,заимствованное
лингвист,заимствованное
лингвистика,заимствованное
лингвистическия,заимствованное
лингвый,заимствованное
линеаризация,заимствованное
линеарность,заимствованное
линеарный,заимствованное
линеик,заимствованное
линеиность,русское
линеиный,заимствованное
линеичатый,русское
линза,заимствованное
линзовыя,заимствованное
линимент,русское
линия,заимствованное
линк,заимствованное
линник,русское
линный,русское
линовальный,русское
линовать,русское
линогравюра,заимствованное
линолеум,заимствованное
линолеумный,заимствованное
линолеумовыя,заимствованное
линотип,заимствованное
линотипист,заимствованное
линотипия,заимствованное
линотипный,заимствованное
линотрон,заимствованное
линотронный,заимствованное
линт,заимствованное
линчевание,заимствованное
линчевать,заимствованное
линчеваться,заимствованное
линь,заимствованное
лиоцелла,заимствованное
лиоцелловыя,заимствованное
липа,русское
липаза,заимствованное
липид,заимствованное
липидный,заимствованное
липкия,русское
липнуть,русское
липовыя,русское
липокаин,заимствованное
липома,заимствованное
липоматоз,заимствованное
липомный,заимствованное
липопротеид,заимствованное
липопротеин,заимствованное
липосакционный,заимствованное
липосакция,заимствованное
липосаркома,заимствованное
липосома,заимствованное
липтоценоз,заимствованное
липучка,русское
лир,заимствованное
лири,заимствованное
лиризм,заимствованное
лирик,заимствованное
лирика,заимствованное
лирическия,заимствованное
лирный,заимствованное
лисица,русское
лист,заимствованное
листва,русское
лиственница,русское
лиственный,русское
листинг,заимствованное
листинговыя,заимствованное
листовка,русское
листовой,русское
литавра,заимствованное
литаврист,заимствованное
литаврный,заимствованное
литеиный,русское
литеищик,русское
литера,заимствованное
литератор,заимствованное
литераторския,заимствованное
литераторство,заимствованное
литература,заимствованное
литературно,заимствованное
литературный,заимствованное
литературовед,заимствованное
литературоведение,заимствованное
литературоведческия,заимствованное
литерный,заимствованное
литиевыя,заимствованное
литий,заимствованное
литографирование,заимствованное
литографировать,заимствованное
литографическия,заимствованное
литография,заимствованное
литологическия,заимствованное
литология,заимствованное
литораль,заимствованное
литоральный,заимствованное
литореиный,заимствованное
литорея,заимствованное
литосфера,заимствованное
литосферный,заимствованное
литота,заимствованное
литотерапевт,заимствованное
литотерапевтическия,заимствованное
литотерапия,заимствованное
литотомия,заимствованное
литотёк,заимствованное
литр,заимствованное
литраж,заимствованное
литровыя,заимствованное
литуанист,заимствованное
литуанистика,заимствованное
литуанистическия,заимствованное
литургик,заимствованное
литургист,заимствованное
литургическия,заимствованное
литургия,заимствованное
лить,заимствованное
литься,русское
литьё,русское
лиф,заимствованное
лифт,заимствованное
лифтбэ,заимствованное
лифтинг,заимствованное
лифтный,заимствованное
лифтовать,заимствованное
лифтовой,заимствованное
лифтовыя,заимствованное
лифтёр,заимствованное
лихорадить,русское
лихорадка,русское
лихорадочный,русское
лихоя,русское
лихтер,русское
лицевой,русское
лицеиския,заимствованное
лицеист,заимствованное
лицей,заимствованное
лицемер,русское
лицемерие,русское
лицемерить,русское
лицемерный,русское
лицензиар,заимствованное
лицензиат,заимствованное
лицензионный,заимствованное
лицензирование,заимствованное
лицензированный,заимствованное
лицензировать,заимствованное
лицензироваться,заимствованное
лицензируемый,заимствованное
лицензия,заимствованное
лиценциат,заимствованное
лицо,заимствованное
личина,русское
личинка,русское
личить,заимствованное
личной,русское
личность,русское
личный,русское
лишать,русское
лишаться,русское
лишение,русское
лишить,русское
лишиться,русское
лишнии,русское
лище,заимствованное
лия,заимствованное
лка,русское
лкивающие,русское
лкия,русское
лкнуть,русское
лл,заимствованное
лла,заимствованное
лли,заимствованное
лновыя,русское
лнце,русское
лный,русское
ло,русское
лоб,русское
лобби,заимствованное
лоббизм,заимствованное
лоббировать,заимствованное
лоббист,заимствованное
лоббистския,заимствованное
лобзик,заимствованное
лобзиковыя,заимствованное
лобио,заимствованное
лобный,русское
лобовой,русское
лов,русское
ловелас,заимствованное
ловить,русское
ловкия,русское
ловля,русское
ловушка,русское
лог,заимствованное
логарифм,заимствованное
логарифмика,заимствованное
логарифмирование,заимствованное
логарифмировать,заимствованное
логарифмическия,заимствованное
логик,заимствованное
логика,заимствованное
логико,заимствованное
логин,заимствованное
логист,заимствованное
логистика,заимствованное
логистическия,заимствованное
логическия,заимствованное
логичность,заимствованное
логичный,заимствованное
логобук,заимствованное
логовыя,русское
логограмма,заимствованное
логогриф,заимствованное
логометр,заимствованное
логопат,заимствованное
логопатическия,заимствованное
логопатия,заимствованное
логопед,заимствованное
логопедическия,заимствованное
логопедия,заимствованное
логоритмика,заимствованное
логотип,заимствованное
логотипный,заимствованное
лоден,заимствованное
лоджия,заимствованное
лодка,русское
лодыжка,русское
ложа,заимствованное
ложиться,русское
ложный,русское
ложь,русское
лозунг,заимствованное
лозунговыя,заимствованное
локализация,заимствованное
локализировать,заимствованное
локализироваться,заимствованное
локализовать,заимствованное
локализоваться,заимствованное
локальный,заимствованное
локатив,заимствованное
локативный,заимствованное
локатор,заимствованное
локаторный,заимствованное
локаут,заимствованное
локаутировать,заимствованное
локаутный,заимствованное
локационный,заимствованное
локация,заимствованное
локдаун,заимствованное
локинг,заимствованное
локомобиль,заимствованное
локомобильный,заимствованное
локомотив,заимствованное
локомотивный,заимствованное
локомоторный,заимствованное
локомоция,заимствованное
локон,заимствованное
локоть,русское
локус,заимствованное
лом,заимствованное
ломаный,русское
ломать,русское
ломаться,русское
ломбард,заимствованное
ломбардный,заимствованное
ломбер,заимствованное
ломберный,заимствованное
ломель,русское
ломкия,русское
лонгборд,заимствованное
лонгбординг,заимствованное
лонгбордист,заимствованное
лонгдринк,заимствованное
лонгет,заимствованное
лонгетка,заимствованное
лонгслить,заимствованное
лонжа,заимствованное
лонжерон,заимствованное
лонжеронный,заимствованное
лоп,заимствованное
лопастный,русское
лопасть,русское
лопата,русское
лопатка,русское
лопаться,русское
лопнуть,русское
лопотать,русское
лорд,заимствованное
лордоз,заимствованное
лордския,заимствованное
лорнет,заимствованное
лорнетка,заимствованное
лорнетный,заимствованное
лос,заимствованное
лоск,заимствованное
лоскут,русское
лоскутный,русское
лосниться,русское
лососевыя,русское
лосось,русское
лососёвый,русское
лось,русское
лосьон,заимствованное
лосьонный,заимствованное
лот,заимствованное
лотереиный,заимствованное
лотерея,заимствованное
лото,заимствованное
лотовыя,заимствованное
лоток,русское
лотос,русское
лототрон,заимствованное
лоукостер,заимствованное
лофер,заимствованное
лофт,заимствованное
лоция,заимствованное
лоцман,заимствованное
лоцманския,заимствованное
лоцманство,заимствованное
лочный,русское
лошадиный,русское
лошадка,русское
лошадь,русское
лощеный,русское
лощильный,русское
лощина,русское
лощить,русское
лояльный,заимствованное
лубрикант,заимствованное
лубрикатор,заимствованное
луг,русское
луговод,русское
луговодство,русское
луговой,русское
луговый,заимствованное
лудоман,заимствованное
лудомания,заимствованное
лужа,русское
лужаик,русское
луженый,русское
луза,заимствованное
лук,заимствованное
лукавить,русское
лукавство,русское
лукавыя,русское
лукбук,заимствованное
лукума,заимствованное
луна,заимствованное
лунатизм,заимствованное
лунатик,заимствованное
лунатическия,заимствованное
лунго,заимствованное
лунка,русское
лунный,заимствованное
лупа,заимствованное
лутрасила,заимствованное
лутц,заимствованное
луч,заимствованное
лучевой,русское
лучезарный,русское
лучеобразный,русское
лучепреломление,русское
лучина,русское
лучистый,русское
лы,русское
лыжа,русское
лыжник,русское
лыжный,русское
лыжня,русское
лыи,русское
ль,заимствованное
львиный,русское
льгота,русское
льготный,русское
льд,русское
льдина,русское
лье,заимствованное
льзование,русское
льзователь,русское
льм,заимствованное
льн,заимствованное
льникнуть,русское
льновод,русское
льноводство,русское
льность,русское
льный,русское
льняной,русское
льсия,русское
льстец,русское
льстить,русское
льт,русское
льческия,русское
льщик,русское
лэ,заимствованное
лэмпворк,заимствованное
лэндфиллинг,заимствованное
лэптоп,заимствованное
любвеобильный,русское
любезность,русское
любезный,русское
любимец,русское
любимый,русское
любисток,заимствованное
любитель,русское
любительския,русское
любительство,русское
любить,заимствованное
любоваться,русское
любовник,русское
любовный,русское
любознательный,русское
любопытный,русское
любопытство,русское
любопытствовать,русское
любострастный,русское
люверс,заимствованное
люверсный,заимствованное
люголь,заимствованное
людный,русское
людоед,русское
людоедство,русское
людская,русское
люк,заимствованное
люкарна,заимствованное
люковыя,заимствованное
люкс,заимствованное
люксметр,заимствованное
люксовския,заимствованное
люлька,русское
люля,заимствованное
люмбаго,заимствованное
люмбалгия,заимствованное
люмен,заимствованное
люменометр,заимствованное
люминал,заимствованное
люминесцентный,заимствованное
люминесценция,заимствованное
люминесцировать,заимствованное
люминесцирующие,заимствованное
люминофор,заимствованное
люминофорный,заимствованное
люмпен,заимствованное
люмпенизация,заимствованное
люмпенизированный,заимствованное
люмпенизировать,русское
люмпенизироваться,русское
люмпенския,заимствованное
люнет,заимствованное
люнетта,заимствованное
люпозорий,заимствованное
люпоидный,заимствованное
люпома,заимствованное
люпус,заимствованное
люпусный,заимствованное
люрекс,заимствованное
люрексный,заимствованное
люстра,заимствованное
люстрационный,заимствованное
люстрация,заимствованное
люстрировать,заимствованное
лютеин,заимствованное
лютеранин,заимствованное
лютеранския,заимствованное
лютеранство,заимствованное
лютеций,русское
лютневыя,заимствованное
лютнист,заимствованное
лютня,заимствованное
люфа,заимствованное
люфт,заимствованное
люфтваффа,заимствованное
люфтомер,заимствованное
люцерн,заимствованное
люцерновыя,заимствованное
лючить,русское
лючиться,русское
люэс,заимствованное
люэтическия,заимствованное
ля,заимствованное
лязг,русское
лязгнуть,русское
лякросс,заимствованное
лякроссный,заимствованное
лямблиоз,заимствованное
лямблиозный,заимствованное
лямблия,заимствованное
лямка,русское
ляпис,заимствованное
ляписный,заимствованное
ляпсус,заимствованное
лярд,заимствованное
лясса,заимствованное
лящие,русское
лёгкий,русское
лёгкость,русское
лёд,русское
лёсс,заимствованное
лётчик,русское
ма,русское
мавзолей,русское
маг,заимствованное
магазин,заимствованное
магистр,заимствованное
магистраль,заимствованное
магистральный,заимствованное
магистрант,заимствованное
магистратура,заимствованное
магическия,заимствованное
магия,заимствованное
магма,заимствованное
магматизм,заимствованное
магматическия,заимствованное
магна,русское
магнат,заимствованное
магнезит,русское
магнезия,русское
магнетизм,заимствованное
магнетик,заимствованное
магнетит,русское
магнетическия,заимствованное
магнето,заимствованное
магниевыя,заимствованное
магний,заимствованное
магнит,заимствованное
магнитный,заимствованное
магнитометр,русское
магнитосфера,русское
магнитотерапевтическия,заимствованное
магнитотерапия,заимствованное
магнитофон,русское
магнон,заимствованное
магнонный,заимствованное
мажор,заимствованное
мажоритарный,заимствованное
мажорный,заимствованное
мазер,заимствованное
мазерный,заимствованное
мазут,русское
мазхаб,заимствованное
мазь,заимствованное
маида,русское
маидать,русское
маиолик,заимствованное
маионез,заимствованное
маионезный,заимствованное
маиор,заимствованное
мак,заимствованное
макароны,заимствованное
макарун,заимствованное
макет,заимствованное
макетирование,заимствованное
макетировать,заимствованное
макетчик,русское
макияж,заимствованное
макияжный,заимствованное
маклер,заимствованное
маклерския,заимствованное
маклерство,заимствованное
маковыя,русское
макрам,заимствованное
макро,заимствованное
макроклимат,русское
макрокоманда,заимствованное
макрокосм,русское
макрокосмос,русское
макромир,русское
макромолекула,заимствованное
макромолекулярный,заимствованное
макромоль,русское
макрос,заимствованное
макроскопическия,русское
макроэкономика,заимствованное
макроэкономическия,заимствованное
макси,заимствованное
максимализм,заимствованное
максималист,заимствованное
максималистския,заимствованное
максимальный,заимствованное
максимум,заимствованное
макулатура,заимствованное
макулатурный,заимствованное
малахит,заимствованное
малахитовыя,заимствованное
маленькия,русское
маликизм,заимствованное
маликит,заимствованное
маликитския,заимствованное
малина,русское
мало,русское
маловажный,русское
маловерие,русское
маловероятный,русское
маловесный,русское
маловодный,русское
маловодье,русское
маловразумить,русское
маловыразительный,русское
малогабаритный,русское
малограмотный,русское
малодоступный,русское
малодоходный,русское
малодушие,русское
малодушный,русское
малозаметный,русское
малоземелье,русское
малоземельный,русское
малознакомый,русское
малозначащие,русское
малозначительный,русское
малоизвестный,русское
малоизученный,русское
малоимущие,русское
малоинтересный,русское
малокалиберный,русское
малоквалифици,русское
малоквартирный,русское
малокомпетя,русское
малолесный,русское
малолетнии,русское
малолитражный,русское
малолюдный,русское
маломерный,русское
малометражный,русское
маломощный,русское
малонадежный,русское
малооблачный,русское
малообосный,русское
малообразо,русское
малообщий,русское
малоопытный,русское
малопереть,русское
малоподвижный,русское
малоподготь,русское
малоподходить,русское
малопонятный,русское
малопригодный,русское
малоприменить,русское
малоприспосо,русское
малоприятный,русское
малоразвитой,русское
малоразвитый,русское
малораспространенный,русское
малорента,русское
малоросс,русское
малорус,русское
малосемеиный,русское
малосольный,русское
малосостоять,заимствованное
малоспосо,заимствованное
малость,русское
малотиражный,русское
малотоннажный,русское
малоубедить,русское
малоуглеродистый,русское
малоутесать,русское
малоформа,русское
малохудожественный,русское
малоценный,русское
малочисленный,русское
малоэтажный,русское
малый,русское
мальтоза,русское
мальчик,русское
мальчишеския,русское
малярия,русское
мама,русское
мамбо,заимствованное
маммограмм,заимствованное
маммограф,русское
маммографическия,заимствованное
маммография,заимствованное
маммолог,русское
маммологическия,заимствованное
маммология,заимствованное
маммопластик,заимствованное
манго,заимствованное
манговыя,заимствованное
мандарин,заимствованное
мандариновыя,заимствованное
мандат,заимствованное
мандать,заимствованное
маневренный,заимствованное
маневрирование,заимствованное
маневрировать,заимствованное
маневровыя,русское
манеж,заимствованное
манежный,заимствованное
манекен,заимствованное
манера,русское
манерный,русское
манжета,заимствованное
маниакальный,русское
мание,заимствованное
маникюр,заимствованное
маникюрный,заимствованное
манипулировать,заимствованное
манипулируемость,русское
манипулятивный,заимствованное
манипулятор,заимствованное
манипуляция,заимствованное
манить,русское
манифест,заимствованное
манифестант,русское
манифестация,заимствованное
манифестировать,заимствованное
мания,заимствованное
манкировать,заимствованное
манометр,русское
мансарда,заимствованное
мансардный,заимствованное
мантисса,русское
мантия,заимствованное
мантра,заимствованное
мануальный,заимствованное
манускрипт,русское
мануфакт,заимствованное
мануфактура,русское
мануфактурный,русское
маньяк,русское
манёвр,заимствованное
манёвренность,заимствованное
маразм,заимствованное
маразматическия,русское
маракуий,заимствованное
марафон,заимствованное
марафонец,заимствованное
марафонския,заимствованное
марганец,заимствованное
марганцевыя,заимствованное
маргарин,заимствованное
маргариновыя,заимствованное
маргинал,заимствованное
маргинализация,русское
маргиналия,русское
маргинальный,заимствованное
мареограф,русское
маржа,заимствованное
маржинальный,заимствованное
мариновать,заимствованное
марионетка,заимствованное
марионеточный,заимствованное
марихуана,русское
марк,заимствованное
маркерный,заимствованное
маркетинг,заимствованное
маркетинговыя,заимствованное
маркетолог,заимствованное
маркетологическия,заимствованное
маркетология,заимствованное
маркетплеис,заимствованное
маркиз,заимствованное
маркирование,русское
маркировать,заимствованное
маркировка,русское
маркировочный,русское
маркировщик,русское
марксизм,русское
маркшеидер,заимствованное
маркшеидерий,заимствованное
маркшеидерския,заимствованное
маркёр,заимствованное
марля,русское
мармелад,русское
мародёр,русское
мародёрство,русское
мародёрствовать,русское
мартеновския,русское
мартиролог,заимствованное
марш,заимствованное
маршал,заимствованное
маршальския,заимствованное
маршевыя,заимствованное
маршировать,русское
маршмеллоу,заимствованное
маршрут,заимствованное
маршрутизатор,заимствованное
маршрутизация,заимствованное
маршрутизировать,заимствованное
маршрутный,заимствованное
маска,заимствованное
маскарпон,заимствованное
маскировать,заимствованное
маскироваться,русское
маскировка,заимствованное
маскот,заимствованное
маскулинизация,заимствованное
маскулинизировать,заимствованное
маскулинность,заимствованное
маскулинный,заимствованное
масло,русское
маслобоиный,русское
маслодел,русское
маслоделие,русское
маслозавый,русское
маслообрый,русское
маслянистый,русское
масляный,русское
масса,заимствованное
массаж,заимствованное
массажный,заимствованное
массажёр,заимствованное
массив,заимствованное
массивный,заимствованное
массирование,русское
массировать,заимствованное
массироваться,русское
массмедиа,заимствованное
массмедииный,заимствованное
массовыя,заимствованное
масся,русское
мастер,заимствованное
мастерския,русское
мастерство,заимствованное
мастика,заимствованное
мастиковыя,заимствованное
мастикс,заимствованное
маститный,заимствованное
маститый,заимствованное
мастичный,заимствованное
мастопатическия,заимствованное
мастопатия,заимствованное
мастурбация,заимствованное
масть,русское
масштаб,заимствованное
масштабирование,заимствованное
масштабировать,заимствованное
масштабируемость,заимствованное
масштабируемый,заимствованное
масштабный,русское
мат,заимствованное
математизация,русское
математик,заимствованное
математическия,заимствованное
материал,заимствованное
материализм,заимствованное
материализовать,русское
материализоваться,русское
материалист,русское
материалистить,русское
материалистическия,русское
материалов,русское
материалоёмкость,русское
материальный,заимствованное
материк,русское
материнския,русское
материнство,русское
материя,заимствованное
матерный,русское
матерчатый,русское
матировать,русское
матка,русское
матовыя,русское
маточник,русское
матрас,русское
матрац,русское
матриархальный,заимствованное
матриархат,заимствованное
матрикс,заимствованное
матримониальный,русское
матрица,заимствованное
матричный,заимствованное
матронить,русское
матрос,русское
маттить,заимствованное
матч,заимствованное
матчевыя,заимствованное
матчрево,заимствованное
матчтурнуть,русское
мать,русское
маунтинбаик,заимствованное
маунтинбаикер,заимствованное
маунтинборд,заимствованное
маунтинбордер,заимствованное
маунтинбординг,заимствованное
маунтинбордист,заимствованное
мафиозный,заимствованное
мафия,заимствованное
маффин,заимствованное
мах,русское
махать,русское
махаяна,заимствованное
махинация,русское
махнуть,русское
маховик,русское
маховить,заимствованное
махровыя,русское
маца,заимствованное
мацони,заимствованное
мачеха,русское
мачо,заимствованное
мачта,заимствованное
мачтовыя,русское
маш,русское
машина,заимствованное
машинальный,русское
машинист,заимствованное
машинка,русское
машинный,заимствованное
машиноведение,русское
машиностроение,русское
машиностроитель,русское
маяк,русское
маятник,русское
маячок,русское
мблер,русское
мвд,русское
мгновение,русское
мгновенный,русское
ме,заимствованное
мебель,заимствованное
мебельный,заимствованное
мебельщик,русское
меблировать,русское
меблировка,заимствованное
мег,заимствованное
мегабаит,заимствованное
мегабаитный,заимствованное
мегабаитовыя,заимствованное
мегабит,заимствованное
мегабитный,заимствованное
мегабитовыя,заимствованное
мегалит,заимствованное
мегалитическия,заимствованное
мегапиксель,заимствованное
мегаполис,заимствованное
мегаполисный,заимствованное
мегаселлера,заимствованное
мегато,заимствованное
мегатонна,русское
мегафо,заимствованное
мегафон,русское
медалист,русское
медаль,заимствованное
медальный,заимствованное
медальон,заимствованное
медальонный,заимствованное
медв,русское
медведь,русское
медвытрезвитель,русское
медеплавь,русское
медиа,заимствованное
медиабаиер,заимствованное
медиабаинга,заимствованное
медиабаинговыя,заимствованное
медиабизнес,заимствованное
медиаброкер,заимствованное
медиаимперия,заимствованное
медиаиндустрия,заимствованное
медиальный,русское
медиамагнат,заимствованное
медиаменеджер,заимствованное
медиана,заимствованное
медианный,заимствованное
медиаплан,заимствованное
медиапроваидер,заимствованное
медиаресурс,заимствованное
медиарынок,заимствованное
медиаселлера,заимствованное
медиаселлерския,заимствованное
медиасообщество,заимствованное
медиатор,заимствованное
медиаторный,заимствованное
медиафаил,заимствованное
медиахолдинг,заимствованное
медиация,заимствованное
медииный,заимствованное
медик,русское
медикамент,русское
медикаментозный,русское
медикосанитарный,русское
медитативный,заимствованное
медитация,заимствованное
медитировать,заимствованное
медицина,заимствованное
медицинския,заимствованное
медленный,русское
медлительный,русское
медовуха,русское
медовыя,русское
медрабо,русское
медресе,заимствованное
медсанча,русское
медсестра,заимствованное
медучий,русское
медь,русское
межа,заимствованное
межба,русское
межбиблиот,русское
межва,русское
межгосуд,русское
междометие,русское
междоусобие,русское
междоусобица,русское
международный,русское
междупутье,русское
междуречье,русское
междурядный,русское
междурядье,русское
междустро,русское
междуца,русское
междуэт,русское
межевать,русское
межеваться,русское
межколхий,русское
межконтинент,русское
межкраево,русское
межокружный,русское
межотраслевый,заимствованное
межпарл,заимствованное
межпозвоно,русское
межправительственный,русское
межраио,русское
межсело,русское
межсессионный,русское
межтерриториа,русское
межуточный,русское
мезо,заимствованное
мезозоиския,заимствованное
мезозой,заимствованное
мезон,заимствованное
мезонин,заимствованное
мезонинный,заимствованное
мезонный,заимствованное
мезопауза,заимствованное
мезосфера,заимствованное
мезотерапевтическия,заимствованное
мезотерапия,заимствованное
мезотерма,заимствованное
мезотермный,заимствованное
мезотрофа,заимствованное
мезотрофный,заимствованное
мезуза,заимствованное
меикап,заимствованное
меинстрим,заимствованное
меинстримный,заимствованное
меинстримовския,заимствованное
меинфреить,заимствованное
меиоз,заимствованное
меиозис,заимствованное
меиотическия,заимствованное
меить,русское
меланж,заимствованное
меланжевыя,заимствованное
меланизм,заимствованное
меланин,заимствованное
меланома,заимствованное
меланхолизм,заимствованное
меланхолик,заимствованное
меланхолическия,заимствованное
меланхоличность,заимствованное
меланхоличный,заимствованное
меланхолия,заимствованное
меласса,русское
мелиоративность,заимствованное
мелиоративный,заимствованное
мелиоратить,заимствованное
мелиоратор,заимствованное
мелиорационный,заимствованное
мелиорация,заимствованное
мелиори,русское
мелиорировать,заимствованное
мелирование,заимствованное
мелировать,заимствованное
мелкия,русское
мелкобуржуа,заимствованное
мелковатый,русское
мелководный,русское
мелководье,русское
мелкокать,заимствованное
мелкотоварный,русское
мелодика,заимствованное
мелодист,заимствованное
мелодическия,заимствованное
мелодичный,заимствованное
мелодия,заимствованное
мелодрама,заимствованное
мелодраматическия,заимствованное
мелодраматичный,заимствованное
меломан,заимствованное
мелочь,русское
мель,русское
мельница,русское
мельхиор,русское
мем,заимствованное
мембрана,заимствованное
мембранный,заимствованное
меморандум,заимствованное
мемориал,заимствованное
мемориальный,заимствованное
мемуарист,русское
мемуарный,заимствованное
мемуары,заимствованное
мена,русское
менеджер,заимствованное
менеджеризм,русское
менеджерския,заимствованное
менеджмент,заимствованное
мензурка,русское
менингит,заимствованное
менингитный,заимствованное
мениск,заимствованное
меннонит,заимствованное
меннонитския,заимствованное
меннонитство,заимствованное
менность,русское
менный,русское
менора,заимствованное
менструальный,заимствованное
менструация,заимствованное
мент,русское
менталитет,заимствованное
менталитетный,заимствованное
ментальность,заимствованное
ментальный,заимствованное
ментол,заимствованное
ментоловыя,заимствованное
ментския,русское
менуэ,заимствованное
меньшинство,заимствованное
меню,заимствованное
меняльный,русское
менять,русское
меняться,русское
мера,заимствованное
мергель,русское
меренга,заимствованное
мерзлота,русское
мерзлотов,русское
мерзлый,русское
меридиан,заимствованное
мерительный,русское
меритократия,русское
мерить,русское
мериться,русское
мерка,заимствованное
меркантилизм,русское
меркантилист,русское
меркантильный,заимствованное
меркнуть,русское
меркуриализм,заимствованное
меркуризация,заимствованное
мерный,русское
мероприятие,русское
мерсеризация,русское
мертворожденный,русское
мертвыя,русское
мерцательный,русское
мерцать,русское
мерчандаизер,заимствованное
мерчандаизинг,заимствованное
мерчандаизинговыя,заимствованное
месса,заимствованное
мессенджер,заимствованное
мессия,заимствованное
местничество,русское
местность,русское
местный,русское
место,русское
местоимение,русское
местопологий,русское
местопребыв,русское
местопроизраст,русское
месторождение,русское
месть,русское
месь,русское
месяц,русское
месячник,русское
месячный,русское
мета,заимствованное
метабиоз,заимствованное
метабионт,заимствованное
метабионтный,заимствованное
метаболизм,заимствованное
метаболик,заимствованное
метаболит,заимствованное
метаболическия,заимствованное
метагалактика,заимствованное
метагенез,заимствованное
метагенетическия,заимствованное
метаданные,заимствованное
металл,заимствованное
металлизация,заимствованное
металлизи,русское
металлизировать,заимствованное
металлик,заимствованное
металлист,заимствованное
металлическия,заимствованное
металло,заимствованное
металловедение,русское
металлографическия,заимствованное
металлография,заимствованное
металлокерамика,заимствованное
металлокерамическия,заимствованное
металлолом,русское
металлоносный,русское
металлообраб,русское
металлообрабо,заимствованное
металлооптик,заимствованное
металлооптическия,заимствованное
металлопласт,русское
металлопластик,заимствованное
металлопластиковыя,заимствованное
металлополимер,заимствованное
металлополимерный,заимствованное
металлофон,заимствованное
металлофонист,заимствованное
металлофонный,заимствованное
металлург,заимствованное
металлургическия,заимствованное
металлургия,заимствованное
метаматериал,заимствованное
метаморфизм,заимствованное
метаморфическия,заимствованное
метаморфоза,заимствованное
метан,заимствованное
метание,русское
метановыя,заимствованное
метанол,заимствованное
метаплазия,заимствованное
метапластическия,заимствованное
метастаз,заимствованное
метастазировать,заимствованное
метастазироваться,заимствованное
метастазный,заимствованное
метатанк,заимствованное
метательный,русское
метатенк,заимствованное
метать,заимствованное
метафизик,русское
метафизика,заимствованное
метафизическия,заимствованное
метафизичный,русское
метафора,заимствованное
метафорик,русское
метафорическия,заимствованное
метафоричный,заимствованное
метаценоз,заимствованное
метацивилизация,заимствованное
метель,русское
метео,заимствованное
метеолабильность,заимствованное
метеолабильный,заимствованное
метеопатическия,заимствованное
метеопатия,заимствованное
метеор,заимствованное
метеоризм,заимствованное
метеорит,заимствованное
метеоролог,заимствованное
метеорологическия,заимствованное
метеорология,заимствованное
метеослу,заимствованное
метиз,русское
метизация,заимствованное
метил,заимствованное
метилен,русское
метиловыя,заимствованное
метилоранж,заимствованное
метис,заимствованное
метисация,заимствованное
метить,русское
меткия,русское
метла,заимствованное
метод,заимствованное
методизм,заимствованное
методика,заимствованное
методист,заимствованное
методистския,заимствованное
методическия,заимствованное
методичность,заимствованное
методичный,заимствованное
методолог,русское
методологическия,заимствованное
методология,заимствованное
метонимическия,заимствованное
метонимия,заимствованное
метр,заимствованное
метраж,заимствованное
метражный,русское
метрдотель,заимствованное
метрика,заимствованное
метрическия,заимствованное
метро,заимствованное
метровыя,русское
метролог,русское
метрология,русское
метроном,заимствованное
метрополитен,заимствованное
метрополия,заимствованное
метросексуал,заимствованное
метросексуализм,заимствованное
метросексуальный,заимствованное
метростроение,русское
мех,русское
механизатор,русское
механизация,заимствованное
механизированный,заимствованное
механизировать,заимствованное
механизироваться,русское
механизм,заимствованное
механик,заимствованное
механика,заимствованное
механистическия,русское
механистичный,русское
механицизм,русское
механическия,заимствованное
механичный,русское
механообрабо,заимствованное
механосбый,русское
механотерапевтическия,заимствованное
механотерапия,заимствованное
механохимическия,заимствованное
механохимия,заимствованное
меценат,заимствованное
меценатствовать,русское
меццо,заимствованное
меч,русское
мечеть,заимствованное
мечко,русское
мечрыба,русское
мечта,русское
мечтатель,русское
мечтательный,русское
мечтать,русское
мечтаться,русское
мешалка,русское
мешать,русское
мешок,русское
мзда,русское
ми,заимствованное
миаз,заимствованное
миалгия,заимствованное
миастеническия,заимствованное
миастения,заимствованное
миг,русское
мигалка,русское
мигать,русское
мигнуть,русское
мигрант,заимствованное
миграция,заимствованное
мигрень,заимствованное
мигрировать,заимствованное
мид,заимствованное
миди,заимствованное
мидквёлый,заимствованное
миелит,заимствованное
миелопатия,заимствованное
мизансцена,заимствованное
мизантроп,заимствованное
мизантропическия,заимствованное
мизантропия,заимствованное
мизер,заимствованное
мизерный,заимствованное
мик,заимствованное
миква,заимствованное
микки,заимствованное
микоз,заимствованное
миколог,заимствованное
микологическия,заимствованное
микология,заимствованное
микоплазма,заимствованное
микоплазменный,заимствованное
микоплазмоз,заимствованное
микоплазмозный,заимствованное
микориза,заимствованное
микоризный,заимствованное
микотическия,заимствованное
микотоксикоз,заимствованное
микотроф,заимствованное
микотрофный,заимствованное
микро,заимствованное
микроавтобус,заимствованное
микроб,заимствованное
микробиолог,русское
микробиологическия,заимствованное
микробиология,заимствованное
микробиом,заимствованное
микробиота,заимствованное
микробиоценоз,заимствованное
микроблог,заимствованное
микробный,заимствованное
микровельвет,заимствованное
микровельветовыя,заимствованное
микровелюр,заимствованное
микровелюровыя,заимствованное
микровибрация,заимствованное
микроволна,русское
микровольт,заимствованное
микроинсульт,русское
микроинфаркт,русское
микрокефалия,русское
микрокли,заимствованное
микроклимат,заимствованное
микроклиматическия,заимствованное
микрокомпьютер,заимствованное
микрокомпьютерный,заимствованное
микрокосм,русское
микрокосмос,русское
микрометр,заимствованное
микрометрическия,заимствованное
микрометрия,заимствованное
микрометровыя,заимствованное
микромир,русское
микроморфология,заимствованное
микрон,русское
микрообъ,русское
микроорганизм,заимствованное
микроорганя,заимствованное
микропора,заимствованное
микропористый,заимствованное
микропроца,заимствованное
микропроцессор,заимствованное
микропроцессорный,заимствованное
микрораион,заимствованное
микроскоп,заимствованное
микроскопическия,заимствованное
микроскопичный,русское
микроскопия,заимствованное
микросоциум,русское
микрострукт,русское
микросхема,заимствованное
микротипия,заимствованное
микротом,заимствованное
микротомия,заимствованное
микрофибра,заимствованное
микрофибровыя,заимствованное
микрофильм,русское
микрофлора,заимствованное
микрофон,заимствованное
микрофонный,заимствованное
микрохирург,заимствованное
микрохирургическия,заимствованное
микрохирургия,заимствованное
микроценоз,заимствованное
микроценотическия,заимствованное
микроцефалия,русское
микрочастица,русское
микрочип,заимствованное
микроэволюция,заимствованное
микроэконо,русское
микроэкономика,заимствованное
микроэкономическия,заимствованное
микроэлектроника,заимствованное
микроэлектронный,заимствованное
микроэлемент,заимствованное
миксбордер,заимствованное
миксер,заимствованное
микст,заимствованное
микстура,заимствованное
микшер,заимствованное
микшерный,заимствованное
микшировать,заимствованное
милитари,заимствованное
милитаризация,заимствованное
милитаризировать,заимствованное
милитаризм,заимствованное
милитаризованный,заимствованное
милитаризовать,заимствованное
милитарист,русское
милицеиския,заимствованное
милиционер,заимствованное
милиция,заимствованное
миллениал,заимствованное
миллениум,заимствованное
миллиард,заимствованное
миллиардер,заимствованное
миллиардный,заимствованное
миллиграмм,заимствованное
миллилитр,заимствованное
миллиметр,заимствованное
миллион,заимствованное
миллионер,заимствованное
миллионный,заимствованное
милль,заимствованное
милос,заимствованное
милосердие,русское
милосердный,русское
милостыня,русское
милость,русское
милый,русское
миля,заимствованное
мим,заимствованное
мимика,заимствованное
мимикрировать,русское
мимикрия,заимствованное
мимист,заимствованное
мимическия,заимствованное
мина,заимствованное
минарет,заимствованное
минаретный,заимствованное
минбар,заимствованное
миндалина,заимствованное
миндаль,заимствованное
миндальный,заимствованное
минеола,заимствованное
минерал,заимствованное
минерализация,русское
минерализировать,русское
минерализовать,русское
минералог,заимствованное
минералогическия,заимствованное
минералогия,заимствованное
минеральный,заимствованное
минздрав,русское
миниатюра,заимствованное
миниатюризация,заимствованное
миниатюрный,заимствованное
минимализм,заимствованное
минималист,заимствованное
минималистическия,заимствованное
минималистичный,заимствованное
минимальность,заимствованное
минимальный,заимствованное
минимизировать,русское
минимум,заимствованное
минировать,русское
министерския,русское
министерство,русское
министр,заимствованное
минифутбый,русское
миннеола,заимствованное
минный,заимствованное
миновать,русское
миноиск,заимствованное
миномёт,русское
миномётчик,русское
минор,заимствованное
минорит,заимствованное
миноритарий,заимствованное
миноритарный,заимствованное
миноритския,заимствованное
минорный,заимствованное
минтай,русское
минувшие,русское
минус,заимствованное
минусовыя,заимствованное
минута,заимствованное
минутный,заимствованное
минь,заимствованное
миньон,заимствованное
минёр,заимствованное
мио,заимствованное
миограф,заимствованное
миография,заимствованное
миодистрофическия,заимствованное
миодистрофия,заимствованное
миозин,заимствованное
миозит,заимствованное
миокард,заимствованное
миокардит,заимствованное
миокардный,заимствованное
миома,заимствованное
миопия,заимствованное
миорелаксант,заимствованное
миосаркома,заимствованное
мир,заимствованное
мирабилит,русское
мираж,заимствованное
мирингит,заимствованное
мирить,русское
мириться,русское
мирный,русское
миро,заимствованное
мировоззрение,русское
мироздание,русское
миролюбец,русское
миролюбивыя,русское
миролюбие,русское
мироля,русское
мироощущий,заимствованное
миропоним,русское
миропорядок,русское
миротворец,русское
миротворчество,русское
мирра,заимствованное
миссать,заимствованное
миссионер,заимствованное
миссионерския,заимствованное
миссионерство,заимствованное
миссия,заимствованное
мистер,русское
мистерия,заимствованное
мистик,заимствованное
мистика,заимствованное
мистификатор,заимствованное
мистификация,заимствованное
мистифицировать,заимствованное
мистицизм,заимствованное
мистическия,заимствованное
митенка,заимствованное
митинг,заимствованное
митинговать,заимствованное
митинговщина,русское
миткалевыя,заимствованное
миткаль,заимствованное
митоз,заимствованное
митра,заимствованное
митрополит,заимствованное
митрополичие,заимствованное
митрополия,заимствованное
миттельшпиль,заимствованное
миф,заимствованное
мифическия,заимствованное
мифологема,русское
мифологизация,заимствованное
мифологизированный,русское
мифологизировать,русское
мифологическия,заимствованное
мифологичный,русское
мифология,заимствованное
мифотворчество,русское
михраб,заимствованное
мицелий,заимствованное
мицелла,заимствованное
мицеллярный,заимствованное
мичман,русское
мишень,заимствованное
мишный,заимствованное
мишура,заимствованное
мия,заимствованное
мка,русское
младенец,русское
младенческия,русское
младенчество,русское
младшие,русское
млекопитающее,русское
мма,заимствованное
мн,русское
мнемоник,заимствованное
мнемоническия,заимствованное
мнемотехника,заимствованное
мнение,русское
мнимый,русское
мнительный,русское
мнить,заимствованное
мниться,русское
многоактный,русское
многобожие,русское
многоборец,русское
многоборье,русское
многобрачие,русское
многовластие,русское
многоводный,русское
многоглавыя,русское
многоговорящие,русское
многоголовыя,русское
многоголосие,русское
многоголосный,русское
многоголосыя,русское
многогранник,русское
многогранный,русское
многодетный,русское
многодневный,русское
многодомный,русское
многоженец,русское
многожильный,русское
многожёнство,русское
многоземельный,русское
многозначительный,русское
многозначный,русское
многоканальный,русское
многоквартирный,русское
многоклеточный,русское
многоковшовыя,русское
многокорпусный,русское
многокрасочный,русское
многократный,русское
многолетнии,русское
многоликия,русское
многолюдный,русское
многоместный,русское
многометровыя,русское
многомиллио,русское
многомото,русское
многонацион,русское
многоначалие,русское
многоножка,русское
многообразие,русское
многообразный,русское
многоопытный,русское
многоосновный,русское
многопарный,русское
многоплановыя,русское
многополярный,русское
многопрограммный,русское
многоразовыя,русское
многосерииный,русское
многословие,русское
многословный,русское
многосложный,русское
многослоиный,русское
многостаночник,русское
многостаночный,русское
многосторонния,русское
многострадальный,русское
многоступенчатый,русское
многотиражный,русское
многотомный,русское
многотонный,русское
многоточие,русское
многотрудный,русское
многотысячный,русское
многоуважа,русское
многоугольник,русское
многоугольный,русское
многоукладный,русское
многоуровневыя,русское
многоходовка,русское
многоцветие,русское
многоцветный,русское
многоцвётко,русское
многочисленный,русское
многочлен,русское
многоэтажный,русское
многоязычный,русское
многоярусный,русское
множественный,русское
множество,русское
множитель,русское
множительный,русское
множить,русское
множиться,русское
мный,русское
моббинга,заимствованное
моббинговыя,заимствованное
мобилиза,заимствованное
мобилизационный,заимствованное
мобилизация,заимствованное
мобилизованность,заимствованное
мобилизованный,заимствованное
мобилизовать,заимствованное
мобилизоваться,русское
мобилизовывать,русское
мобильность,заимствованное
мобильный,заимствованное
моветон,русское
могила,русское
могильник,русское
могильный,русское
могул,заимствованное
могулист,заимствованное
могульный,заимствованное
могучий,русское
могущественный,русское
могущество,русское
мода,заимствованное
модаловыя,заимствованное
модальность,заимствованное
модальный,заимствованное
модать,заимствованное
моделизм,заимствованное
моделировать,заимствованное
моделист,русское
модель,заимствованное
модельный,заимствованное
модем,заимствованное
модемный,заимствованное
модерато,заимствованное
модератор,заимствованное
модерация,заимствованное
модерировать,заимствованное
модерн,заимствованное
модернизационный,заимствованное
модернизация,заимствованное
модернизировать,русское
модернизм,заимствованное
модернист,заимствованное
моджахед,заимствованное
моджахедския,заимствованное
модификатор,русское
модификация,заимствованное
модифицировать,заимствованное
модифицироваться,русское
модный,русское
модулировать,заимствованное
модуль,заимствованное
модульный,заимствованное
модулятор,заимствованное
модуляционный,заимствованное
модуляция,заимствованное
модус,заимствованное
мозаика,заимствованное
мозаицизм,заимствованное
мозаичный,заимствованное
мозг,заимствованное
мозговой,русское
мозжечок,русское
мозолистый,русское
мозолить,русское
мозоль,русское
мозольный,русское
моик,русское
мокасин,заимствованное
мокнуть,русское
мокрота,русское
мокрый,русское
мокша,заимствованное
мол,заимствованное
молва,русское
молдинга,русское
молекула,заимствованное
молекулярный,заимствованное
молельня,русское
молескин,русское
молибден,заимствованное
молибденит,заимствованное
молибденовыя,заимствованное
молитва,русское
молить,русское
молиться,русское
молл,заимствованное
моллюск,заимствованное
молниеносный,русское
молниеотво,русское
молния,русское
молодежный,русское
молодеть,русское
молодец,русское
молодить,русское
молодиться,русское
молодняк,русское
молодожён,русское
молодоить,русское
молодость,русское
молодь,русское
молодёжь,русское
молоко,заимствованное
молоковоз,русское
молокозавод,русское
молокоотсос,русское
молотилка,русское
молотить,русское
молотобоец,русское
молоток,русское
молоть,русское
молочница,русское
молочнок,русское
молочность,русское
молочный,русское
молчаливыя,русское
молчание,русское
молчать,русское
молый,русское
моль,заимствованное
мольба,русское
мольберт,заимствованное
молярность,заимствованное
молярный,заимствованное
момент,заимствованное
моментальный,заимствованное
монарх,заимствованное
монархизм,заимствованное
монархист,заимствованное
монархистския,заимствованное
монархическия,заимствованное
монархия,заимствованное
монаршие,заимствованное
монастырь,русское
монах,русское
монашенка,русское
монашеския,русское
монашество,русское
монашествовать,русское
монгольския,русское
монгольфьер,заимствованное
монета,заимствованное
монетаризм,заимствованное
монетарист,заимствованное
монетаристския,заимствованное
монетарный,заимствованное
монетизация,заимствованное
монетизировать,русское
монетный,заимствованное
монизм,заимствованное
монист,заимствованное
монистить,заимствованное
монистическия,заимствованное
монистичный,русское
монитор,заимствованное
мониторинг,заимствованное
мониторинговыя,заимствованное
монитый,русское
моно,заимствованное
моноблок,заимствованное
монобрендовыя,заимствованное
моновакцина,заимствованное
моногамия,заимствованное
моногамный,заимствованное
монограмма,заимствованное
монограммный,заимствованное
монографическия,заимствованное
монография,заимствованное
монодия,заимствованное
монокль,заимствованное
моноконфессиональный,заимствованное
монокоптереть,заимствованное
монокриста,русское
монокристалл,заимствованное
монокристаллизация,заимствованное
монокристаллическия,заимствованное
монокульт,заимствованное
монокуляр,русское
монолит,заимствованное
монолитность,заимствованное
монолитный,заимствованное
монолог,заимствованное
монологическия,заимствованное
монологичный,заимствованное
монолыжа,русское
мономер,заимствованное
мономерный,заимствованное
монометалли,заимствованное
монометаллизм,заимствованное
монометаллическия,заимствованное
мононуклеоз,заимствованное
моноплан,заимствованное
монополизация,заимствованное
монополизировать,заимствованное
монополизироваться,русское
монополизм,заимствованное
монополист,заимствованное
монополистическия,заимствованное
монополия,заимствованное
монопольный,заимствованное
монорельс,заимствованное
монорельсовыя,заимствованное
моноспектакль,заимствованное
монотеизм,заимствованное
монотеистическия,заимствованное
монотип,заимствованное
монотипист,заимствованное
монотипия,заимствованное
монотипный,заимствованное
монотонный,заимствованное
монофагия,заимствованное
монохромазия,заимствованное
монохромат,заимствованное
монохромати,русское
монохроматизация,заимствованное
монохроматизм,заимствованное
монохроматическия,заимствованное
монохроматичность,заимствованное
монохроматичный,заимствованное
монохроматия,заимствованное
монохромный,заимствованное
моноцентереть,заимствованное
монпансье,заимствованное
монстр,заимствованное
монстрация,заимствованное
монструозный,русское
монтаж,заимствованное
монтажник,заимствованное
монтажный,заимствованное
монтажёр,заимствованное
монтировать,заимствованное
монтировка,русское
монтировщик,русское
монтёр,заимствованное
монум,заимствованное
монумент,заимствованное
монументализм,заимствованное
монументалист,заимствованное
монументальность,заимствованное
монументальный,заимствованное
монументный,заимствованное
мопед,заимствованное
мор,русское
морализатор,заимствованное
морализаторския,заимствованное
морализаторство,заимствованное
морализация,заимствованное
морализирование,заимствованное
морализировать,заимствованное
моралист,заимствованное
моралистическия,заимствованное
мораль,заимствованное
моральнонравственный,русское
моральнополитическия,русское
моральность,заимствованное
моральноэтическия,русское
моральный,заимствованное
мораторий,заимствованное
морг,заимствованное
моргать,русское
моргнуть,русское
мордент,заимствованное
море,заимствованное
морена,заимствованное
моренный,заимствованное
мореный,русское
мореплавание,русское
мореплаватель,русское
мореход,русское
мореходный,русское
мореходство,русское
морить,русское
морковный,русское
морковь,русское
мормон,заимствованное
мормонизм,заимствованное
мормонство,заимствованное
мороженый,русское
мороз,русское
морозильник,русское
морозильный,русское
морозить,русское
морской,русское
мортаделла,заимствованное
мортмасса,заимствованное
морф,заимствованное
морфема,заимствованное
морфематическия,заимствованное
морфемный,заимствованное
морфииный,заимствованное
морфий,заимствованное
морфин,заимствованное
морфинный,заимствованное
морфный,заимствованное
морфоген,заимствованное
морфогенез,русское
морфолог,заимствованное
морфологизация,заимствованное
морфологизировать,заимствованное
морфологизироваться,заимствованное
морфологизоваться,заимствованное
морфологическия,заимствованное
морфология,заимствованное
морфометрическия,заимствованное
морфометрия,заимствованное
морфонологическия,заимствованное
морфонология,заимствованное
морфь,заимствованное
моряк,русское
мост,заимствованное
мостик,русское
мостовая,русское
мостостроить,русское
мостострой,русское
мость,заимствованное
мота,заимствованное
мотель,заимствованное
мотив,заимствованное
мотивационный,заимствованное
мотивация,заимствованное
мотивированный,русское
мотивировать,заимствованное
мотивировка,русское
мотивный,заимствованное
мото,заимствованное
мотоблок,заимствованное
мотобол,заимствованное
мотоболист,заимствованное
мотобольный,заимствованное
мотобот,русское
мотовоз,русское
мотогонщик,русское
мотодельтапнуть,русское
мотодром,заимствованное
мотодромный,заимствованное
мотокара,заимствованное
мотоклуб,заимствованное
мотокросс,заимствованное
мотокультиватор,заимствованное
мотонеирон,заимствованное
мотонеиронный,заимствованное
мотор,заимствованное
моторалли,заимствованное
моторес,заимствованное
моторизация,заимствованное
моторизировать,русское
моторизовать,заимствованное
моторика,русское
моторист,русское
моторный,заимствованное
мотороллер,заимствованное
мотоса,русское
мотоспорт,заимствованное
мотострелко,русское
мототрек,заимствованное
мототриал,заимствованное
мототриалиста,заимствованное
мототриальный,заимствованное
мотофристаилер,заимствованное
мотофристаилист,заимствованное
мотофристаиловыя,заимствованное
мотофристаить,заимствованное
мотоцик,русское
мотоцикл,заимствованное
мотоциклетный,заимствованное
мотоциклист,заимствованное
мохер,заимствованное
мохеровыя,заимствованное
моховик,русское
моцион,русское
мочалка,русское
мочевина,русское
мочевыделить,русское
мочеполово,заимствованное
мочеточник,русское
мочь,заимствованное
моше,русское
мошенник,русское
мошенничать,русское
мошенничество,русское
мощность,русское
мощный,русское
мощь,русское
мпа,русское
мповыя,русское
мполый,русское
мракобес,русское
мракобесие,русское
мракобесный,русское
мрамор,заимствованное
мраморный,заимствованное
мрачный,русское
мститель,русское
мстительный,русское
мстить,русское
муар,заимствованное
муаровыя,заимствованное
мудрец,русское
мудрость,русское
мудрый,русское
муж,русское
мужать,русское
мужаться,русское
мужеложство,русское
мужественный,русское
мужество,русское
мужик,русское
мужской,русское
мужчина,русское
муза,русское
музееведение,русское
музеиный,заимствованное
музей,заимствованное
музицировать,заимствованное
музыка,заимствованное
музыкальный,заимствованное
музыкант,заимствованное
музыковед,русское
музыковедение,русское
музыкознание,русское
мука,русское
мукомольный,русское
мулат,заимствованное
мулине,заимствованное
мулла,заимствованное
мультибрендовыя,заимствованное
мультиинструменталист,заимствованное
мультиинструментальный,заимствованное
мультикоптереть,заимствованное
мультикоптерный,заимствованное
мультимедиа,заимствованное
мультимедииность,заимствованное
мультимедииный,заимствованное
мультиплекс,заимствованное
мультиплексирование,заимствованное
мультиплексировать,заимствованное
мультиплексный,заимствованное
мультиплексор,заимствованное
мультипликативность,заимствованное
мультипликатор,заимствованное
мультипликаторный,заимствованное
мультипликационный,заимствованное
мультипликация,заимствованное
мультиэкспозиция,заимствованное
мультфильм,русское
мультя,заимствованное
мульча,заимствованное
мульчирование,заимствованное
мульчировать,заимствованное
муляж,заимствованное
муляжный,заимствованное
мумифицировать,русское
мумия,русское
мундиаль,заимствованное
мундир,заимствованное
мундирный,заимствованное
мундштук,заимствованное
мундштучный,заимствованное
муниципал,заимствованное
муниципализация,заимствованное
муниципализировать,заимствованное
муниципалитет,заимствованное
муниципальный,заимствованное
муравей,русское
муравьиный,русское
муровать,русское
мус,русское
мусатый,русское
мусинг,заимствованное
мускат,заимствованное
мускатник,заимствованное
мускатный,заимствованное
мускул,заимствованное
мускулатура,заимствованное
мускулистый,заимствованное
мускульный,заимствованное
мускус,заимствованное
мускусный,заимствованное
муслин,заимствованное
муслиновыя,заимствованное
мусор,русское
мусорный,русское
мусса,заимствованное
муссировать,русское
муссон,заимствованное
муссонный,заимствованное
муст,заимствованное
мусульманин,заимствованное
мусульманския,заимствованное
мусульманство,заимствованное
мутаген,заимствованное
мутагенез,заимствованное
мутагенность,заимствованное
мутагенный,заимствованное
мутант,заимствованное
мутантный,заимствованное
мутационный,заимствованное
мутация,заимствованное
мутировать,заимствованное
мутный,русское
мутуализм,заимствованное
муфта,заимствованное
муфтий,заимствованное
муфтовыя,заимствованное
муха,русское
мучение,русское
мученик,русское
мученичество,русское
мучитель,русское
мучительный,русское
мучительство,русское
мучить,русское
мучиться,русское
муштра,заимствованное
муэдзин,заимствованное
мфа,заимствованное
мщение,русское
мыи,русское
мыльный,русское
мыс,русское
мысесть,русское
мысленный,русское
мыслитель,русское
мыслительный,русское
мыслить,русское
мысль,русское
мыть,русское
мыться,русское
мышление,русское
мышца,русское
мышь,русское
мышьяк,русское
мьдесить,русское
мэ,заимствованное
мэр,заимствованное
мэрия,русское
мюзик,заимствованное
мюзикл,заимствованное
мюль,заимствованное
мюон,заимствованное
мюонный,заимствованное
мюрид,заимствованное
мюсли,заимствованное
мя,русское
мягкия,русское
мягкосерд,русское
мягкость,русское
мякоть,русское
мясной,русское
мясо,русское
мясоко,русское
мясокомбин,русское
мясорубка,русское
мятеж,русское
мятный,русское
мяч,русское
мёд,русское
мёрзнуть,русское
на,заимствованное
набат,заимствованное
набег,русское
набежать,русское
наби,заимствованное
набивка,русское
набить,русское
наблюдатель,русское
наблюдательный,русское
наблюдать,русское
наблюдаться,русское
наблюдение,русское
набоб,заимствованное
набор,русское
наборный,русское
набрать,русское
набраться,русское
набросить,русское
навага,заимствованное
навал,русское
навалочный,русское
навальный,русское
наваха,заимствованное
навес,русское
навесить,русское
навеска,русское
навесный,русское
навести,русское
навестить,русское
наветренный,русское
навивка,русское
навигатор,заимствованное
навигационный,заимствованное
навигация,заимствованное
навлечь,русское
наводнение,русское
наводнить,русское
наводниться,русское
наводчик,русское
навоз,русское
наволочка,русское
наворовать,русское
навредить,русское
навязать,русское
навязчивыя,русское
наган,заимствованное
наггетс,заимствованное
нагель,заимствованное
наглеть,русское
наглец,русское
наглость,русское
наглый,русское
наглядность,русское
наглядный,русское
нагнести,русское
нагнетатель,русское
нагноение,русское
нагноиться,русское
нагнуть,русское
нагнуться,русское
наговор,русское
наговорить,русское
наговориться,русское
нагорный,русское
нагорье,русское
нагота,русское
нагоя,русское
награда,русское
наградить,русское
наградно,русское
наградноить,русское
награжда,русское
награждение,русское
нагрев,русское
нагреватель,русское
нагревательный,русское
нагреть,русское
нагромождение,русское
нагромоздить,русское
нагрудник,русское
нагрудный,русское
нагрузить,русское
нагрузка,русское
нагрузочный,русское
надавить,русское
надвигаться,русское
надвижноить,русское
надвинуть,русское
надвинуться,русское
надводный,русское
надворный,русское
надгробие,русское
надгробный,русское
наддув,русское
надежный,русское
наделать,русское
наделить,русское
надеть,русское
надеяться,русское
надземный,русское
надзирать,русское
надзор,русское
надзорный,русское
надиктовать,русское
надир,заимствованное
надклассовыя,русское
надкостница,русское
надлежать,русское
надлежащие,русское
надли,русское
надличностный,русское
надлом,русское
надломить,русское
надломиться,русское
надлопаточный,русское
надлёжа,русское
надменность,русское
надменный,русское
надмогильный,русское
наднациональный,русское
надобность,русское
надоеда,русское
надоесть,русское
надолб,русское
надомник,русское
надписать,русское
надпись,русское
надпочечник,русское
надрать,русское
надрез,русское
надрезать,русское
надруб,русское
надрубить,русское
надругательство,русское
надругаться,русское
надрыв,русское
надрываться,русское
надрывный,русское
надстроик,русское
надтарифный,русское
надувной,русское
надуманный,русское
надфиль,заимствованное
надшахтный,русское
наезд,русское
наезжать,русское
наемный,русское
наесться,русское
наехать,русское
нажать,русское
нажда,русское
наждак,заимствованное
наждачный,заимствованное
наживить,русское
наживка,русское
нажим,русское
нажимной,русское
нажимный,русское
нажить,русское
назализация,заимствованное
назальный,заимствованное
название,русское
назвать,русское
назваться,русское
наземный,русское
назидание,русское
назидательный,русское
назначаемость,русское
назначение,русское
назначить,русское
назоиливыя,русское
назреть,русское
называться,русское
назывной,русское
наи,заимствованное
наивный,заимствованное
наименование,русское
наименовать,русское
наимит,русское
наист,заимствованное
наит,заимствованное
наити,русское
наитие,русское
наититься,русское
наитый,русское
нака,русское
наказ,русское
наказание,русское
наказать,русское
наказуемость,русское
наказуемый,русское
накал,русское
накаленный,русское
накалить,русское
накалиться,русское
накат,русское
накатать,русское
накатить,русское
накачка,русское
накидка,русское
накидной,русское
накинуть,русское
накладный,русское
наклеик,русское
наклеить,русское
наклеиться,русское
наклон,русское
наклонение,русское
наклонить,русское
наклониться,русское
наклонность,русское
наклонный,русское
накожный,русское
наколдовать,русское
наколенник,русское
наколенный,русское
наколка,русское
наколоть,русское
наколоться,русское
наконечник,русское
накопать,русское
накопитель,русское
накопительный,русское
накопительство,русское
накопить,русское
накопиться,русское
накопление,русское
накормить,русское
накренить,русское
накрениться,русское
накричать,русское
накрыть,русское
нактоуз,заимствованное
нал,заимствованное
наладить,русское
наладиться,русское
наладчик,русское
наледь,русское
налепить,русское
налетать,русское
налететь,русское
налечь,русское
наливной,русское
налить,русское
налиться,русское
наличествовать,русское
наличие,русское
наличность,русское
наличный,русское
наловить,русское
налог,заимствованное
налогооблаго,русское
налогообложение,русское
наложить,русское
наложиться,русское
налёт,русское
налётчик,русское
намаз,заимствованное
намазать,русское
намазаться,русское
намазка,русское
намекать,русское
намереваться,русское
намерение,русское
намеренный,русское
наметить,русское
наметиться,русское
намечаться,русское
намогильный,русское
намордник,русское
намотка,русское
намывной,русское
намыть,русское
намёк,русское
нанести,русское
нанизать,русское
нанизм,заимствованное
наниматель,русское
нанка,заимствованное
нанковыя,заимствованное
нано,заимствованное
наноалмаз,заимствованное
наноалмазный,заимствованное
наноассемблер,заимствованное
нанобактерия,заимствованное
нанобионика,заимствованное
нанобиосенсор,заимствованное
нанобиосенсорный,заимствованное
нанобиотехнологическия,заимствованное
нанобиотехнология,заимствованное
нанобиоэлектроника,заимствованное
наноблок,заимствованное
нановискер,заимствованное
наногетероструктура,заимствованное
наногетероструктурный,заимствованное
нанограмм,заимствованное
нанограммовыя,заимствованное
нанодиагностика,заимствованное
нанодиагностическия,заимствованное
нанозонд,заимствованное
нанозондовыя,заимствованное
наноиндустрия,заимствованное
наноинженерия,заимствованное
наноинженерный,заимствованное
наноионик,заимствованное
нанокабель,заимствованное
нанокапсула,заимствованное
нанокерамика,заимствованное
нанокерамическия,заимствованное
нанокластер,заимствованное
нанокластерный,заимствованное
наноколлоид,заимствованное
наноколлоидный,заимствованное
нанокомплекс,заимствованное
нанокомпозит,заимствованное
нанокомпозитный,заимствованное
наноконвеиер,заимствованное
наноконструирование,заимствованное
наноконструкция,заимствованное
наноконтеинер,заимствованное
нанокосмос,заимствованное
нанокристалл,заимствованное
нанокристаллизация,заимствованное
нанокристаллическия,заимствованное
нанолитографическия,заимствованное
нанолитография,заимствованное
наномагнит,заимствованное
наномагнитный,заимствованное
наноманипулятор,заимствованное
наномасштаб,заимствованное
наномасштабный,заимствованное
наноматериал,заимствованное
наномашина,заимствованное
наномембрана,заимствованное
наномембранный,заимствованное
нанометр,заимствованное
нанометрическия,заимствованное
нанометрия,заимствованное
нанометровыя,заимствованное
наномеханизм,заимствованное
наномеханика,заимствованное
наномеханическия,заимствованное
наномотор,заимствованное
нанообъект,заимствованное
нанооптика,заимствованное
нанооптическия,заимствованное
нанополимер,заимствованное
нанополимерный,заимствованное
нанопродукт,заимствованное
нанопродукция,заимствованное
нанореактор,заимствованное
нанорельеф,заимствованное
наноробот,заимствованное
нанос,русское
наносекунда,заимствованное
наносекундный,заимствованное
наносенсор,заимствованное
наносистема,заимствованное
наносистемный,заимствованное
наносить,русское
наноскоп,заимствованное
наноскопическия,заимствованное
наноскопия,заимствованное
наносный,русское
наносома,заимствованное
наноструктура,заимствованное
наноструктурный,заимствованное
наносфера,заимствованное
нанотехника,заимствованное
нанотехническия,заимствованное
нанотехнологическия,заимствованное
нанотехнология,заимствованное
нанотранзистор,заимствованное
нанотранзисторный,заимствованное
нанофизика,заимствованное
нанофизическия,заимствованное
нанофотоник,заимствованное
нанохимическия,заимствованное
нанохимия,заимствованное
наноэлектрод,заимствованное
наноэлектроника,заимствованное
наноэлектронный,заимствованное
наноэмульсия,заимствованное
нансук,заимствованное
нанять,русское
наняться,русское
наобещать,русское
нап,русское
напада,русское
нападение,русское
нападки,русское
напалм,заимствованное
напасть,русское
напечатать,русское
напильник,русское
напирать,русское
написание,русское
написать,русское
напитать,русское
напитаться,русское
напиток,русское
напиться,русское
наплавить,русское
наплавноить,русское
напластование,русское
напластоваться,русское
наплевать,русское
наплечный,русское
напоить,русское
наполеон,заимствованное
наполнитель,русское
наполнительный,русское
наполнить,русское
наполниться,русское
наполняемость,русское
напольный,русское
напоминание,русское
напоминать,русское
напомнить,русское
напор,русское
напористый,русское
напорный,русское
напочвенный,русское
направить,русское
направиться,русское
направление,русское
направленность,русское
направляющие,русское
напрасный,русское
напрашиваться,русское
напроситься,русское
напряжение,русское
напряжённость,русское
напрячь,русское
напрячься,русское
напугать,русское
напугаться,русское
напуск,русское
напускноить,русское
напустить,русское
напутственный,русское
напутствие,русское
напыление,русское
напыщенный,русское
напялить,русское
наработка,русское
нарастать,русское
нарастить,русское
наращение,русское
наращивать,русское
нард,заимствованное
нардек,заимствованное
нарезать,русское
нарекание,русское
наречие,русское
наречь,русское
наречься,русское
нарисовать,русское
нарисоваться,русское
нарицательный,русское
нарко,заимствованное
наркобарон,заимствованное
наркобизнес,заимствованное
наркоблокатор,заимствованное
наркодилер,заимствованное
наркодиспансер,заимствованное
наркоз,заимствованное
наркозный,заимствованное
наркокартель,заимствованное
наркоконтрабанда,заимствованное
наркокурьер,заимствованное
нарколаборатория,заимствованное
нарколепсия,заимствованное
нарколог,заимствованное
наркологическия,заимствованное
наркология,заимствованное
наркоман,заимствованное
наркомания,заимствованное
наркомафия,заимствованное
наркосиндикат,заимствованное
наркотизация,заимствованное
наркотизировать,заимствованное
наркотизм,заимствованное
наркотик,заимствованное
наркотикосодержать,русское
наркотическия,заимствованное
наркотра,русское
наркотрафик,заимствованное
народ,русское
народноосвободительный,русское
народность,русское
народнохозяиственный,русское
народный,русское
народонасель,русское
нарочитый,русское
нарочный,русское
нарратив,заимствованное
нарративный,заимствованное
нарратор,заимствованное
наружность,русское
наружный,русское
нарукавный,русское
наручник,русское
наручный,русское
нарушение,русское
нарушитель,русское
нарушить,русское
нарушиться,русское
нарцисс,заимствованное
нарциссизм,заимствованное
нарциссическия,заимствованное
нары,заимствованное
наряд,русское
нарядить,русское
нарядиться,русское
нарядный,русское
нарядчик,русское
насадить,русское
насаждать,русское
насаждение,русское
наседать,русское
насекомое,русское
население,русское
населенный,русское
населить,русское
населиться,русское
населять,русское
насечка,русское
насилие,русское
насиловать,русское
насильник,русское
насильственный,русское
наскок,русское
насл,русское
насладить,русское
насладиться,русское
наслажда,русское
наслаждение,русское
наслать,русское
наследие,русское
наследник,русское
наследный,русское
наследование,русское
наследовать,русское
наследственность,русское
наследственный,русское
наследство,русское
наслоение,русское
наслоить,русское
наслоиться,русское
наслушаться,русское
насмехаться,русское
насмешить,русское
насмешка,русское
насмешливыя,русское
насморк,русское
насос,русское
наспинный,русское
наставительный,русское
наставить,русское
наставление,русское
наставник,русское
наставническия,русское
наставничество,русское
настать,русское
настенный,русское
настигнуть,русское
настил,русское
настильный,русское
настлать,русское
настоик,русское
настоичивыя,русское
настой,русское
настольный,русское
настороженный,русское
насторожить,русское
насторожиться,русское
настояние,русское
настоятель,русское
настоятельница,русское
настоятельный,русское
настоять,русское
настояться,русское
настоящие,русское
настроение,русское
настроенность,русское
настроик,русское
настроить,русское
настроиться,русское
настроищик,русское
наступательный,русское
наступать,русское
наступить,русское
настя,заимствованное
насущный,русское
насчитать,русское
насчитывать,русское
насчитываться,русское
насыпать,русское
насыпаться,русское
насыпной,русское
насыпный,русское
насытить,русское
насытиться,русское
насыщенный,русское
нат,заимствованное
натальный,заимствованное
натаскать,русское
нательный,русское
натереть,русское
натечный,русское
нативный,русское
натирание,русское
натиск,русское
натить,русское
нато,русское
натовския,заимствованное
натолкнуть,русское
натолкнуться,русское
натренированный,русское
натренировать,русское
натренироваться,русское
натриевыя,заимствованное
натрий,заимствованное
натровыя,заимствованное
натура,заимствованное
натурализация,заимствованное
натурализм,заимствованное
натурализовать,заимствованное
натурализоваться,заимствованное
натуралист,заимствованное
натуралистичный,заимствованное
натуральный,заимствованное
натурбан,заимствованное
натурный,заимствованное
натуропат,заимствованное
натурфилософия,заимствованное
натурфилосый,русское
натурщик,заимствованное
натюрморт,заимствованное
натяжка,русское
натяжно,русское
натяжной,русское
натянутый,русское
натянуть,русское
наука,русское
науковеда,русское
науковедение,русское
наукоград,русское
наукометрия,русское
наукообрый,русское
наутофон,заимствованное
научить,русское
научиться,русское
научноиссло,русское
научнометоди,русское
научнопопуля,русское
научноэксперимент,русское
научный,русское
нафт,заимствованное
нафталин,заимствованное
нафталиновыя,заимствованное
нахимовец,русское
нахлынуть,русское
нахмурить,русское
нахмуриться,русское
находить,русское
находиться,русское
находка,русское
находчивыя,русское
нахождение,русское
нацеленный,русское
нацелить,русское
наценка,русское
нацепить,русское
наци,русское
нацизм,заимствованное
национ,русское
национал,заимствованное
национализация,заимствованное
национализировать,заимствованное
национализироваться,русское
национализм,заимствованное
национализовать,русское
националист,заимствованное
националистическия,заимствованное
националсоциаль,русское
национальнокультурный,русское
национальноосвободительный,русское
национальность,заимствованное
национальнотерриториальный,русское
национальный,заимствованное
нацист,заимствованное
нацистския,заимствованное
нация,заимствованное
начало,русское
начальник,русское
начальный,русское
начальственный,русское
начальство,русское
начать,русское
начаться,русское
начертание,русское
начертать,русское
начертить,русское
начинание,русское
начинаться,русское
начинающие,русское
начинить,русское
начисление,русское
начислить,русское
начитанность,русское
начос,заимствованное
начсост,заимствованное
начёт,русское
начётничество,русское
начётчик,русское
нашатырь,русское
нашествие,русское
нашивка,русское
нашивной,русское
нашуметь,русское
наэлектризовать,русское
наёмник,русское
наёмничество,русское
наёмщик,русское
нд,русское
нда,заимствованное
ндный,русское
ндс,заимствованное
неадаптированный,русское
неадекватный,русское
неаккуратный,русское
неактуальный,русское
неандерталец,заимствованное
неаппетитный,русское
неафишируемый,русское
небанальный,русское
небедный,русское
небезвредный,русское
небезгрешный,русское
небезнадежный,русское
небезобидный,русское
небезопасный,русское
небезосновательный,русское
небезразличный,русское
небезрезультатный,русское
небезупречный,русское
небезуспешный,русское
небезучастный,русское
небезызвестный,русское
небезынтересный,русское
небеленый,русское
небелковыя,русское
небелый,русское
небескорыстный,русское
небесныи,русское
небесполезный,русское
небеспредельный,русское
небеспристрастный,русское
небеспроблемный,русское
небесспорный,русское
небесталанный,русское
небиржевой,русское
неблаговидный,русское
неблагодарный,русское
неблагожелательный,русское
неблагозва,русское
неблагозвучный,русское
неблагополучие,русское
неблагополучный,русское
неблагопристоиный,русское
неблагоприятный,русское
неблагоразумие,русское
неблагоразумный,русское
неблагосклонный,русское
неблаготворный,русское
неблагоустроенный,русское
неблестящие,русское
неблизкия,русское
небный,русское
небо,русское
небогатый,русское
небоеспособный,русское
небольшоя,русское
небосвод,русское
небосклон,русское
небоскрёб,русское
небоязливыя,русское
небрежение,русское
небрежный,русское
небритый,русское
неброския,русское
небывалый,русское
небытие,русское
небытовой,русское
небьющиися,русское
нева,русское
неважный,русское
неведение,русское
неведомый,русское
невежа,русское
невежественный,русское
невежество,русское
невезение,русское
невербальный,русское
неверие,русское
неверный,русское
невероятность,русское
невероятный,русское
неверующие,русское
невеселый,русское
невесомость,русское
невесомый,русское
невеста,русское
невестка,русское
невещественный,русское
невзвешенный,русское
невзгода,русское
невзлюбить,русское
невзнос,русское
невзрачный,русское
невзыскательный,русское
невиданный,русское
невидимый,русское
невидный,русское
невинность,русское
невинный,русское
невиновный,русское
невкусный,русское
невменяемость,русское
невменяемый,русское
невмешательство,русское
невнимание,русское
невнимательный,русское
невнятный,русское
невод,русское
невоеннообить,русское
невоенный,русское
невозбранный,русское
невозвратимый,русское
невозвратный,русское
невозгор,русское
невозгораемый,русское
невозд,русское
невозделанный,русское
невоздержание,русское
невоздержанный,русское
невозможность,русское
невозможный,русское
невозмутимый,русское
невозобновление,русское
невозобновляемый,русское
неволить,русское
невольник,русское
невольный,русское
невообразимый,русское
невооруженный,русское
невоспитанный,русское
невоспламеняемый,русское
невосполнимый,русское
невосприимчивыя,русское
невосстановимый,русское
невостребованный,русское
невоюющие,русское
невразумительный,русское
невралгическия,заимствованное
невралгия,заимствованное
неврастеник,русское
неврастеническия,русское
неврастения,заимствованное
невредимый,русское
невредный,русское
неврином,заимствованное
неврит,заимствованное
невро,заимствованное
неврогенный,заимствованное
невроглия,заимствованное
невроз,заимствованное
невролог,заимствованное
неврологическия,заимствованное
неврология,заимствованное
неврон,заимствованное
невропатическия,заимствованное
невропатия,заимствованное
невропатолог,русское
невропатологическия,заимствованное
невропатология,заимствованное
невропатоть,заимствованное
невротизация,заимствованное
невротик,заимствованное
невротическия,заимствованное
невротомическия,заимствованное
невротомия,заимствованное
невсхожие,русское
невус,заимствованное
невыгода,русское
невыгодный,русское
невыдача,русское
невыделанный,русское
невыдержанный,русское
невыдуманный,русское
невыигрышный,русское
невымышленный,русское
невыносимый,русское
невыплата,русское
невыплаченный,русское
невыполнение,русское
невыполнимый,русское
невыпуск,русское
невыразимый,русское
невыразительный,русское
невыразить,заимствованное
невысокия,русское
невысый,русское
невыход,русское
невыя,русское
невыясненный,русское
нега,русское
негабарит,русское
негабаритный,русское
негарантированный,русское
негармоничный,русское
негатив,заимствованное
негативизм,заимствованное
негативист,заимствованное
негативный,заимствованное
негаторный,русское
негибкия,русское
негладкия,русское
негласный,русское
неглиже,заимствованное
неглубокия,русское
неглупый,русское
негнущиися,русское
негодный,русское
негодование,русское
негодовать,русское
негодяй,русское
негостеприимный,русское
негр,заимствованное
неграмотность,русское
неграмотный,русское
негритянския,русское
негромкия,русское
негуманный,русское
недавнии,русское
недалекия,русское
недальновидный,русское
недвижимость,русское
недвижимый,русское
недвижный,русское
недвусмысленный,русское
недееспосо,русское
недееспособность,русское
недееспособный,русское
недеиствительный,русское
недеиствующие,русское
неделикатный,русское
неделимый,русское
недельный,русское
неделя,русское
недемократичный,русское
неденежный,русское
недисциплинированный,русское
недлительный,русское
недобор,русское
недобрать,русское
недоброжелатель,русское
недоброжелательный,русское
недоброжелательство,русское
недоброкачественный,русское
недобросовестный,русское
недобрый,русское
недоварить,русское
недоверие,русское
недовернуть,русское
недовертеть,русское
недоверчивыя,русское
недовес,русское
недовложение,русское
недовольный,русское
недовольство,русское
недовыполнение,русское
недовыполнить,русское
недогматическия,русское
недоговорить,русское
недоговорённость,русское
недогруз,русское
недогрузить,русское
недогрузка,русское
недодать,русское
недое,русское
недоедать,русское
недоесть,русское
недож,русское
недожечь,русское
недозволенный,русское
недозрелый,русское
недозреть,русское
недоимка,русское
недоимщик,русское
недоиспользовать,русское
недоказанный,русское
недоказательный,русское
недоказуемый,русское
недокорм,русское
недокормить,русское
недолгия,русское
недолговечный,русское
недолговременный,русское
недолечить,русское
недолив,русское
недолить,русское
недолюбливать,русское
недолёт,русское
недомогание,русское
недомогать,русское
недомолвка,русское
недомыслие,русское
недоносительство,русское
недоносить,русское
недооценить,русское
недопить,русское
недоплата,русское
недоплатить,русское
недополучить,русское
недопоставить,русское
недопоставка,русское
недопроизводство,русское
недопустимый,русское
недопущение,русское
недоработать,русское
недоработка,русское
недоразвитый,русское
недоразумение,русское
недорогой,русское
недосказанность,русское
недосказанный,русское
недосказать,русское
недослать,русское
недослушать,русское
недослышать,русское
недосмотр,русское
недосолить,русское
недоставать,русское
недостаток,русское
недостаточность,русское
недостаточный,русское
недостача,русское
недостижимый,русское
недостоверный,русское
недостоиный,русское
недоступный,русское
недосчитаться,русское
недосыл,русское
недосыпать,русское
недосягаемый,русское
недотянуть,русское
недоуздок,русское
недоукомплектованный,русское
недоумевать,русское
недоумевающие,русское
недоумение,русское
недоуменный,русское
недоучить,русское
недоучиться,русское
недочеловек,русское
недочёт,русское
недра,русское
недреманный,русское
недремлющие,русское
недропользование,русское
недруг,русское
недружелюбие,русское
недружелюбный,русское
недружеския,русское
недружественный,русское
неестественный,русское
нежданный,русское
нежелание,русское
нежеланный,русское
нежелательный,русское
неженатый,русское
неживой,русское
нежизненный,русское
нежизнеспособный,русское
нежизнеспосый,русское
нежилой,русское
нежирный,русское
нежить,русское
нежиться,русское
нежность,русское
нежный,русское
незабвенный,русское
незабываемый,русское
незавершенный,русское
незавидный,русское
независимость,русское
независимый,русское
незаживающие,русское
незаинтересованность,русское
незаинтересованный,русское
незаконный,русское
незакономерный,русское
незаконченный,русское
незакрытый,русское
незамедлительный,русское
незаменимый,русское
незамерзающие,русское
незаметный,русское
незамкнутый,русское
незамужнии,русское
незамутненный,русское
незамысловатый,русское
незанятый,русское
незапамятный,русское
незапланированный,русское
незаполненный,русское
незапятнанный,русское
незаразный,русское
незарегистереть,русское
незарегистрированный,русское
незаряженный,русское
незаселенный,русское
незаслуженный,русское
незастегнутый,русское
незатеиливыя,русское
незаурядный,русское
незащищенный,русское
незваный,русское
незвонкия,русское
нездоровиться,русское
нездоровыя,русское
нездоровье,русское
неземной,русское
незлобный,русское
незлопамятный,русское
незнакомец,русское
незнакомый,русское
незнание,русское
незначащие,русское
незначительный,русское
незрелый,русское
незримый,русское
незрячий,русское
незыблемый,русское
неизбежный,русское
неизведанный,русское
неизвестность,русское
неизвестный,русское
неизгладимый,русское
неизильбер,заимствованное
неизлечимый,русское
неизменный,русское
неизменяемый,русское
неизмеримый,русское
неизученный,русское
неизящный,русское
неилона,заимствованное
неилоновыя,заимствованное
неиме,русское
неимение,русское
неимов,русское
неимоверный,русское
неимущие,русское
неинтересный,русское
неирита,заимствованное
неиро,заимствованное
неироаллергическия,заимствованное
неироаллергия,заимствованное
неироанатомическия,заимствованное
неироанатомия,заимствованное
неироанестезиологическия,заимствованное
неироанестезиология,заимствованное
неироарт,заимствованное
неиробиологическия,заимствованное
неиробиология,заимствованное
неиробионика,заимствованное
неиробионическия,заимствованное
неиробласт,заимствованное
неиробластома,заимствованное
неировизуализация,заимствованное
неировирус,заимствованное
неировирусный,заимствованное
неирогенез,заимствованное
неирогенеративный,заимствованное
неирогенерация,заимствованное
неирогенный,заимствованное
неирогистологическия,заимствованное
неирогистология,заимствованное
неироглия,заимствованное
неирогормон,заимствованное
неирографик,заимствованное
неирографическия,заимствованное
неирогуморальный,заимствованное
неиродегенеративный,заимствованное
неиродегенерация,заимствованное
неиродермит,заимствованное
неиродермитный,заимствованное
неироиммунный,заимствованное
неироиммунология,заимствованное
неироинженерия,заимствованное
неироинженерный,заимствованное
неироинтерфеис,заимствованное
неироинтерфеисный,заимствованное
неироинфекционный,заимствованное
неироинфекция,заимствованное
неироинформатика,заимствованное
неироинформатическия,заимствованное
неирокибернетик,заимствованное
неирокибернетическия,заимствованное
неироковид,заимствованное
неироковидный,заимствованное
неирокомпь,русское
неирокомпьютер,заимствованное
неирокомпьютерный,заимствованное
неиролептик,заимствованное
неиролептика,русское
неиролептическия,заимствованное
неиролингвистика,заимствованное
неиролингвистическия,заимствованное
неиромедиатор,заимствованное
неиромедиаторный,заимствованное
неироморфный,заимствованное
неирон,заимствованное
неирональный,заимствованное
неиронный,заимствованное
неиропакет,заимствованное
неиропатическия,заимствованное
неиропатия,заимствованное
неироплегик,заимствованное
неироплегическия,заимствованное
неиропротез,заимствованное
неиропроцессор,заимствованное
неиропроцессорный,заимствованное
неиропсихолог,заимствованное
неиропсихологическия,заимствованное
неиропсихология,заимствованное
неирореаниматология,заимствованное
неирореанимационный,заимствованное
неирореанимация,заимствованное
неирорегенеративный,заимствованное
неирорегенерация,заимствованное
неиросекреция,заимствованное
неиросонограмма,заимствованное
неиросонография,заимствованное
неиротоксин,заимствованное
неиротоксическия,заимствованное
неиротоксичность,заимствованное
неиротоксичный,заимствованное
неиротропизм,заимствованное
неиротропность,заимствованное
неиротропный,заимствованное
неирофармакологическия,заимствованное
неирофармакология,заимствованное
неирофиброматоз,заимствованное
неирофизиологическия,заимствованное
неирофизиология,заимствованное
неирохимическия,заимствованное
неирохимия,заимствованное
неирохирург,заимствованное
неирохирургическия,заимствованное
неирохирургия,заимствованное
неироэндокринный,заимствованное
неироэндокринологическия,заимствованное
неироэндокринология,заимствованное
неискоренимый,русское
неискренний,русское
неискусный,русское
неискушенный,русское
неисповедимый,русское
неисполнение,русское
неисполнимый,русское
неисполнительность,русское
неисполнительный,русское
неиспорченный,русское
неисправимый,русское
неисправность,русское
неисправный,русское
неисследованный,русское
неиссякаемый,русское
неистовство,русское
неистовствовать,русское
неистовыя,русское
неистон,заимствованное
неистощимый,русское
неистребимый,русское
неисчерпаемый,русское
неисчислимый,русское
неитереть,русское
неитр,русское
неитрализатор,русское
неитрализация,заимствованное
неитрализм,заимствованное
неитрализовать,заимствованное
неитрализоваться,русское
неитралитет,заимствованное
неитральный,заимствованное
неитринный,заимствованное
неитрино,заимствованное
неитрон,заимствованное
неитронный,заимствованное
неитрофил,заимствованное
некассовыя,русское
неквалифицированный,русское
нековкия,русское
неколебимый,русское
некоммерческия,русское
некомпетентный,русское
некомплект,русское
некомплектный,русское
некомфортабельный,русское
некомфортный,русское
неконвертируемый,русское
некондиционный,русское
некондиция,русское
неконкретный,русское
неконкурентоспосый,русское
неконституционный,русское
неконструктивный,русское
неконтролируемый,русское
неконфликтный,русское
некоренной,русское
некоронованный,русское
некорректность,русское
некорректный,русское
некрасивыя,русское
некрашеный,русское
некред,русское
некрепкия,русское
некритическия,русское
некритичный,русское
некробиоз,заимствованное
некровный,русское
некроз,заимствованное
некролог,заимствованное
некрополь,заимствованное
некротическия,заимствованное
некрофил,заимствованное
некрофилия,заимствованное
некрупный,русское
нектар,заимствованное
нектарин,заимствованное
нектон,заимствованное
некультурность,русское
некультурный,русское
некурящие,русское
неласковыя,русское
нелегальный,русское
нелегкия,русское
нелепость,русское
нелепый,русское
нелестный,русское
нелетный,русское
неликвид,русское
нелимитированный,русское
нелинеиный,русское
нелицевой,русское
нелицемерный,русское
нелицеприятный,русское
нелишнии,русское
неловкия,русское
неловкость,русское
нелогичный,русское
нелояльность,русское
нелояльный,русское
нель,русское
нельма,русское
нелюбимый,русское
нелюбовь,русское
нелюбознательный,русское
немаленькия,русское
немаловажный,русское
немалый,русское
нематериальный,русское
нематода,русское
немедикаментозный,русское
немеркнущие,русское
неметалл,русское
неметь,русское
немигающие,русское
немилосердный,русское
неминуемый,русское
немноголюдный,русское
немногословный,русское
немногочисленный,русское
немо,заимствованное
немодный,русское
немои,русское
немолодоить,русское
немолодой,русское
немолотый,русское
немота,русское
немотивированный,русское
немощеный,русское
немощный,русское
немощь,русское
немудрый,русское
немужской,русское
немыслимый,русское
немытый,русское
немёд,русское
ненавидеть,русское
ненавистник,русское
ненавистничество,русское
ненавистный,русское
ненависть,русское
ненадежный,русское
ненадобность,русское
ненаказуемость,русское
ненаказуемый,русское
ненамеренный,русское
ненападение,русское
ненаправленный,русское
ненапряженный,русское
ненарушимый,русское
ненасилие,русское
ненасильственный,русское
ненастный,русское
ненастоящие,русское
ненасыщенный,русское
ненатуральный,русское
ненаучный,русское
ненормальность,русское
ненормальный,русское
ненормативный,русское
ненормированный,русское
ненужность,русское
ненужный,русское
нео,заимствованное
неоантроп,заимствованное
необдуманный,русское
необеспеченный,русское
необжитой,русское
необжитый,русское
необитаемый,русское
необожженный,русское
необозримый,русское
необоснованный,русское
необосный,русское
необрабо,русское
необработанный,русское
необразованный,русское
необратимый,русское
необрезной,русское
необременительный,русское
необстрелянный,русское
необузданный,русское
необходимость,русское
необходимый,русское
необщительный,русское
необъезженный,русское
необъективный,русское
необъяснимый,русское
необъятный,русское
необыкновенный,русское
необычаиный,русское
необычный,русское
необязательный,русское
неоготика,заимствованное
неоготическия,заимствованное
неограниченный,русское
неодим,заимствованное
неодинаковыя,русское
неодновременный,русское
неоднозначный,русское
неоднократный,русское
неоднородный,русское
неодобрение,русское
неодобрительный,русское
неодолимый,русское
неодухотворенный,русское
неодушевленный,русское
неожиданность,русское
неожиданный,русское
неоколониализм,заимствованное
неоколониалист,заимствованное
неоколонизатор,заимствованное
неоконсерватизм,заимствованное
неоконсерватор,заимствованное
неокончательный,русское
неоконченный,русское
неокрепшие,русское
неолиберал,заимствованное
неолиберализм,заимствованное
неолит,заимствованное
неолитическия,заимствованное
неолог,русское
неологизм,заимствованное
неология,заимствованное
неон,заимствованное
неонатолог,заимствованное
неонатология,заимствованное
неонаци,русское
неонацизм,заимствованное
неонацист,заимствованное
неоновыя,заимствованное
неопасный,русское
неоперабельный,русское
неоперативный,русское
неописуемый,русское
неоплатный,русское
неоправданный,русское
неопределенный,русское
неопределимый,русское
неопределяемый,русское
неопределённость,русское
неопрен,заимствованное
неопреновыя,заимствованное
неоприходованный,русское
неопровержимый,русское
неопрятный,русское
неопытный,русское
неорганизованный,русское
неорганическия,русское
неорганичный,русское
неординарный,русское
неоригинальный,русское
неороманти,русское
неосвоенный,русское
неослабевающие,русское
неослабный,русское
неосмотрительный,русское
неосмысленный,русское
неосновательный,русское
неосновной,русское
неосознанный,русское
неоспоримый,русское
неостановимый,русское
неосторожность,русское
неосторожный,русское
неосуществимый,русское
неосуществление,русское
неосуществленный,русское
неосязаемый,русское
неотвратимый,русское
неотвязный,русское
неотдели,русское
неотделимый,русское
неотения,заимствованное
неотесанный,русское
неоткрытый,русское
неотлагательный,русское
неотличимый,русское
неотложный,русское
неотлучный,русское
неотработанный,русское
неотразимый,русское
неотрывный,русское
неотступный,русское
неотчетливыя,русское
неотчуждаемый,русское
неотъемлемый,русское
неофаша,русское
неофит,заимствованное
неофициальный,русское
неофобия,заимствованное
неоформленный,русское
неохота,русское
неохотный,русское
неоценимый,русское
неочевидный,русское
неочищенный,русское
неощутимый,русское
неоэндемик,заимствованное
непараллельный,русское
непарламентския,русское
непарный,русское
непартииность,русское
непартииный,русское
непедагогичный,русское
непереносимость,русское
непереносимый,русское
непереработанный,русское
непереходный,русское
непериодическия,русское
неперспективный,русское
непилотируемый,русское
неписаный,русское
неплавкия,русское
неплановыя,русское
непланомерный,русское
неплатежеспособный,русское
неплательщик,русское
неплатёжеспособность,русское
неплодородный,русское
неплодотворный,русское
неплотный,русское
непобедимый,русское
непобедить,русское
непов,русское
неповерхностный,русское
неповинный,русское
неповиновение,русское
неповоротливыя,русское
неповторимый,русское
неповторяемый,русское
непогода,русское
непогрешимый,русское
неподатливыя,русское
неподвижный,русское
неподвластный,русское
неподготовленный,русское
неподдельный,русское
неподконтрольный,русское
неподкупный,русское
неподлинный,русское
неподобающие,русское
неподотчетный,русское
неподражаемый,русское
неподсудный,русское
неподходящие,русское
неподчинение,русское
неподъемный,русское
непозволительный,русское
непознаваемый,русское
непознанный,русское
непоколебимый,русское
непокоренный,русское
непокорный,русское
непокрытый,русское
неполивной,русское
неполированный,русское
неполитическия,русское
неполноправный,русское
неполнота,русское
неполноценный,русское
неполный,русское
неполовой,русское
неположенный,русское
непомерный,русское
непонимание,русское
непонимающие,русское
непонить,русское
непонятливыя,русское
непонятный,русское
непонятый,русское
непоправимый,русское
непопулярный,русское
непорядок,русское
непорядочный,русское
непосильный,русское
непоследовательность,русское
непоследовательный,русское
непослушание,русское
непослушный,русское
непосредственный,русское
непостижимый,русское
непостоянный,русское
непотизм,заимствованное
непотопляемость,русское
непохожие,русское
непочатый,русское
непочтение,русское
непочтительный,русское
непоявление,русское
непра,русское
неправда,русское
неправдивыя,русское
неправдоподобный,русское
неправедный,русское
неправильность,русское
неправильный,русское
неправительственный,русское
неправовой,русское
неправомерный,русское
неправомочный,русское
неправославный,русское
неправоспособный,русское
неправосудный,русское
неправота,русское
неправыя,русское
непраздничный,русское
непрактичный,русское
непревзоиденный,русское
непредвзятый,русское
непредвиденный,русское
непреднамеренный,русское
непредосудительный,русское
непредотвратимый,русское
непредсказуемый,русское
непредставительный,русское
непредубежденный,русское
непредумышленный,русское
непредусмотренный,русское
непредусмотрительный,русское
непреклонный,русское
непреложный,русское
непременный,русское
непреоборимый,русское
непреодолимый,русское
непререкаемый,русское
непрерывный,русское
непрестанный,русское
непреходящие,русское
неприбыльный,русское
неприбытие,русское
неприватизированный,русское
непривилегированный,русское
непривлекательный,русское
непривлечение,русское
непривычный,русское
неприглядный,русское
непригодный,русское
неприемлемый,русское
неприемный,русское
непризнание,русское
непризнанный,русское
неприкас,русское
неприкасаемый,русское
неприкаянный,русское
неприкосновенность,русское
неприкосновенный,русское
неприкрытый,русское
неприличность,русское
неприличный,русское
неприменение,русское
неприменимый,русское
неприметный,русское
непримечательный,русское
непримиримый,русское
непринадлежность,русское
непринужденный,русское
непринуждённость,русское
непринятие,русское
неприсоединение,русское
неприсоединившиися,русское
неприспособленный,русское
непристоиность,русское
непристоиный,русское
неприступный,русское
непритворный,русское
непритязательный,русское
неприхотливыя,русское
непричастный,русское
непричесанный,русское
непричинение,русское
неприязненный,русское
неприязнь,русское
неприятель,русское
неприятие,русское
неприятность,русское
неприятный,русское
непробиваемый,русское
непроведа,русское
непроведение,русское
непроглядный,русское
непрогнозируемый,русское
непроголь,русское
непрограммируемый,русское
непродовольственный,русское
непродуктивный,русское
непродуманный,русское
непроезжие,русское
непрозрачный,русское
непроизводительный,русское
непроизводный,русское
непроизводственный,русское
непроизводящие,русское
непроизвольный,русское
непроизносимый,русское
непромокаемый,русское
непромытый,русское
непроницаемый,русское
непропорциональный,русское
непросвещенный,русское
непросохшие,русское
непростительный,русское
непростой,русское
непротивление,русское
непротиворечивыя,русское
непроточный,русское
непрофессионал,русское
непрофессионализм,русское
непрофессиональный,русское
непрофилирующие,русское
непрофильный,русское
непроходимость,русское
непроходимый,русское
непрочный,русское
непрошеный,русское
непрямои,русское
нептуний,заимствованное
непуганый,русское
непыльный,русское
непьющие,русское
нераб,русское
неработающие,русское
нерабочий,русское
неравенство,русское
неравновесный,русское
неравнода,русское
неравнодушие,русское
неравнодушный,русское
неравном,русское
неравномерный,русское
неравноправие,русское
неравноправный,русское
неравноценный,русское
неравный,русское
нерадивыя,русское
нерадостный,русское
неразборчивыя,русское
неразвитый,русское
неразгаданный,русское
неразглашение,русское
неразговорчивыя,русское
неразделенный,русское
неразделимый,русское
нераздельный,русское
неразличение,русское
неразличимый,русское
неразложимый,русское
неразлучный,русское
неразрешенный,русское
неразрешимый,русское
неразрывный,русское
неразумный,русское
нераскрытый,русское
нерасположение,русское
нераспорядительный,русское
нераспространение,русское
нераспространенный,русское
нерастворимый,русское
нерасторжимый,русское
нерасторопный,русское
нерастраченный,русское
нерасчетливыя,русское
нерасчетный,русское
нерасчлененный,русское
нерасчленимый,русское
нерациональный,русское
нерв,заимствованное
нервать,русское
нервация,заимствованное
нервировать,заимствованное
нервничать,заимствованное
нервно,заимствованное
нервнопаралитическия,русское
нервнопсихическия,русское
нервный,заимствованное
нервозный,заимствованное
нервюра,заимствованное
нереализованный,русское
нереалистическия,русское
нереалистичный,русское
нереальный,русское
нерегулируемый,русское
нерегулярный,русское
нередкия,русское
нерезкия,русское
нерезультативный,русское
нерентабельный,русское
нерест,русское
нерестилище,русское
нереститься,русское
нерешительность,русское
нерешительный,русское
нержавеющие,русское
неритмичный,русское
неритовыя,заимствованное
неровность,русское
неровный,русское
неродной,русское
неродственный,русское
нерпа,заимствованное
нерудный,русское
нерушимый,русское
несамостоятельный,русское
несамоходный,русское
несанкционированный,русское
несбалансированный,русское
несбыточный,русское
несведущие,русское
несвобода,русское
несвободный,русское
несводимый,русское
несвоевременный,русское
несвоиственный,русское
несвя,русское
несвязанный,русское
несвязный,русское
несгиб,русское
несгибаемый,русское
несговорчивыя,русское
несгораемый,русское
несдержанный,русское
несемеиный,русское
несерииный,русское
несерьезный,русское
несессер,заимствованное
несжатый,русское
несильный,русское
несимметричный,русское
несимпатичный,русское
несинхронный,русское
несклоняемый,русское
нескончаемый,русское
нескорый,русское
нескромный,русское
нескрываемый,русское
нескучный,русское
неславянския,русское
несладкия,русское
неслаженный,русское
несловесный,русское
несложный,русское
неслучаиный,русское
неслыханный,русское
неслышный,русское
несмежный,русское
несмелый,русское
несменяемость,русское
несменяемый,русское
несметный,русское
несминаемый,русское
несмываемый,русское
несносный,русское
несоблюдение,русское
несобранный,русское
несобственный,русское
несовершение,русское
несовершеннол,заимствованное
несовершенный,русское
несовместимый,русское
несовпадение,русское
несовременный,русское
несогласие,русское
несогласный,русское
несогласованный,русское
несоединимый,русское
несознательный,русское
несоизмеримый,русское
несокрушимый,русское
несолидный,русское
несомненный,русское
несообразность,русское
несообразный,русское
несоответственный,русское
несоответствие,русское
несоразмерный,русское
несостоявшиися,русское
несостоятельность,русское
несостоятельный,русское
неспелый,русское
неспешный,русское
неспокоиный,русское
неспособность,русское
неспособный,русское
несправедливость,русское
несправедливыя,русское
несравненный,русское
несравнимый,русское
несрочный,русское
нестабильный,русское
нестандарт,русское
нестандартный,русское
нестареющие,русское
нестарый,русское
нестерильный,русское
нестерпеть,русское
нестерпимый,русское
нести,русское
нестись,русское
нестоикия,русское
нестрашный,русское
нестрогий,русское
нестроевой,русское
нестроиный,русское
несудебный,русское
несудимый,русское
несудоходный,русское
несуеверный,русское
несушка,русское
несущественный,русское
несуществующие,русское
несходный,русское
несходство,русское
несчастливыя,русское
несчастный,русское
несчетный,русское
несъедобный,русское
несъемный,русское
нетактичность,русское
нетактичный,русское
неталантливыя,русское
нетбол,заимствованное
нетболисток,заимствованное
нетбук,заимствованное
нетвердый,русское
нетворкинг,заимствованное
нетворческия,русское
нетерпеливыя,русское
нетерпение,русское
нетерпимость,русское
нетерпимый,русское
нетипичный,русское
нетканый,русское
нетленный,русское
нетолерантный,русское
нетолстый,русское
нетопленый,русское
неторопливыя,русское
неторопля,русское
неточность,русское
неточный,русское
нетрадиционный,русское
нетранспортабельный,русское
нетребовательный,русское
нетрезвыя,русское
нетривиальный,русское
нетронутый,русское
нетрудный,русское
нетрудовой,русское
нетрудоспособный,русское
нетрудящиися,русское
нетто,заимствованное
неттоп,заимствованное
нетяжелый,русское
неубедительный,русское
неубитый,русское
неубранный,русское
неуважение,русское
неуважительность,русское
неуважительный,русское
неуверенность,русское
неуверенный,русское
неувядающие,русское
неугасимый,русское
неугодный,русское
неугомонный,русское
неуд,русское
неудавшиися,русское
неударный,русское
неударяемый,русское
неудача,русское
неудачливыя,русское
неудачник,русское
неудачный,русское
неудержимый,русское
неудивительный,русское
неудобие,русское
неудобный,русское
неудобство,русское
неудовлетворение,русское
неудовлетворенный,русское
неудовлетворительный,русское
неудовлетворённость,русское
неудовольствие,русское
неузнава,русское
неузнаваемость,русское
неузнаваемый,русское
неуклонный,русское
неуклюжие,русское
неукоснительный,русское
неукротимый,русское
неуловимый,русское
неумелый,русское
неумение,русское
неумеренный,русское
неуместный,русское
неумный,русское
неумолимый,русское
неумолкаемый,русское
неумышленный,русское
неунывающие,русское
неуплата,русское
неупорядоченный,русское
неуправляемый,русское
неуравновешенный,русское
неурожаиный,русское
неурожай,русское
неурочный,русское
неусидчивыя,русское
неуспеваемость,русское
неуспевающие,русское
неуспех,русское
неуспешный,русское
неуспокоенный,русское
неуставной,русское
неустанный,русское
неустоик,русское
неустоичивыя,русское
неустоявшиися,русское
неустранимый,русское
неустрашимый,русское
неустроенный,русское
неустроиство,русское
неуступчивыя,русское
неусыпный,русское
неутешительный,русское
неутихающие,русское
неутолимый,русское
неутолить,русское
неутомимый,русское
неутомить,русское
неучастие,русское
неученый,русское
неучтивость,русское
неучтивыя,русское
неуютный,русское
неуязвимый,русское
неф,заимствованное
нефелин,заимствованное
нефелиновыя,заимствованное
нефелометр,заимствованное
нефелометрия,заимствованное
неформальный,русское
неформатный,русское
нефоскоп,заимствованное
нефрит,заимствованное
нефритовыя,заимствованное
нефроз,заимствованное
нефролитиаз,заимствованное
нефролог,заимствованное
нефрология,заимствованное
нефрон,заимствованное
нефропатия,заимствованное
нефроптоз,заимствованное
нефросклероз,заимствованное
нефротоксическия,заимствованное
нефрэктомия,заимствованное
нефте,заимствованное
нефтебаза,заимствованное
нефтевоз,русское
нефтег,русское
нефтегазовыя,русское
нефтедоллар,заимствованное
нефтезаво,русское
нефтелов,русское
нефтеналивный,русское
нефтеносный,русское
нефтеотдача,русское
нефтепро,русское
нефтепровод,русское
нефтепродукт,заимствованное
нефтех,русское
нефтехимик,русское
нефтехранить,заимствованное
нефть,заимствованное
нефтяник,русское
нефтяной,заимствованное
нехорошие,русское
нехристианския,русское
нец,русское
нецелевой,русское
нецелесообразный,русское
нецелостный,русское
нецелый,русское
нецензурный,русское
нецерковный,русское
нецивилизованный,русское
неча,заимствованное
нечастый,русское
нечаянный,русское
нечеловеческия,русское
нечеловечный,русское
нечерноземный,русское
нечерноземье,русское
нечесаный,русское
нечестный,русское
нечеткия,русское
нечетный,русское
нечистоплотный,русское
нечистота,заимствованное
нечистый,русское
нечищеный,русское
нечленораздельный,русское
нечувствительный,русское
нешаблонный,русское
неширокия,русское
нещадный,русское
неэквивалентный,русское
неэкологичный,русское
неэкономическия,русское
неэкономичный,русское
неэкономный,русское
неэкстремальный,русское
неэнергичный,русское
неэпидемическия,русское
неэтичный,русское
неэффективный,русское
неявка,русское
неявный,русское
неядерный,русское
неядовитый,русское
неяркия,русское
неясность,русское
неясный,русское
нжеския,русское
нзовыя,русское
нзора,заимствованное
ни,заимствованное
ниблер,заимствованное
нива,русское
нивелир,заимствованное
нивелирование,заимствованное
нивелировать,заимствованное
нивелироваться,русское
нивелировка,заимствованное
нигилизм,заимствованное
нигилист,заимствованное
нигилистическия,заимствованное
нигрозин,заимствованное
нигроспороз,заимствованное
ние,заимствованное
ниелло,заимствованное
нижеизложенный,русское
ниженазванный,русское
нижеподпис,русское
нижепоимить,русское
нижеприведенный,русское
нижесказанный,русское
нижеследующие,русское
нижесредние,русское
нижестоящие,русское
нижеуказанный,русское
нижеупомить,русское
нижеупомянутый,русское
нижнии,русское
низ,заимствованное
низвергнуть,русское
низина,русское
низинный,русское
низкия,русское
низковольтный,русское
низколег,русское
низкоопнуть,русское
низкопробный,русское
низкорослый,русское
низкосортный,русское
низложить,русское
низменность,русское
низменный,русское
низовой,русское
низость,русское
нии,русское
ник,русское
никелевыя,заимствованное
никелировать,заимствованное
никель,заимствованное
никнеить,заимствованное
никнуть,русское
никотин,заимствованное
никотиновыя,заимствованное
никотиномания,заимствованное
никтофобия,заимствованное
нимб,заимствованное
нимфомания,заимствованное
нимфоманка,заимствованное
ниндзя,заимствованное
ниобиевыя,заимствованное
ниобий,заимствованное
ниппель,заимствованное
нирвана,заимствованное
нис,русское
ниспадать,русское
ниспровергатель,русское
ниспровергнуть,русское
нистагм,заимствованное
нитевидный,русское
нитка,русское
нитрат,заимствованное
нитратный,русское
нитратомер,русское
нитрид,заимствованное
нитрит,заимствованное
нитрификация,заимствованное
нитро,заимствованное
нитробактерия,заимствованное
нитрование,заимствованное
нитровать,заимствованное
нитроглицерин,заимствованное
нитрогруппа,заимствованное
нитрозогруппа,заимствованное
нитролак,русское
нитрофил,заимствованное
нитроцеллюлоза,заимствованное
нитроцементация,заимствованное
нитроэмаль,заимствованное
нить,русское
ниться,русское
нихром,русское
ничтожность,русское
ничтожный,русское
ниша,заимствованное
нишевой,заимствованное
нищать,русское
нищенския,русское
нищета,русское
нищие,русское
ния,заимствованное
нка,заимствованное
нко,заимствованное
нковския,русское
нковыя,русское
нкт,заимствованное
нкурс,русское
нкция,заимствованное
нна,русское
ннии,русское
нникнуть,русское
нничество,русское
нный,русское
но,русское
нобелий,заимствованное
новатор,заимствованное
новаторския,заимствованное
новаторство,заимствованное
новация,заимствованное
новелла,заимствованное
новеллетта,заимствованное
новеллист,заимствованное
новеллистик,заимствованное
новизна,русское
новинка,русское
новичок,русское
новобранец,русское
новобрачный,русское
нововведение,русское
новогодние,русское
новообразование,русское
новорожденный,русское
новоселье,русское
новостроик,русское
новострый,русское
новость,русское
новосёл,русское
новшество,русское
новыя,русское
нога,русское
ноготь,русское
нож,русское
ножевой,русское
ножницы,русское
ножной,русское
ножны,русское
ножовка,русское
нозоареал,заимствованное
нозогеография,заимствованное
нозологическия,заимствованное
нозология,заимствованное
нозофобия,заимствованное
нок,заимствованное
нокаут,заимствованное
нокаутировать,заимствованное
нокдаун,заимствованное
ноктюрн,заимствованное
ноль,заимствованное
ном,заимствованное
номен,заимствованное
номенклатура,заимствованное
номенклатурный,заимствованное
номер,заимствованное
номерно,русское
номерной,русское
номерок,русское
номинал,заимствованное
номинализм,русское
номиналист,русское
номинальный,заимствованное
номинант,заимствованное
номинативный,русское
номинация,заимствованное
номинировать,заимствованное
номогенез,заимствованное
номограмма,заимствованное
номография,русское
нона,заимствованное
нонет,заимствованное
нониус,заимствованное
нонконформизм,заимствованное
нонконформист,заимствованное
нонконформить,заимствованное
нонпарель,заимствованное
нонсенс,русское
ноосф,заимствованное
ноосфера,заимствованное
норадреналин,заимствованное
норд,заимствованное
нория,заимствованное
норма,заимствованное
нормализация,заимствованное
нормализовать,заимствованное
нормализоваться,русское
нормаль,заимствованное
нормальный,заимствованное
норматив,заимствованное
нормативизм,русское
нормативноправовый,русское
нормативный,заимствованное
нормировать,заимствованное
нормировщик,заимствованное
нос,заимствованное
носилки,русское
носильный,русское
носильщик,русское
носитель,русское
носить,русское
носиться,русское
носка,русское
ноския,русское
носовой,русское
носоглотка,русское
ностальгическия,заимствованное
ностальгия,заимствованное
нострификация,заимствованное
нота,заимствованное
нотабена,заимствованное
нотабене,заимствованное
нотариальный,заимствованное
нотариат,заимствованное
нотариус,заимствованное
нотационный,заимствованное
нотация,заимствованное
нотис,заимствованное
нотификация,заимствованное
нотифицировать,русское
нотный,заимствованное
ноу,заимствованное
ноумен,заимствованное
ноуменальный,русское
ноутбук,заимствованное
ночевать,русское
ночлег,русское
ночной,русское
ночь,русское
ноша,русское
ношение,русское
ношеный,русское
нрав,заимствованное
нравиться,русское
нравоучение,русское
нравоучий,заимствованное
нравоучительный,русское
нравоучить,русское
нравственность,русское
нравственный,русское
нския,русское
нспорт,русское
нспортный,русское
нство,русское
нт,заимствованное
нтность,заимствованное
нтный,русское
нтр,заимствованное
нтрик,заимствованное
нтство,русское
нубук,заимствованное
нубуковыя,заимствованное
нувориш,заимствованное
нуга,заимствованное
нудизм,заимствованное
нудист,заимствованное
нудистския,заимствованное
нужда,русское
нуждаемость,русское
нуждаться,русское
нужный,русское
нуклеиновыя,заимствованное
нуклеотид,заимствованное
нуклеотидный,заимствованное
нуклид,русское
нулевой,заимствованное
нуллифицировать,русское
нуль,заимствованное
нумератор,русское
нумерация,заимствованное
нумеровать,заимствованное
нумеролог,русское
нумерология,заимствованное
нумизмат,заимствованное
нумизматика,заимствованное
нунций,заимствованное
нунчак,заимствованное
нус,заимствованное
нут,заимствованное
нутация,заимствованное
нутовыя,заимствованное
нутрицевтика,заимствованное
нутрицевтическия,заимствованное
нутрициолог,заимствованное
нутрициологическия,заимствованное
нутрициология,заимствованное
нутромер,русское
нутый,русское
нуть,русское
нуться,русское
нуцеллус,заимствованное
нция,заимствованное
нчатый,русское
нческия,русское
нчик,русское
нш,заимствованное
нщик,русское
ны,русское
ныи,русское
нь,русское
ньшить,русское
нью,заимствованное
ньюсмеикер,заимствованное
ньютон,заимствованное
нья,заимствованное
ню,заимствованное
нюанс,заимствованное
нюанси,русское
нюансировать,русское
нюд,заимствованное
нюдовыя,заимствованное
ня,русское
нятость,русское
нятый,русское
нёж,заимствованное
о,русское
оазис,заимствованное
обанкро,русское
обанкротить,русское
обанкротиться,русское
обаяние,русское
обаятельный,русское
обвал,русское
обвалить,русское
обвалиться,русское
обвалка,русское
обваловать,русское
обвалять,русское
обваляться,русское
обварить,русское
обвариться,русское
обварка,русское
обвенчать,русское
обвенчаться,русское
обвес,русское
обвесить,русское
обвести,русское
обветшалый,русское
обветшать,русское
обвешать,русское
обвешаться,русское
обвинение,русское
обвинитель,русское
обвинить,русское
обвинять,русское
обвить,русское
обвиться,русское
обвод,русское
обводнить,русское
обводный,русское
обводнённость,русское
обвязать,русское
обвязка,русское
обдувка,русское
обдуманный,русское
обдумать,русское
обед,русское
обеднить,русское
обезболить,русское
обезводить,русское
обезвредить,русское
обезглавить,русское
обездвиженный,русское
обездвижить,русское
обездоленный,русское
обездолить,русское
обезжирить,русское
обеззаразить,русское
обезземелить,русское
обезличить,русское
обезличиться,русское
обезлюдеть,русское
обезлюдить,русское
обезобразить,русское
обезобразиться,русское
обезопасить,русское
обезопаситься,русское
обезоружить,русское
обезуметь,русское
обезьяна,русское
обелиск,заимствованное
обелить,русское
оберегать,русское
оберечься,русское
обернуть,русское
обернуться,русское
обертон,заимствованное
обертонный,заимствованное
обескровить,русское
обескровиться,русское
обеспечение,русское
обеспеченность,русское
обеспечительный,русское
обеспечить,русское
обеспокоить,русское
обесточить,русское
обесценить,русское
обесцениться,русское
обесчестить,русское
обечаик,русское
обещание,русское
обещать,русское
обжаловать,русское
обжечь,русское
обзаведа,русское
обзаведение,русское
обзор,русское
обзорность,русское
обзый,русское
обивка,русское
обида,русское
обидеть,русское
обидеться,русское
обидный,русское
обидчивыя,русское
обидчик,русское
обилие,русское
обильный,русское
обитаемый,русское
обитатель,русское
обитать,русское
обить,русское
обиход,русское
обиходить,русское
обиходный,русское
обком,русское
обкрадывать,русское
облава,русское
облагоразумиться,русское
облагородить,русское
облагородиться,русское
обладатель,русское
обладать,русское
облако,русское
областноить,русское
областный,русское
область,русское
облачение,русское
облачить,русское
облачиться,русское
облачность,русское
облачный,русское
облегать,русское
облегчение,русское
облегченный,русское
облегчительный,русское
облегчить,русское
облегчиться,русское
облечь,русское
облигато,заимствованное
облигаторный,заимствованное
облигационер,заимствованное
облигационный,заимствованное
облигация,заимствованное
облиго,заимствованное
облик,русское
облитерация,заимствованное
облитерировать,заимствованное
облитерирующие,заимствованное
облить,русское
облицевать,русское
облицовка,русское
обличать,русское
обличитель,русское
обличительный,русское
обличить,русское
обложить,русское
обложиться,русское
обложка,русское
обломок,русское
облучить,русское
обман,русское
обманка,русское
обмануть,русское
обмануться,русское
обманчивыя,русское
обманщик,русское
обмен,русское
обменять,русское
обменяться,русское
обмерить,русское
обмолвиться,русское
обмолвка,русское
обморозить,русское
обморок,русское
обмотать,русское
обмотаться,русское
обмотка,русское
обмундирование,русское
обмундировать,русское
обмундироваться,русское
обмуровка,русское
обмыть,русское
обнаглеть,русское
обнадёжить,русское
обнажа,русское
обнажение,русское
обнажить,русское
обнажиться,русское
обналичить,русское
обналичиться,русское
обнародовать,русское
обнаружить,русское
обнаружиться,русское
обнести,русское
обнищалый,русское
обнищать,русское
обновитель,русское
обновительный,русское
обновить,русское
обновиться,русское
обновленец,русское
обновленчество,русское
обножка,русское
обнос,русское
обнять,русское
обняться,русское
обобщение,русское
обобщенный,русское
обобществить,русское
обобществиться,русское
обобщий,русское
обобщить,русское
обобщиться,русское
обогатитель,русское
обогатительный,русское
обогатить,русское
обогатиться,русское
обогащаемость,русское
обогащение,русское
обогнать,русское
обогрев,русское
обогреватель,русское
обогревательный,русское
обогреть,русское
обогреться,русское
обод,русское
ободочный,русское
обожание,русское
обожатель,русское
обожать,русское
обожествить,русское
обозлиться,русское
обозначать,русское
обозначение,русское
обозначить,русское
обозначиться,русское
обозр,русское
обозреватель,русское
обозрение,русское
обозреть,русское
обоисполнимый,русское
обоититься,русское
обоить,русское
обокрасть,русское
оболитеиный,русское
оболочка,русское
обольститель,русское
обольстительница,русское
обольстительный,русское
обольстить,русское
обольститься,русское
обольщать,русское
обольщаться,русское
обольщение,русское
обоняние,русское
обонять,русское
обоотборник,русское
обора,русское
оборачиваемость,русское
оборачивать,русское
оборачиваться,русское
оборвать,русское
оборваться,русское
оборона,русское
оборонительный,русское
оборонять,русское
обороняться,русское
оборот,русское
оборотный,русское
оборудование,русское
оборудовать,русское
обоснование,русское
обоснованный,русское
обосновать,русское
обособить,русское
обособиться,русское
обособленный,русское
обосой,русское
обостренный,русское
обострить,русское
обостриться,русское
оботостроение,русское
обототехник,русское
обочина,русское
обочитаемый,русское
обоюдный,русское
обра,русское
обработать,русское
обрадовать,русское
обрадоваться,русское
образ,русское
образец,русское
образный,русское
образование,русское
образованный,русское
образовательный,русское
образовать,русское
образоваться,русское
образумить,русское
образумиться,русское
образцовопоказ,русское
образцовыя,русское
обрамить,русское
обратимый,русское
обратить,русское
обратиться,русское
обратный,русское
обращаться,русское
обращение,русское
обрез,русское
обрезать,русское
обременительный,русское
обременить,русское
обременяться,русское
обрести,русское
обреченный,русское
обречь,русское
обрешётка,русское
обрисовать,русское
оброгация,заимствованное
обрубка,русское
обручальный,русское
обручение,русское
обручить,русское
обрушение,русское
обрушить,русское
обрушиться,русское
обрывок,русское
обрывочный,русское
обрызгать,русское
обрый,русское
обряд,русское
обрядность,русское
обсерватория,заимствованное
обсервационный,заимствованное
обсервация,заимствованное
обсессия,заимствованное
обсидиан,заимствованное
обсидиановыя,заимствованное
обскурант,заимствованное
обскурантизм,заимствованное
обследовать,русское
обслуживание,русское
обслужить,русское
обставить,русское
обстановка,русское
обстановочный,русское
обстереть,русское
обстоятельный,русское
обстоятельство,русское
обстоять,русское
обстрел,русское
обстрелить,русское
обстрелять,русское
обструктивный,заимствованное
обструкционизм,заимствованное
обструкционист,заимствованное
обструкционный,заимствованное
обструкция,заимствованное
обсудить,русское
обсценный,заимствованное
обтекаемый,русское
обтекатель,русское
обтереть,русское
обтереться,русское
обтирание,русское
обтурация,заимствованное
обтюратор,заимствованное
обтюрация,заимствованное
обтянуть,русское
обувь,русское
обуглить,русское
обуглиться,русское
обуза,русское
обуздать,русское
обусловить,русское
обусловленность,русское
обусловливаться,русское
обустроенность,русское
обустроиство,русское
обустроиться,русское
обуть,русское
обуться,русское
обух,русское
обучаться,русское
обученный,русское
обучить,русское
обучиться,русское
обхват,русское
обхватить,русское
обходительный,русское
обходной,русское
обходный,русское
обходчик,русское
обхождение,русское
обшивка,русское
обширный,русское
обшить,русское
обшлаг,заимствованное
общаться,русское
общевоисковой,русское
общегородской,русское
общегосударственный,русское
общедемократическия,русское
общедоступный,русское
общеевропа,русское
общежитеиския,русское
общежитие,русское
общеизвестный,русское
общекома,русское
общемировый,русское
общенародный,русское
общенациональный,русское
общение,русское
общеобразовательный,русское
общеобязательный,русское
общепарти,русское
общепереть,русское
общепит,русское
общеполезный,русское
общеполитическия,русское
общепонятный,русское
общеправовой,русское
общепризнанный,русское
общепринятый,русское
общераспространенный,русское
общереспубликанския,русское
общероссииския,русское
общерусския,русское
общественник,русское
общественнополитическия,русское
общественность,русское
общественный,русское
общество,русское
обществовед,русское
обществоведение,русское
обществозный,русское
общетеорести,русское
общеукрепляющие,русское
общеуниверсит,русское
общеупотребить,русское
общеустановленный,русское
общефедеральный,русское
общечеловеческия,русское
общеэкономь,русское
общие,русское
общий,русское
община,русское
общинный,русское
общительный,русское
общность,русское
объ,заимствованное
объединение,русское
объединитель,русское
объединить,русское
объединиться,русское
объект,заимствованное
объектив,заимствованное
объективация,заимствованное
объективизация,русское
объективизм,заимствованное
объективировать,русское
объективист,русское
объективистския,русское
объективно,заимствованное
объективный,заимствованное
объектный,заимствованное
объемнопространственный,русское
объемный,русское
объесть,русское
объесться,русское
объехать,русское
объявить,русское
объявление,русское
объяснение,русское
объяснимый,русское
объяснить,русское
объясниться,русское
объясняться,русское
объятие,русское
объять,русское
объём,русское
обы,русское
обыватель,русское
обыграть,русское
обыденный,русское
обыкновение,русское
обыкновенный,русское
обыск,русское
обыскать,русское
обычай,русское
обычный,русское
обюрократиться,русское
обязание,русское
обязанность,русское
обязательный,русское
обязательственный,русское
обязательство,русское
обязать,русское
обязаться,русское
обязывать,русское
овал,заимствованное
овальный,заимствованное
овация,заимствованное
овдоветь,русское
овезаменитель,русское
овердрафт,заимствованное
оверкиль,заимствованное
оверлей,заимствованное
оверлок,заимствованное
оверлочный,заимствованное
овертаить,заимствованное
оверштаг,заимствованное
овеществить,русское
овеществиться,русское
овеять,русское
овладеть,русское
овнонравственный,русское
овнослужитель,русское
овогенез,заимствованное
оволокно,русское
овообращение,русское
овообращенный,русское
овоостанавливающие,русское
овополагающие,русское
овоприбывшие,русское
овопромышленный,русское
овоскоп,заимствованное
овоспламеняющиися,русское
овоупотребление,русское
овоцит,заимствованное
овощ,русское
овощевод,русское
овощеводство,русское
овощехранилище,русское
овраг,русское
овуляция,заимствованное
овца,русское
овцевод,русское
овцеводство,русское
овцематка,русское
овцефа,русское
овцеферма,русское
овчарня,русское
овчина,русское
овёс,русское
огарок,русское
огенератор,русское
оглавление,русское
огласить,русское
огласка,русское
оглохнуть,русское
оглушающие,русское
оглушительный,русское
оглушить,русское
оглядеть,русское
оглядеться,русское
оглядываться,русское
оглянуться,русское
огневой,русское
огнезащита,русское
огнезащитный,русское
огнемёт,русское
огненный,русское
огнеопасный,русское
огнеприпас,русское
огнестоикия,русское
огнестрельный,русское
огнетушитель,русское
огнеупор,русское
огнеупорный,русское
оговорить,русское
оговориться,русское
оговорка,русское
оговый,русское
огодатель,русское
огодержатель,русское
огокилометровыя,русское
оголить,русское
огомиллиардный,русское
огонь,русское
огонёк,русское
огообещ,русское
огообещающие,русское
огоотраслевой,русское
огоплательщик,русское
огород,русское
огородить,русское
огородник,русское
огородничество,русское
огорчение,русское
огорчительный,русское
огорчить,русское
огорчиться,русское
огосемеиный,русское
огоспосо,русское
огоспособный,русское
огосударствлять,русское
огосударствляться,русское
огофункциональный,русское
огочеловек,русское
ограбить,русское
ограда,русское
оградить,русское
ограждение,русское
ограммовыя,русское
ограничение,русское
ограниченный,русское
ограничивать,русское
ограничитель,русское
ограничительный,русское
ограничить,русское
ограничиться,русское
огрех,русское
огро,русское
огромный,русское
огур,русское
огурец,русское
ода,заимствованное
одаренный,русское
одарить,русское
одаряемый,русское
одевание,русское
одевать,русское
одеваться,русское
одержимый,русское
одеть,русское
одеяло,русское
один,русское
одинаковыя,русское
одинарный,русское
одинокия,русское
одиночество,русское
одиночка,русское
одиночный,русское
одиозный,заимствованное
одиссея,заимствованное
одическия,заимствованное
одновременный,русское
однодневка,русское
однодневный,русское
однозначный,русское
одноименный,русское
одноклассник,русское
одноковшовыя,русское
однокомнатный,русское
однокоренной,русское
однокорневой,русское
однократный,русское
однокровный,русское
однолетнии,русское
однолыжник,русское
одномандатник,русское
одномандатный,русское
одноместный,русское
одномыслящие,русское
однообразие,русское
однообразный,русское
одноосный,русское
однопартииный,русское
однополчанин,русское
однополый,русское
одноразовыя,русское
однорасходный,русское
однородный,русское
односельчанин,русское
однослоиный,русское
односторонния,русское
однотвердеющие,русское
однотипный,русское
однофамилец,русское
одноцве,русское
одноцветный,русское
одноэт,русское
одноэтажный,русское
одобоязнь,русское
одобрение,русское
одобрительный,русское
одобрить,русское
одовластие,русское
одозащитный,русское
одоизмерительный,русское
одоизмещение,русское
одометр,заимствованное
одонагреватель,русское
одонтология,заимствованное
одонтома,заимствованное
одоовощноить,русское
одоохрана,русское
одоохранительный,русское
одоохранный,русское
одоочистка,русское
одоочистноить,русское
одоочистный,русское
одоплеменноить,русское
одопользование,русское
одопользователь,русское
одоприёмник,русское
одоразборный,русское
одорант,заимствованное
одорастворимый,русское
одорегулирующие,русское
одоризация,заимствованное
одорировать,русское
одорология,заимствованное
одоуправление,русское
одсодержащие,русское
одуматься,русское
одухотворенный,русское
одухотворить,русское
одушевить,русское
одушевленный,русское
одышка,русское
одёжа,русское
ожесточение,русское
ожесточенный,русское
ожесточить,русское
ожесточиться,русское
оживить,русское
оживиться,русское
оживленный,русское
ожид,русское
ожидание,русское
ожидать,русское
ожидаться,русское
ожидающие,русское
ожирение,русское
ожить,русское
ожог,русское
ожоговыя,русское
оз,русское
озаботить,русское
озаботиться,русское
озабоченный,русское
озавод,русское
озаглавить,русское
озадаченный,русское
озадачить,русское
озакадемия,русское
озарение,русское
озарить,русское
озариться,русское
озвучить,русское
оздоровительный,русское
оздоровить,русское
оздухонепроницаемый,русское
оздухоохладитель,русское
оздухоочиститель,русское
оздухоподготовка,русское
оздухоподогреватель,русское
оздухопроницаемый,русское
озеленитель,русское
озеленительный,русское
озеленить,русское
озеро,русское
озиестоикия,русское
озимый,русское
озкооператив,русское
озкультура,русское
озлобить,русское
озлобиться,русское
озлобление,русское
озлобленный,русское
ознакомительный,русское
ознакомить,русское
ознакомиться,русское
ознаменовать,русское
ознаменоваться,русское
означать,русское
означить,русское
озноб,русское
озо,русское
озозащита,русское
озокерит,заимствованное
озон,заимствованное
озонатор,заимствованное
озонирование,заимствованное
озонировать,заимствованное
озоновыя,заимствованное
озонометр,заимствованное
озоносфера,заимствованное
озонотерапия,заимствованное
озостоикия,русское
озоустоичивыя,русское
озть,заимствованное
ои,русское
оикумена,заимствованное
оказать,русское
оказаться,русское
окаимитя,русское
окалина,русское
окантовка,русское
оканчиваться,русское
окарина,заимствованное
окатыш,русское
океан,заимствованное
океанавт,заимствованное
океанарий,заимствованное
океанариум,заимствованное
океаническия,заимствованное
океанограф,заимствованное
океанографическия,заимствованное
океанография,заимствованное
океанолог,заимствованное
океанологическия,заимствованное
океанология,заимствованное
океанския,заимствованное
окинуть,русское
окисел,русское
окисление,русское
окислитель,русское
окислительный,русское
окислить,русское
окислиться,русское
окись,русское
окказионализм,заимствованное
окказиональный,заимствованное
окклюдёр,заимствованное
окклюзия,заимствованное
оккультизм,заимствованное
оккультный,заимствованное
оккупант,заимствованное
оккупационный,заимствованное
оккупация,заимствованное
оккупировать,заимствованное
оклад,русское
оклеветать,русское
оклеточный,русское
окликнуть,русское
окно,русское
око,русское
ококвалифицированный,русское
околдовать,русское
около,русское
околыш,русское
оконесущие,русское
оконечность,русское
оконечный,русское
окончание,русское
окончательный,русское
окончить,русское
окончиться,русское
окооплачиваемый,русское
окоп,русское
окопать,русское
окопаться,русское
окоприёмник,русское
окопровод,русское
окопродуктивный,русское
окопроизводительный,русское
окопрофессиональный,русское
окоуважаемый,русское
окоурожаиный,русское
окочастотный,русское
окпост,русское
окра,русское
окраина,русское
окрасить,русское
окраска,русское
ократный,русское
окрашенность,русское
окрестность,русское
окрестный,русское
окрик,русское
окрикнуть,русское
окровавить,русское
окропить,русское
округ,русское
округленный,русское
округлить,русское
округлиться,русское
округлость,русское
округлый,русское
окружать,русское
окружающие,русское
окружение,русское
окружить,русское
окружность,русское
окс,заимствованное
оксалат,заимствованное
оксалатурия,заимствованное
оксекция,русское
оксигенатор,заимствованное
оксигенация,заимствованное
оксигенотерапия,заимствованное
оксид,заимствованное
оксидаза,заимствованное
оксидиметрия,заимствованное
оксидирование,заимствованное
оксидировать,заимствованное
оксидироваться,заимствованное
оксидный,заимствованное
оксикодон,заимствованное
оксиморон,заимствованное
окситоцин,заимствованное
оксолин,заимствованное
оксолиновыя,заимствованное
оксоха,заимствованное
оксфорд,заимствованное
оксюморон,заимствованное
окт,заимствованное
октав,заимствованное
октагон,заимствованное
октагональный,заимствованное
октан,заимствованное
октановыя,заимствованное
октант,заимствованное
октаэдр,заимствованное
октет,заимствованное
окто,заимствованное
октроировать,русское
окук,русское
окулировать,заимствованное
окулировка,заимствованное
окулист,заимствованное
окультурить,русское
окуляр,заимствованное
окулярный,заимствованное
окупаемость,русское
окупить,русское
окупиться,русское
окутать,русское
окшоу,русское
олвеко,русское
олгод,русское
олеин,заимствованное
олеиновыя,заимствованное
оленеводство,русское
олень,русское
олео,заимствованное
олеография,заимствованное
олеутоляющие,русское
олива,заимствованное
оливин,заимствованное
оливиновыя,заимствованное
оливитамин,русское
оливка,заимствованное
оливковыя,заимствованное
оливный,заимствованное
олига,заимствованное
олигарх,заимствованное
олигархическия,заимствованное
олигархия,заимствованное
олигемия,заимствованное
олигоартрит,заимствованное
олигодактилия,заимствованное
олигодонтий,заимствованное
олигополизация,заимствованное
олигополия,заимствованное
олигопсония,заимствованное
олиготрофный,заимствованное
олигофагия,заимствованное
олигофазия,заимствованное
олигофрен,заимствованное
олигофрение,заимствованное
олигофреническия,заимствованное
олигофренопедагог,заимствованное
олигофренопедагогика,заимствованное
олигоцен,заимствованное
олигоценовыя,заимствованное
олигурия,заимствованное
олиметаллическия,русское
олимп,заимствованное
олимпиада,заимствованное
олимпиадный,заимствованное
олимпиец,заимствованное
олимпииския,заимствованное
олимпионик,заимствованное
олистирол,русское
олиуретан,русское
олифа,заимствованное
олифить,заимствованное
олицетворение,русское
олицетворить,русское
олицетворять,русское
олмесяц,русское
оловить,заимствованное
олово,русское
оловянный,русское
ологоанат,русское
ологопоисковыя,русское
ологоразведка,русское
ологоразведчик,русское
ологосъемочный,русское
олото,русское
олоуловитель,русское
олудрагоценный,русское
олужирный,русское
олумаска,русское
олумить,русское
олуфабрикат,русское
олчас,русское
ольнонаемный,русское
ольфактометрия,заимствованное
ольха,русское
ом,заимствованное
омбодержатель,русское
омбр,заимствованное
омброметр,заимствованное
омбудсмен,заимствованное
омлет,заимствованное
оммаж,заимствованное
омметр,заимствованное
оммивояжёр,русское
омниум,заимствованное
омограф,заимствованное
омон,русское
омоним,заимствованное
омонимия,русское
омосексуализм,русское
омосексуалист,русское
омофон,заимствованное
омофор,заимствованное
омоформа,заимствованное
омполка,заимствованное
омработница,русское
омрачить,русское
омрачиться,русское
омсостав,русское
омсток,русское
омтовар,русское
омфалит,заимствованное
онавирус,русское
онанизм,заимствованное
онанист,заимствованное
ондовооружённость,русское
ондограф,заимствованное
ондодержатель,русское
ондоемкия,русское
ондоотдача,русское
ондохранилище,русское
ондулина,заимствованное
ондулиновыя,заимствованное
ондулятор,заимствованное
онеавтомобиль,русское
онеироид,заимствованное
онеирофобия,заимствованное
онемелый,русское
онеметь,русское
онеспинка,русское
онестечь,русское
оникс,заимствованное
ониксовыя,заимствованное
онить,заимствованное
онихий,заимствованное
онихоз,заимствованное
онихомикоз,заимствованное
онко,заимствованное
онковирус,заимствованное
онкоген,заимствованное
онкогенез,заимствованное
онкогенный,заимствованное
онкодиспансер,заимствованное
онколог,заимствованное
онкологическия,заимствованное
онкология,заимствованное
онколь,заимствованное
онконформист,русское
онкоца,заимствованное
онкоцентр,заимствованное
онлаин,заимствованное
онлаиновыя,заимствованное
оннозаводчик,русское
оннокилометр,русское
онноспортивный,русское
оно,русское
онокосилка,русское
ономасиология,заимствованное
ономастика,заимствованное
ономастикон,заимствованное
ономатопея,заимствованное
ономешалка,русское
оноремонтный,русское
оносмеситель,русское
оносовещательный,русское
оноспособный,русское
оностроение,русское
оносфера,русское
оноукладчик,русское
онпарель,русское
онтогенез,заимствованное
онтогенетик,заимствованное
онтогенетическия,заимствованное
онтогения,заимствованное
онтологизм,заимствованное
онтологическия,заимствованное
онтологичный,заимствованное
онтология,заимствованное
онтрадмирал,русское
онтраргумент,русское
онтратака,русское
онтратаковать,русское
онтрафагот,русское
онтргаик,русское
онтркультура,русское
онтрпара,русское
онтрпредложение,русское
онтрреволюция,русское
онтррельс,русское
онтртеррористическия,русское
онтрудар,русское
онхопневмония,русское
онциркуль,русское
ооветеринарный,русское
оогамия,заимствованное
оогенез,заимствованное
оогоний,заимствованное
оология,заимствованное
оон,русское
оопланктон,русское
оопсихология,русское
оотология,русское
оофорита,заимствованное
ооцит,заимствованное
оочистительный,русское
оп,заимствованное
опак,заимствованное
опалить,русское
опаловыя,заимствованное
опалубка,русское
опальный,русское
опасаться,русское
опасение,русское
опасность,русское
опасный,русское
опасть,заимствованное
опека,русское
опекать,русское
опекун,русское
опекунство,русское
опера,заимствованное
операбельность,заимствованное
операбельный,заимствованное
операнд,заимствованное
оперативный,заимствованное
оператор,заимствованное
операторный,заимствованное
операторския,заимствованное
операционализм,заимствованное
операциональный,заимствованное
операционист,заимствованное
операционный,заимствованное
операция,заимствованное
опередить,русское
оперение,русское
опереточный,заимствованное
оперетта,заимствованное
опереться,русское
оперировать,заимствованное
оперный,заимствованное
оперон,заимствованное
оперуполномоченный,русское
опечатать,русское
опечатка,русское
опи,русское
опий,заимствованное
опингконтроль,русское
опираться,русское
описание,русское
описательный,русское
описать,русское
описаться,русское
описка,русское
опись,русское
опиум,заимствованное
опкадр,русское
опкран,русское
оплакать,русское
оплата,русское
оплатить,русское
оплодотворение,русское
оплодотворить,русское
опломбировать,русское
оплот,русское
оплётка,русское
оповестительный,русское
оповестить,русское
оповещение,русское
опоздать,русское
опознавательный,русское
опознать,русское
опозорить,русское
опозориться,русское
опока,русское
ополаскиватель,русское
оползень,русское
ополченец,русское
ополчение,русское
опопанакс,заимствованное
опора,русское
опорный,русское
опорожнить,русское
опорожниться,русское
опорочить,русское
опосредование,русское
опосредовать,русское
опосредствовать,русское
опоцентризм,русское
оппозитный,заимствованное
оппозиционер,заимствованное
оппозиционность,заимствованное
оппозиционный,заимствованное
оппозиция,заимствованное
оппон,русское
оппонент,заимствованное
оппони,русское
оппонировать,заимствованное
оппортунизм,заимствованное
оппортунист,заимствованное
оппортунистическия,заимствованное
оппортунистичный,заимствованное
оправа,русское
оправдание,русское
оправданный,русское
оправдательный,русское
оправдать,русское
оправдаться,русское
оправдываться,русское
оправить,русское
оправиться,русское
определение,русское
определенный,русское
определимый,русское
определитель,русское
определительный,русское
определить,русское
определиться,русское
определяемый,русское
опредмечивать,русское
опреснитель,русское
опреснительный,русское
опреснить,русское
опресниться,русское
оприходовать,русское
оприходоваться,русское
опробовать,русское
опровергнуть,русское
опровержение,русское
опрокинуть,русское
опрометчивость,русское
опрометчивыя,русское
опрос,русское
опросить,русское
опростить,русское
опротестовать,русское
опрыскиватель,русское
опрятный,русское
опт,русское
оптант,заимствованное
оптатив,заимствованное
оптация,заимствованное
оптик,заимствованное
оптика,заимствованное
оптикатор,заимствованное
оптимальный,заимствованное
оптимизатор,русское
оптимизация,заимствованное
оптимизировать,заимствованное
оптимизм,заимствованное
оптимист,заимствованное
оптимистическия,заимствованное
оптимистичный,заимствованное
оптимум,заимствованное
оптировать,русское
оптить,русское
оптическия,заимствованное
оптовик,русское
оптовь,русское
оптометрист,заимствованное
оптометрия,заимствованное
оптоэлектронный,заимствованное
оптрон,заимствованное
опубликовать,русское
опус,заимствованное
опустить,русское
опуститься,русское
опухолевидный,русское
опухоль,русское
опушка,русское
опцион,заимствованное
опция,заимствованное
опыт,русское
опытный,русское
оральный,заимствованное
оранжевыя,русское
оранжерея,заимствованное
оратор,заимствованное
оратория,заимствованное
орбита,заимствованное
орбиталь,заимствованное
орбитальный,заимствованное
орг,русское
оргазм,заимствованное
оргалит,заимствованное
орган,заимствованное
органаизер,заимствованное
органди,заимствованное
органелла,заимствованное
органза,заимствованное
организа,заимствованное
организатор,заимствованное
организаторския,заимствованное
организационный,заимствованное
организация,заимствованное
организм,заимствованное
организменный,заимствованное
организованность,заимствованное
организованный,заимствованное
организовать,заимствованное
организоваться,русское
органист,заимствованное
органическия,заимствованное
органичный,заимствованное
органный,заимствованное
органогель,заимствованное
органоген,заимствованное
органогенез,заимствованное
органозоль,заимствованное
органоид,русское
органола,заимствованное
органолептика,заимствованное
органометрия,заимствованное
органопатология,заимствованное
органопластик,заимствованное
органопрепарат,заимствованное
органотерапия,заимствованное
органотропность,заимствованное
оргбюро,заимствованное
оргвывод,русское
оргия,заимствованное
оргкомитет,русское
оргработа,русское
оргстекло,русское
оргтехмероприятие,русское
оргтехника,русское
орда,заимствованное
орден,заимствованное
орденоносец,русское
орденоносный,русское
орденския,заимствованное
ордер,заимствованное
ордерския,заимствованное
ординар,заимствованное
ординарный,заимствованное
ордината,заимствованное
ординатор,заимствованное
ординатура,заимствованное
ордовик,заимствованное
ордовикския,заимствованное
ореол,заимствованное
орепродукт,русское
орех,русское
оригами,заимствованное
оригинал,заимствованное
оригиналмак,русское
оригинальный,заимствованное
ориентализм,заимствованное
ориенталист,заимствованное
ориенталистика,заимствованное
ориентальный,заимствованное
ориентация,заимствованное
ориентир,заимствованное
ориентирование,русское
ориентированность,русское
ориентировать,заимствованное
ориентироваться,заимствованное
ориентировка,русское
ориентировочный,заимствованное
ориктоценоз,заимствованное
оркестр,заимствованное
оркестрант,заимствованное
оркестратор,заимствованное
оркестровать,заимствованное
оркестровка,заимствованное
оркестровыя,заимствованное
орлёнок,русское
орм,русское
ормбюро,русское
ормозаготовительный,русское
ормоконтроль,русское
ормообразование,русское
ормообразующие,русское
ормораздаточный,русское
ормотворчество,русское
орнамент,заимствованное
орнаментальный,заимствованное
орнаментация,заимствованное
орнаментика,заимствованное
орнаментировать,заимствованное
орнаменто,русское
орнаментовка,русское
орнитин,заимствованное
орнитиновыя,заимствованное
орнитоз,заимствованное
орнитолог,заимствованное
орнитология,заимствованное
орнитофауна,заимствованное
орнитохория,заимствованное
орнитый,заимствованное
орнопроходческия,русское
орнорабочие,русское
орнорудный,русское
орноспасатель,русское
орогенез,заимствованное
орография,заимствованное
орозирииския,заимствованное
орозирия,заимствованное
ороситель,русское
оросительный,русское
оростроение,русское
орсмажо,русское
орсмажор,русское
орсовет,русское
орт,заимствованное
ортеза,заимствованное
ортжурнал,русское
ортинженер,русское
ортит,заимствованное
орткомитет,русское
орткомплекс,русское
ортмеханик,русское
ортобиоз,заимствованное
ортогенез,заимствованное
ортогений,заимствованное
ортогнатий,заимствованное
ортогональность,заимствованное
ортогональный,заимствованное
ортодактилия,заимствованное
ортодокс,заимствованное
ортодоксальный,заимствованное
ортодоксия,заимствованное
ортодонт,заимствованное
ортодонтическия,заимствованное
ортодонтия,заимствованное
ортоиспыт,русское
ортоиспытание,русское
ортоклаз,заимствованное
ортологическия,заимствованное
ортология,заимствованное
ортопед,заимствованное
ортопедическия,заимствованное
ортопедия,заимствованное
ортплощадка,русское
орублевыя,русское
орудие,русское
оружеиник,русское
оружеиный,русское
оружие,русское
орфограмма,заимствованное
орфографическия,заимствованное
орфография,заимствованное
орфоэ,заимствованное
орфоэпическия,заимствованное
орфоэпия,русское
осаго,заимствованное
осада,русское
осадить,русское
осадка,русское
осадный,русское
осанка,русское
осанна,заимствованное
осбюджет,русское
осведомитель,русское
осведомительный,русское
осведомить,русское
осведомиться,русское
осведомленный,русское
осветительный,русское
осветить,русское
осветлить,русское
освещение,русское
освещённость,русское
освидетельствовать,русское
освободитель,русское
освободительный,русское
освободить,русское
освободиться,русское
освобождение,русское
освоить,русское
освоиться,русское
оседлость,русское
оседлый,русское
осень,русское
осеобразный,русское
осесть,русское
осзадание,русское
осильный,русское
осквернитель,русское
осквернить,русское
оскверниться,русское
осколок,русское
оскорбитель,русское
оскорбительный,русское
оскорбить,русское
оскорбиться,русское
оскорбление,русское
ослабить,русское
ослабла,русское
ослабление,русское
ослепить,русское
ослепление,русское
ослепляться,русское
ослепнуть,русское
ослеродовой,русское
осложнение,русское
осложнить,русское
осложниться,русское
осмелеть,русское
осмелиться,русское
осмеять,русское
осмий,заимствованное
осмол,русское
осмос,заимствованное
осмотреть,русское
осмотреться,русское
осмотрительный,русское
осмотрщик,русское
осмысленный,русское
осмыслить,русское
осн,русское
оснастить,русское
оснаститься,русское
оснастка,русское
оснащение,русское
оснащённость,русское
основа,русское
основание,русское
основатель,русское
основательный,русское
основать,русское
основаться,русское
основной,русское
основоположник,русское
основываться,русское
особенность,русское
особенный,русское
особняк,русское
особоуполномый,русское
особый,русское
особь,русское
осознанный,русское
осознать,русское
оспопрививание,русское
оспоримый,русское
оспорить,русское
оссбух,русское
оссуария,заимствованное
ост,заимствованное
оставить,русское
останки,русское
остано,русское
остановить,русское
остановиться,русское
остановка,русское
остановочный,русское
остаток,русское
остаточный,русское
остаться,русское
остеит,заимствованное
остеклить,русское
остео,заимствованное
остеогенез,заимствованное
остеография,заимствованное
остеодисплазия,заимствованное
остеодистрофия,заимствованное
остеолиз,заимствованное
остеология,заимствованное
остеома,заимствованное
остеомаляция,заимствованное
остеомиелит,заимствованное
остеомиелитный,заимствованное
остеопат,заимствованное
остеопатия,заимствованное
остеопластика,заимствованное
остеопороз,заимствованное
остеопорозный,заимствованное
остеосаркома,заимствованное
остеосинтез,заимствованное
остеотомия,заимствованное
остеофит,заимствованное
остеохондрит,заимствованное
остеохондроз,заимствованное
остепенить,русское
остинатность,заимствованное
остинатный,заимствованное
остинато,заимствованное
остит,заимствованное
остмодернизм,русское
остоичивость,русское
остоичивыя,русское
остоотряд,русское
осторожный,русское
остракизм,заимствованное
остриё,русское
остров,русское
островитянин,русское
островоспалить,русское
остродефици,русское
острозара,русское
острозаразный,русское
остроконкурентный,русское
остросовременный,русское
остросоциа,русское
остросоциальный,русское
остросюжа,русское
остроумие,русское
остроумный,русское
острый,русское
ость,русское
осудить,русское
осушительный,русское
осушить,русское
осуществимый,русское
осуществить,русское
осуществиться,русское
осцилло,заимствованное
осциллограмма,заимствованное
осциллограф,заимствованное
осциллография,заимствованное
осциллятор,заимствованное
осцилляция,заимствованное
ось,русское
осязаемый,русское
осязание,русское
осязательный,русское
осязать,русское
осёл,русское
осётр,русское
от,заимствованное
отабен,русское
отапливаться,русское
отбеливатель,русское
отбелить,русское
отбельный,русское
отбить,русское
отбиться,русское
отблагодарить,русское
отбой,русское
отбросить,русское
отбыть,русское
отва,русское
отвага,русское
отважиться,русское
отважный,русское
отвал,русское
отвезти,русское
отвергнуть,русское
отвернуть,русское
отвернуться,русское
отверстие,русское
отвес,русское
отвести,русское
ответ,русское
ответвление,русское
ответить,русское
ответный,русское
ответственность,русское
ответственный,русское
отвечать,русское
отвлечь,русское
отвлечься,русское
отвлечённость,русское
отвод,русское
отводка,русское
отвоевать,русское
отвратительный,русское
отвратить,русское
отвратиться,русское
отвращение,русское
отвёртка,русское
отглагольный,русское
отговорить,русское
отговориться,русское
отговорка,русское
отголосок,русское
отгородить,русское
отгородиться,русское
отграничить,русское
отгрузить,русское
отгул,русское
отдавать,русское
отдалить,русское
отдать,русское
отдаться,русское
отдача,русское
отдежурить,русское
отделать,русское
отделение,русское
отделимый,русское
отделитель,русское
отделительный,русское
отделить,русское
отделиться,русское
отдельный,русское
отделять,русское
отделяться,русское
отдохнуть,русское
отдых,русское
отдыхать,русское
отдышаться,русское
оте,русское
отель,заимствованное
отельный,заимствованное
отеребилка,русское
отец,русское
отеческия,русское
отечественный,русское
отечество,русское
отечь,русское
отзыв,русское
отзывчивыя,русское
отиатр,заимствованное
отиатрия,заимствованное
отит,заимствованное
отитный,заимствованное
отказ,русское
отказать,русское
отказаться,русское
откат,русское
откатка,русское
откидной,русское
отклик,русское
откликаться,русское
откликнуться,русское
отклонение,русское
отклонить,русское
отклониться,русское
отключить,русское
отключиться,русское
отковолновыя,русское
отколоть,русское
отколоться,русское
откорректировать,русское
откос,русское
открепить,русское
открепиться,русское
откреститься,русское
открещиваться,русское
откровение,русское
откровенность,русское
откровенный,русское
открытие,русское
открытка,русское
открытый,русское
открыть,русское
открыться,русское
отлагательный,русское
отлагательство,русское
отладить,русское
отлетие,русское
отлетнии,русское
отливка,русское
отличать,русское
отличаться,русское
отличие,русское
отличительный,русское
отличить,русское
отличиться,русское
отличник,русское
отличный,русское
отложение,русское
отложить,русское
отложиться,русское
отломок,русское
отм,русское
отмашка,русское
отмена,русское
отменить,русское
отметить,русское
отметиться,русское
отметка,русское
отмечаться,русское
отморозить,русское
отмыть,русское
отнести,русское
отнестись,русское
отнесённость,русское
отнокислый,русское
относимость,русское
относительный,русское
относить,русское
относиться,русское
отношение,русское
отнять,русское
отняться,русское
отоаппарат,русское
отоаппаратура,русское
отоархив,русское
отобрать,русское
отобумага,русское
отовспышка,русское
отогалерея,русское
отогенный,заимствованное
отограмметрия,русское
отодвинуть,русское
отодвить,русское
отождествить,русское
отождествиться,русское
отожествить,русское
отозащитный,русское
отозвать,русское
отозваться,русское
отоизображение,русское
отоиллюстрация,русское
отоить,русское
отокорреспондент,русское
отокультиватор,русское
отолаборатория,русское
отоларинго,заимствованное
отоларинголог,заимствованное
отоларингология,заимствованное
отолит,заимствованное
отолитография,русское
отомеханик,русское
отомстить,русское
отообъектив,русское
отоотпечаток,русское
отопехота,русское
отопластик,заимствованное
отопластинка,русское
отопление,русское
отоплёнка,русское
отор,русское
оторвать,русское
оторваться,русское
оторель,русское
оториноларинголог,заимствованное
оториноларингологическия,заимствованное
оториноларингология,заимствованное
отосинтез,русское
отосклероз,русское
отоскоп,заимствованное
отоскопия,заимствованное
отослать,русское
отоснимка,русское
отоспособный,русское
отосредство,русское
отостоикия,русское
отосъёмка,русское
ототоксическия,заимствованное
ототранспортный,русское
отоувеличитель,русское
отофиниш,русское
отохимия,русское
отоэлектрон,русское
отоэлемент,русское
отпасть,русское
отпевание,русское
отпеть,русское
отпечатать,русское
отпечаток,русское
отписка,русское
отплытие,русское
отплыть,русское
отповедь,русское
отпор,русское
отпорный,русское
отправитель,русское
отправить,русское
отправиться,русское
отправление,русское
отправлять,русское
отправляться,русское
отправноить,русское
отпустить,русское
отработать,русское
отработка,русское
отрава,русское
отравитель,русское
отравить,русское
отравиться,русское
отрадный,русское
отражатель,русское
отражение,русское
отразить,русское
отразиться,русское
отрапортовать,русское
отрасль,русское
отрастить,русское
отреагировать,русское
отрегулировать,русское
отрегулироваться,русское
отредактировать,русское
отрезать,русское
отрезвить,русское
отрезной,русское
отремонтировать,русское
отрепетировать,русское
отреставрировать,русское
отрецензировать,русское
отречение,русское
отречься,русское
отрешенный,русское
отрешить,русское
отрешиться,русское
отринуть,русское
отрить,русское
отрицание,русское
отрицательный,русское
отрицать,русское
отросток,русское
отрочество,русское
отруб,русское
отруби,русское
отругать,русское
отрывистый,русское
отрывной,русское
отрывок,русское
отряд,русское
отрядить,русское
отсадочный,русское
отсек,русское
отсечный,русское
отсечь,русское
отсидеть,русское
отскочить,русское
отслоение,русское
отслужить,русское
отсоединение,русское
отсоединить,русское
отсос,русское
отсрочить,русское
отставить,русское
отставка,русское
отставноить,русское
отсталый,русское
отстать,русское
отстегнуть,русское
отстоиник,русское
отстоять,русское
отстояться,русское
отстраненный,русское
отстранить,русское
отстраниться,русское
отстрелить,русское
отстрелиться,русское
отстрелять,русское
отстреляться,русское
отстричь,русское
отстроить,русское
отстроиться,русское
отстрочка,русское
отступить,русское
отступиться,русское
отступление,русское
отстыковать,русское
отсутствие,русское
отсутствовать,русское
отсутствующие,русское
отсчитывать,русское
отсылка,русское
отталкиваться,русское
оттащить,русское
оттенок,русское
оттепель,русское
оттиск,русское
отток,русское
оттолкнуть,русское
оттолкнуться,русское
оттоманка,заимствованное
отторгнуть,русское
отторгнуться,русское
оттяжка,русское
оттянуть,русское
отцепить,русское
отцеубииство,русское
отцеубиица,русское
отцо,русское
отцовския,русское
отцовство,русское
отчаяние,русское
отчаянный,русское
отчаяться,русское
отчество,русское
отчетливыя,русское
отчетновыборный,русское
отчетный,русское
отчизна,русское
отчим,русское
отчисление,русское
отчислить,русское
отчислиться,русское
отчитаться,русское
отчуждать,русское
отчуждаться,русское
отчуждение,русское
отчужденный,русское
отчёт,русское
отчётность,русское
отыскать,русское
отысячный,русское
отяготить,русское
отяготиться,русское
отягощение,русское
отягчающие,русское
отягчить,русское
отягчиться,русское
оубизнес,русское
оуглубительный,русское
оухау,русское
офвзнос,русское
офгруппа,русское
офелекопатель,русское
офелесажалка,русское
офелеуборочный,русское
оферент,русское
оферта,заимствованное
офис,заимствованное
офисный,заимствованное
офицер,заимствованное
офицерския,заимствованное
офицерство,заимствованное
официальность,русское
официальный,заимствованное
официант,заимствованное
официо,русское
официоз,заимствованное
официозный,заимствованное
офлаин,заимствованное
офлаиновыя,заимствованное
офлидер,русское
офмастерство,русское
офнепригодный,русское
офориентация,русское
оформитель,русское
оформить,русское
оформиться,русское
оформление,русское
офорт,заимствованное
офортист,заимствованное
офотбор,русское
офподготовка,русское
офподготь,русское
офсаид,заимствованное
офсаидный,заимствованное
офсет,заимствованное
офсетный,заимствованное
офтальмия,заимствованное
офтальмо,заимствованное
офтальмолог,заимствованное
офтальмология,заимствованное
офтальмоплегия,заимствованное
офтальмоскоп,заимствованное
офтальмоскопическия,заимствованное
офтальмоскопия,заимствованное
офтальмотонус,заимствованное
офтальмохирург,заимствованное
офтальмохирургия,заимствованное
офтальмохромоскопия,заимствованное
офтопика,заимствованное
офшор,заимствованное
офшорный,заимствованное
охарактеризовать,русское
охватить,русское
охладитель,русское
охладительный,русское
охладить,русское
охладиться,русское
охлаждение,русское
охлократия,заимствованное
охотиться,русское
охотник,русское
охотничие,русское
охра,заимствованное
охрана,русское
охранение,русское
охранитель,русское
охранительный,русское
охранить,русское
охранник,русское
охранный,русское
охраноспосый,заимствованное
охранять,русское
охраняться,русское
охристый,заимствованное
охровыя,заимствованное
оце,заимствованное
оценить,русское
оценка,русское
оценщик,русское
оцепить,русское
оцепление,русское
оцинковать,русское
оцинковка,русское
оциолингвистика,русское
оцифровать,русское
очаг,русское
очаговость,русское
очвенноклиматическия,русское
очвозащитный,русское
очвообрабатывающие,русское
очевидец,русское
очевидный,русское
очеловечить,русское
очеловечиться,русское
очередноить,русское
очередь,русское
очерк,русское
очернительския,русское
очернить,русское
очерстветь,русское
очертание,русское
очертить,русское
очерёдность,русское
очесалка,русское
очиститель,русское
очистительный,русское
очистить,русское
очиститься,русское
очистка,русское
очки,русское
очко,русское
очный,русское
очутиться,русское
оша,русское
ошеиникнуть,русское
ошибиться,русское
ошибка,русское
ошибочный,русское
оштрафовать,русское
оштукатурить,русское
ощутимый,русское
ощутительный,русское
ощутить,русское
ощущение,русское
па,заимствованное
паб,заимствованное
паблисити,заимствованное
павильон,заимствованное
павильонный,заимствованное
паводок,русское
пагинация,заимствованное
пагубный,русское
пад,русское
падать,русское
падишах,заимствованное
падишахския,заимствованное
падный,русское
падчерица,русское
паевой,заимствованное
пазл,заимствованное
пазуха,русское
паиетка,заимствованное
паиеткать,заимствованное
паиол,заимствованное
паищик,русское
пай,заимствованное
пак,заимствованное
пакгауз,русское
пакет,заимствованное
пакетирование,русское
пакетировочный,русское
пакетный,заимствованное
паковать,русское
паковочный,русское
пакт,заимствованное
пал,русское
палантин,заимствованное
палата,заимствованное
палатка,русское
палаццо,заимствованное
палевыя,заимствованное
палео,заимствованное
палеоархеиския,заимствованное
палеоархея,заимствованное
палеобиогеоценоз,заимствованное
палеобиоценоз,заимствованное
палеобиоценотическия,заимствованное
палеоген,заимствованное
палеогеновыя,заимствованное
палеография,заимствованное
палеозоиския,заимствованное
палеозой,заимствованное
палеолит,заимствованное
палеолитическия,заимствованное
палеопротерозоиския,заимствованное
палеопротерозой,заимствованное
палеоцен,заимствованное
палеоценовыя,заимствованное
палеоценоз,заимствованное
палеоценотическия,заимствованное
палеоэндемизм,заимствованное
палеоэндемик,заимствованное
палеоэндемическия,заимствованное
палета,русское
палетка,русское
палец,русское
палиграфия,заимствованное
паликинезия,заимствованное
палилалий,заимствованное
палисад,заимствованное
палисадник,заимствованное
палитра,заимствованное
палитровыя,заимствованное
палка,русское
палладиевыя,заимствованное
палладий,заимствованное
паллиатив,заимствованное
паллиативный,заимствованное
палмтоп,заимствованное
паломник,русское
паломничество,русское
палочка,русское
палсинга,заимствованное
палтус,русское
палуба,русское
палубный,русское
пальпационный,заимствованное
пальпация,заимствованное
пальпировать,заимствованное
пальто,заимствованное
пальтовыя,заимствованное
пальчатый,русское
памперс,заимствованное
памфлет,заимствованное
памятка,русское
памятник,русское
памятный,русское
память,русское
пан,русское
панагия,заимствованное
панама,заимствованное
панариций,заимствованное
панацея,заимствованное
пандактилита,заимствованное
пандеир,заимствованное
пандемическия,заимствованное
пандемия,заимствованное
пандус,заимствованное
пандусный,заимствованное
панегирик,русское
панель,заимствованное
панзоо,заимствованное
панибратския,заимствованное
панибратство,заимствованное
паника,заимствованное
паниковать,заимствованное
паникёр,заимствованное
паникёрство,русское
панировать,заимствованное
панировка,заимствованное
панировочный,заимствованное
панихида,русское
панихидный,русское
паническия,заимствованное
панк,заимствованное
панковския,заимствованное
панковыя,заимствованное
панкратион,заимствованное
панкратионщик,заимствованное
панкреатит,русское
панникулита,заимствованное
панно,заимствованное
паноптикум,русское
панорама,заимствованное
панорамировать,заимствованное
панорамный,заимствованное
пансион,заимствованное
пансионат,заимствованное
панталоны,заимствованное
пантеон,русское
пантолета,заимствованное
пантомима,заимствованное
пантомимика,заимствованное
пантомимный,заимствованное
панцирный,заимствованное
панцирь,заимствованное
папа,заимствованное
папаий,заимствованное
папарацци,заимствованное
папиллома,заимствованное
папиллярный,русское
папироса,русское
папирус,заимствованное
папирусный,заимствованное
папка,заимствованное
паприка,заимствованное
папския,заимствованное
папула,заимствованное
папулезный,заимствованное
папье,заимствованное
пара,заимствованное
парабадминтон,заимствованное
парабаскетбол,заимствованное
парабеллум,заимствованное
парабиатлон,заимствованное
парабола,заимствованное
параболическия,заимствованное
паравелоспорт,заимствованное
параганглий,заимствованное
параганглиома,заимствованное
парагевзия,заимствованное
параглаидинга,заимствованное
параглаидинговыя,заимствованное
парагод,заимствованное
параграмматизм,заимствованное
параграф,заимствованное
параграфия,заимствованное
парагрипп,заимствованное
парагриппозный,заимствованное
парад,заимствованное
парадентит,заимствованное
парадигма,заимствованное
парадигматик,заимствованное
парадигматическия,заимствованное
парадный,заимствованное
парадокс,заимствованное
парадоксальный,заимствованное
паразит,заимствованное
паразитарный,заимствованное
паразитизм,заимствованное
паразитировать,заимствованное
паразитическия,заимствованное
паразитный,русское
паразитолог,русское
паразитология,русское
параканоэ,заимствованное
параклимакс,заимствованное
паралексия,заимствованное
паралетный,заимствованное
парализовать,заимствованное
парализоваться,русское
паралимпиада,заимствованное
паралимпиец,заимствованное
паралимпииския,заимствованное
паралитическия,заимствованное
паралич,заимствованное
параличный,русское
параллакс,русское
параллелепипед,заимствованное
параллелизм,русское
параллелограмм,заимствованное
параллель,заимствованное
параллельный,заимствованное
паралогизм,заимствованное
парам,русское
парамагнетизм,заимствованное
парамагнетик,заимствованное
парамагнетическия,заимствованное
парамагнитный,заимствованное
парамедици,русское
параметр,заимствованное
паранджа,заимствованное
паранекроз,заимствованное
паранестезия,заимствованное
паранефрит,заимствованное
параноидальный,заимствованное
параноическия,заимствованное
параноия,заимствованное
паранормальный,русское
параолимпиада,заимствованное
параолимпиец,заимствованное
параолимпииския,заимствованное
парапет,заимствованное
парапетный,заимствованное
параплан,заимствованное
парапланеризм,заимствованное
парапланерист,заимствованное
парапроктит,заимствованное
парапсихологическия,заимствованное
парапсихология,заимствованное
парасноуборд,заимствованное
парасноубордист,заимствованное
параспартакиада,заимствованное
параспорт,заимствованное
параспортсмен,заимствованное
паратеннис,заимствованное
паратеннисист,заимствованное
паратиф,заимствованное
паратифлит,заимствованное
паратриатлонист,заимствованное
паратриатлоно,заимствованное
паратхэквондист,заимствованное
паратхэквондо,заимствованное
парауниверсиада,заимствованное
парафин,заимствованное
парафинировать,заимствованное
парафирование,заимствованное
парафировать,заимствованное
парафитнес,заимствованное
парафраз,русское
парафутбол,заимствованное
парафутболист,заимствованное
парашют,заимствованное
парашютизм,заимствованное
парашютист,заимствованное
парашютнодес,русское
парашютнодесантный,русское
парашютный,заимствованное
парез,заимствованное
паремиология,заимствованное
паремия,заимствованное
паренхима,заимствованное
парео,заимствованное
пари,заимствованное
парик,заимствованное
парикмахер,заимствованное
парикмахерская,заимствованное
парикмахерския,заимствованное
паринирвана,заимствованное
парировать,заимствованное
паритет,заимствованное
паритетный,заимствованное
пария,русское
парк,заимствованное
паркет,заимствованное
паркетник,заимствованное
паркетный,заимствованное
паркинг,заимствованное
паркинсонизм,заимствованное
парковать,заимствованное
парковаться,русское
парковка,русское
парковыя,заимствованное
паркур,заимствованное
парламент,заимствованное
парламентаризм,заимствованное
парламентарий,заимствованное
парламентарный,заимствованное
парламентерския,заимствованное
парламентския,заимствованное
парламентёр,заимствованное
парный,русское
паровой,русское
парогазовыя,русское
парогенератор,русское
пародииный,заимствованное
пародировать,заимствованное
пародист,заимствованное
пародия,заимствованное
пародонт,заимствованное
пародонтоз,заимствованное
пародонтозный,заимствованное
пароксизм,заимствованное
пароксизмальный,заимствованное
пароль,заимствованное
пароним,русское
парообразный,русское
парообразов,заимствованное
парообразование,русское
паропровод,русское
паротит,русское
пароход,русское
пароходство,русское
парта,русское
партеногенез,заимствованное
партеногенетическия,заимствованное
партер,заимствованное
партерный,заимствованное
партизанския,русское
партииный,заимствованное
партикуляризм,русское
партионный,русское
партита,русское
партитив,русское
партитура,заимствованное
партитурный,заимствованное
партия,заимствованное
партнёр,заимствованное
партнёрство,заимствованное
партократическия,заимствованное
партократия,заимствованное
парус,русское
парфорс,заимствованное
парфорсный,заимствованное
парциальный,заимствованное
парча,заимствованное
парчовыя,заимствованное
пас,заимствованное
пасека,русское
пасить,заимствованное
пасквиль,русское
пасовать,заимствованное
пасоваться,заимствованное
паспарту,заимствованное
паспорт,заимствованное
паспортизация,заимствованное
паспортизовать,заимствованное
паспортный,заимствованное
пассаж,заимствованное
пассажир,заимствованное
пассажирския,заимствованное
пассажный,заимствованное
пассат,заимствованное
пассатижи,русское
пассеизм,русское
пассив,заимствованное
пассивация,русское
пассивировать,русское
пассивный,заимствованное
пассионарный,русское
пассировать,русское
пассия,заимствованное
паста,русское
пастбище,русское
пастелевыя,заимствованное
пастель,заимствованное
пастельный,заимствованное
пастеризация,заимствованное
пастеризовать,заимствованное
пастернак,заимствованное
пастила,заимствованное
пастный,русское
пастообразный,русское
пастор,заимствованное
пасторския,заимствованное
пастух,русское
пасть,заимствованное
пасха,заимствованное
пасхала,заимствованное
пасхалия,заимствованное
пасхальный,заимствованное
пасынок,русское
пат,заимствованное
патен,заимствованное
патент,заимствованное
патентный,заимствованное
патентовать,заимствованное
патентовед,русское
патентоведение,русское
патер,заимствованное
патереть,русское
патернализм,заимствованное
патерналистския,заимствованное
патерския,заимствованное
патетика,русское
патетическия,русское
патетичный,русское
патина,заимствованное
патинирование,заимствованное
патинировать,заимствованное
патио,заимствованное
патовыя,заимствованное
патоген,заимствованное
патогенез,заимствованное
патогенетическия,заимствованное
патогенность,заимствованное
патогенный,заимствованное
патока,русское
патологическия,заимствованное
патология,заимствованное
патоморфоз,заимствованное
патриарх,заимствованное
патриархальный,заимствованное
патриархат,заимствованное
патриархия,заимствованное
патриаршие,заимствованное
патриот,заимствованное
патриотизм,заимствованное
патриотическия,заимствованное
патриотичный,заимствованное
патристика,заимствованное
патрон,заимствованное
патронаж,заимствованное
патронажный,заимствованное
патронат,заимствованное
патронатный,заимствованное
патронировать,заимствованное
патронник,русское
патронный,русское
патронташ,заимствованное
патрубок,русское
патрулировать,заимствованное
патруль,заимствованное
патрульный,заимствованное
паттерн,русское
пауза,заимствованное
паутина,русское
паушальный,русское
пауэрлифтинг,заимствованное
пауэрлифтёр,заимствованное
пафос,русское
пахать,русское
пахлава,заимствованное
пахнуть,русское
пахотный,русское
пахта,русское
пациент,русское
пацифизм,русское
пацифист,русское
пачечный,русское
пачка,русское
пачкать,русское
пачкаться,русское
пашня,русское
паштет,заимствованное
паяльник,русское
паяльный,русское
пво,русское
пе,русское
певец,русское
пегия,русское
педагог,заимствованное
педагогика,заимствованное
педагогическия,заимствованное
педагогичный,заимствованное
педалирование,русское
педалировать,заимствованное
педалироваться,заимствованное
педаль,заимствованное
педальный,заимствованное
педант,заимствованное
педантизм,заимствованное
педантичный,заимствованное
педиатр,заимствованное
педиатрическия,заимствованное
педиатрия,заимствованное
педикулёз,заимствованное
педикюр,заимствованное
педикюрный,заимствованное
пединстит,заимствованное
педофил,заимствованное
педофилия,русское
пеиджер,заимствованное
пеизаж,заимствованное
пеизажист,заимствованное
пеизажный,заимствованное
пеинтбол,заимствованное
пеинтболистый,заимствованное
пеинтбольный,заимствованное
пеиоративный,заимствованное
пеиоратить,заимствованное
пеиорация,заимствованное
пеисмеикер,заимствованное
пек,русское
пекарня,русское
пелагиаль,заимствованное
пелагическия,заимствованное
пеленг,заимствованное
пеленгатор,заимствованное
пеленгация,заимствованное
пеленговать,заимствованное
пеллета,заимствованное
пеллетный,заимствованное
пелотерапевтическия,заимствованное
пелотерапия,заимствованное
пелотон,заимствованное
пельница,заимствованное
пельный,русское
пелёнка,русское
пемза,заимствованное
пемзовыя,заимствованное
пена,заимствованное
пенал,заимствованное
пенальти,заимствованное
пение,русское
пенис,русское
пенитенциарный,заимствованное
пенить,заимствованное
пенициллин,русское
пенный,русское
пенобеть,русское
пенология,заимствованное
пенопласт,русское
пеностекло,русское
пенсион,заимствованное
пенсионер,русское
пенсия,русское
пента,заимствованное
пентагон,заимствованное
пентакварк,заимствованное
пентакварковыя,заимствованное
пентакоптереть,заимствованное
пентакоптерный,заимствованное
пентатлонистый,заимствованное
пентатлоно,заимствованное
пентхаус,заимствованное
пепел,русское
пепси,заимствованное
пептид,заимствованное
пептидный,заимствованное
первенец,русское
первенство,русское
первенствовать,русское
перверсия,русское
первичный,русское
первобытный,русское
первоисто,заимствованное
первоклассный,русское
первоначало,русское
первоначальный,русское
первооткрыв,русское
первоочередный,русское
первоочерёдный,русское
первопричина,русское
первостеп,русское
первыя,русское
перга,русское
пергамен,русское
пергаменный,русское
пергамент,заимствованное
пергаментный,заимствованное
пергамин,русское
пергидроль,русское
пергола,заимствованное
переадресовать,русское
перебазировать,русское
перебазироваться,русское
перебаллотировать,русское
перебегать,русское
перебежка,русское
перебежчик,русское
перебинтовать,русское
перебить,русское
перебой,русское
переболеть,русское
переборка,русское
перебросить,русское
перевал,русское
перевалка,русское
перевезти,русское
перевербовать,русское
перевернуть,русское
перевес,русское
перевести,русское
перевестись,русское
переветь,русское
перевод,русское
переводной,русское
переводный,русское
переводчик,русское
перевоз,русское
перевозка,русское
перевозный,русское
перевозочный,русское
перевозчик,русское
перевооружить,русское
перевооружиться,русское
перевоплотить,русское
перевоплотиться,русское
переворот,русское
перевоспитать,русское
перевоспитаться,русское
перевыборы,русское
перевыполнить,русское
перевязать,русское
перевязка,русское
перевязь,русское
перегиб,русское
перегнать,русское
переговорить,русское
переговорный,русское
переговоры,русское
перегон,русское
перегонка,русское
перегонный,русское
перегореть,русское
перегородка,русское
перегружатель,русское
перегруженность,русское
перегрузить,русское
перегрузиться,русское
перегрузка,русское
перегруппировать,русское
перегруппироваться,русское
передавать,русское
передаточный,русское
передатчик,русское
передать,русское
передаться,русское
передача,русское
передвигать,русское
передвигаться,русское
передвижной,русское
передел,русское
переделать,русское
передислоцировать,русское
передислоцироваться,русское
переднии,русское
передоверие,русское
передоверить,русское
передовой,русское
передразнить,русское
передумать,русское
переезд,русское
переехать,русское
переживание,русское
пережим,русское
пережиток,русское
пережить,русское
перезаключить,русское
перезаложить,русское
перезахоронить,русское
перезимовать,русское
перезреть,русское
переиграть,русское
переизбрать,русское
переиздание,русское
переиздать,русское
переименовать,русское
переити,русское
переквалифицировать,русское
переквалифицироваться,русское
перекись,русское
перекладина,русское
перекликаться,русское
переключатель,русское
переключить,русское
переключиться,русское
перекодировать,русское
перекос,русское
перекочевать,русское
перекрестный,русское
перекрытие,русское
перекрыть,русское
перекрёсток,русское
перекупщик,русское
перелив,русское
переливать,русское
переловить,русское
переложение,русское
переложить,русское
перелом,русское
переломить,русское
перелёт,русское
переманить,русское
перемежать,русское
перемежаться,русское
перемена,русское
переменить,русское
перемениться,русское
переменный,русское
переместить,русское
переместиться,русское
переметнуться,русское
перемирие,русское
перемычка,русское
перенапряжение,русское
перенести,русское
перенос,русское
переносимость,русское
переносить,русское
переносица,русское
переноска,русское
переносной,русское
переносный,русское
переносчик,русское
переночевать,русское
перенять,русское
переоборудовать,русское
переориентировать,русское
переориентироваться,русское
переосвидетельствовать,русское
переосмыслить,русское
переоформить,русское
переохлаждение,русское
переоценить,русское
перепад,русское
переписать,русское
переписка,русское
переписной,русское
переписываться,русское
перепись,русское
перепить,русское
перепланирование,русское
перепланировать,русское
переплата,русское
переплатить,русское
переплести,русское
переплетение,русское
переплёт,русское
переподготовить,русское
переподготовиться,русское
переподготовка,русское
переполнить,русское
переправа,русское
перепроверить,русское
перепрограммировать,русское
перепродать,русское
перепроизводство,русское
перепрофилирование,русское
перепрофилировать,русское
перепрофилироваться,русское
перепускной,русское
перепутать,русское
перепутье,русское
переработать,русское
переработаться,русское
переработка,русское
перераспределить,русское
перераспределиться,русское
перерасти,русское
перерасход,русское
перерасходовать,русское
перерасчёт,русское
перерегистрация,русское
перерегистрировать,русское
перерегистрироваться,русское
перерубить,русское
перес,русское
пересадка,русское
пересадочный,русское
переселенец,русское
переселить,русское
переселиться,русское
пересесть,русское
пересечение,русское
пересечь,русское
пересказ,русское
переслать,русское
пересмотреть,русское
переставить,русское
перестановка,русское
перестрахование,русское
перестрахователь,русское
перестраховать,русское
перестраховаться,русское
перестраховка,русское
перестреливаться,русское
перестрелка,русское
перестрелять,русское
перестроик,русское
перестроить,русское
перестроиться,русское
переступать,русское
переступить,русское
пересчитать,русское
пересылка,русское
пересыльный,русское
перетарификация,русское
переть,заимствованное
переулок,русское
переформировать,русское
переформироваться,русское
переформулировать,русское
перефразировать,русское
перехватить,русское
перехватчик,русское
переход,заимствованное
переходник,русское
переходной,русское
переходный,русское
перечень,русское
перечеркнуть,русское
перечисление,русское
перечислить,русское
перечислиться,русское
перешеек,русское
переэкзаменовка,русское
пери,заимствованное
перигей,заимствованное
перикард,заимствованное
перикардиальный,заимствованное
перикардит,заимствованное
перила,русское
периметр,заимствованное
перинатальный,заимствованное
период,заимствованное
периодизация,русское
периодизм,заимствованное
периодика,заимствованное
периодическия,заимствованное
периодичность,заимствованное
периодичный,русское
периодонт,заимствованное
периодонтит,заимствованное
перипетия,заимствованное
перистальтика,заимствованное
перистальтическия,заимствованное
перитонит,заимствованное
периферииный,заимствованное
периферическия,заимствованное
периферия,заимствованное
периферь,заимствованное
перифраз,русское
перкалевыя,заимствованное
перкаль,заимствованное
перкуссионист,заимствованное
перкуссионный,заимствованное
перкуссировать,заимствованное
перкуссия,заимствованное
перкутировать,заимствованное
перламутр,заимствованное
перламутровыя,заимствованное
перлит,заимствованное
перлюстрация,заимствованное
перлюстрировать,русское
перманганат,заимствованное
перманентный,русское
перо,русское
перпендикуляр,заимствованное
перпендикулярный,заимствованное
перрон,заимствованное
перронный,заимствованное
персик,русское
персона,заимствованное
персонаж,заимствованное
персонал,заимствованное
персонализация,заимствованное
персонализировать,заимствованное
персоналия,заимствованное
персональный,заимствованное
персонификация,заимствованное
персонифицировать,заимствованное
перспектива,заимствованное
перспективный,заимствованное
пертурбация,заимствованное
перф,русское
перфора,заимствованное
перфоратор,заимствованное
перфораторный,заимствованное
перфорационный,заимствованное
перфорация,заимствованное
перфорирование,заимствованное
перфорировать,заимствованное
перфузия,заимствованное
перципировать,русское
перёв,русское
перёж,русское
пес,заимствованное
пескоструиный,русское
песня,русское
песок,русское
песочница,русское
песочный,русское
пессимизм,русское
пессимист,русское
пессимистическия,русское
пессимистичный,русское
пест,русское
пестицид,заимствованное
пестицидность,заимствованное
пестицидный,заимствованное
песчаный,русское
петабаит,заимствованное
петанк,заимствованное
петарда,заимствованное
петит,русское
петиция,заимствованное
петлить,русское
петрушка,русское
петух,русское
петь,заимствованное
пехий,русское
пехота,русское
печалить,русское
печалиться,русское
печаль,русское
печальный,русское
печатать,русское
печататься,русское
печатный,русское
печать,русское
печение,русское
печень,русское
печий,заимствованное
печка,русское
печь,русское
пешеход,русское
пешеходный,русское
пешие,русское
пешка,русское
пи,заимствованное
пианинный,заимствованное
пианино,заимствованное
пианиссимо,заимствованное
пианист,заимствованное
пиано,заимствованное
пиар,заимствованное
пиарить,заимствованное
пиариться,заимствованное
пиаркампа,русское
пиаровския,заимствованное
пиво,русское
пигма,русское
пигмент,заимствованное
пигментация,заимствованное
пигментировать,русское
пигментный,заимствованное
пиджак,заимствованное
пиджачный,заимствованное
пиелонефрит,заимствованное
пиетет,заимствованное
пижама,заимствованное
пижамный,заимствованное
пий,заимствованное
пик,заимствованное
пикантность,заимствованное
пикантный,заимствованное
пикап,заимствованное
пикет,заимствованное
пикетаж,русское
пикетирование,заимствованное
пикетировать,заимствованное
пикетчик,заимствованное
пикировать,заимствованное
пикироваться,русское
пикнометр,русское
пикселизация,заимствованное
пиксель,заимствованное
пиксельный,заимствованное
пиктограмма,заимствованное
пиктография,заимствованное
пикули,заимствованное
пилатесный,заимствованное
пилатёс,заимствованное
пилинг,заимствованное
пилли,заимствованное
пиллинга,заимствованное
пиломатериа,заимствованное
пилон,заимствованное
пилонный,заимствованное
пилот,заимствованное
пилотаж,заимствованное
пилотировать,заимствованное
пилотка,русское
пилотный,русское
пильный,русское
пилястр,заимствованное
пилястровыя,заимствованное
пин,заимствованное
пинг,заимствованное
пинцет,русское
пион,заимствованное
пионер,заимствованное
пипетка,русское
пир,заимствованное
пирамида,заимствованное
пирамидальный,заимствованное
пират,заимствованное
пиратския,заимствованное
пиратство,заимствованное
пиратствовать,заимствованное
пирит,русское
пирог,русское
пироксилин,русское
пиромания,заимствованное
пирометр,заимствованное
пиротехник,русское
пирс,заимствованное
пирсинг,русское
пируэт,русское
пис,русское
писание,русское
писаный,русское
писатель,русское
писать,русское
писаться,русское
писсуар,русское
пистолет,русское
пистон,русское
писчий,русское
письменность,русское
письмо,заимствованное
пит,заимствованное
питание,русское
питатель,русское
питательный,русское
питать,русское
питаться,русское
питекантроп,заимствованное
питие,русское
питомник,русское
пить,русское
питьевой,русское
пихта,русское
пицца,заимствованное
пиццерия,заимствованное
пиццикато,заимствованное
пища,русское
пищеблок,русское
пищеварение,русское
пищевкусовый,русское
пищевод,русское
пищевой,русское
пл,русское
пла,русское
плав,русское
плавание,русское
плавательный,русское
плавать,русское
плавбаза,русское
плавильный,русское
плавиться,русское
плавка,русское
плавкия,русское
плавленый,русское
плавник,русское
плавный,русское
плавучий,русское
плагиат,заимствованное
плагиатор,заимствованное
плагиаторския,заимствованное
плагиаторство,заимствованное
плазма,заимствованное
плазменный,заимствованное
плазмон,заимствованное
плазмонный,заимствованное
плакат,заимствованное
плакатный,заимствованное
плакать,русское
плакетка,русское
плакировать,русское
плакировка,русское
пламя,русское
план,заимствованное
планер,заимствованное
планеризм,заимствованное
планерист,заимствованное
планерный,заимствованное
планета,заимствованное
планетарий,русское
планетарный,заимствованное
планетный,заимствованное
плани,русское
планиметр,русское
планировать,заимствованное
планировка,заимствованное
планировщик,русское
планк,заимствованное
планктон,заимствованное
планктонный,заимствованное
плановыя,заимствованное
планомерный,русское
плантаж,русское
плантация,русское
планшаиб,русское
планшет,заимствованное
планшетный,заимствованное
планшир,русское
планширь,русское
пласт,русское
пластик,заимствованное
пластика,заимствованное
пластикат,русское
пластиковыя,заимствованное
пластина,русское
пластинчатый,русское
пластификатор,заимствованное
пластификация,заимствованное
пластическия,заимствованное
пластичность,заимствованное
пластичный,заимствованное
пластмасса,заимствованное
пластмассовыя,заимствованное
пластрон,русское
пластырь,заимствованное
плата,заимствованное
платежеспособный,русское
платежеспосый,русское
плательщик,русское
платина,заимствованное
платинирование,заимствованное
платинировать,заимствованное
платиновыя,заимствованное
платить,русское
платиться,русское
платный,русское
плато,заимствованное
платок,русское
платформа,заимствованное
платье,русское
платёж,русское
платёжка,русское
плафон,заимствованное
плафонный,заимствованное
плац,заимствованное
плацдарм,заимствованное
плацебо,русское
плацента,заимствованное
плацкарта,заимствованное
плацкартный,заимствованное
плачевный,русское
плашка,русское
плащ,русское
пле,русское
плебисцит,заимствованное
плебисцитарный,заимствованное
плебисцитный,заимствованное
плевать,русское
плевра,заимствованное
плеврит,заимствованное
плед,заимствованное
плеер,заимствованное
плеистон,заимствованное
плеистонный,заимствованное
плеистоцен,заимствованное
плеистоценовыя,заимствованное
плей,заимствованное
плекторный,заимствованное
плектр,заимствованное
племенноить,русское
племенный,заимствованное
племя,русское
племянник,русское
племянница,русское
плен,русское
пленарный,заимствованное
пленение,русское
пленник,русское
пленный,русское
пленум,заимствованное
пленэ,заимствованное
плесень,русское
плескать,русское
плетение,русское
плетеный,русское
плеть,русское
плечо,русское
пливый,заимствованное
плинтус,заимствованное
плиоцен,заимствованное
плиоценовыя,заимствованное
плита,русское
плитка,русское
плов,русское
пловец,русское
плод,русское
плодить,русское
плодовый,русское
плодовыя,русское
плодородие,русское
плодородный,русское
плодотворный,русское
плодохранилище,русское
пломба,заимствованное
пломбир,заимствованное
пломбировать,заимствованное
плоския,русское
плоскогорье,русское
плоскогубцы,русское
плоскозубец,русское
плоскость,русское
плот,русское
плотина,русское
плотник,русское
плотномер,русское
плотность,русское
плотный,русское
плотоядный,русское
плотския,русское
плоттер,заимствованное
плоть,русское
плохо,русское
плохоя,русское
площадка,русское
площадноить,русское
площадь,русское
плуг,русское
плунжер,русское
плут,заимствованное
плутовство,русское
плутократ,русское
плутониевыя,заимствованное
плутоний,заимствованное
плыть,русское
плюрализм,заимствованное
плюралист,русское
плюралистическия,заимствованное
плюс,заимствованное
плюсна,русское
плюш,заимствованное
плюшевыя,заимствованное
пляж,заимствованное
пляжный,заимствованное
плёнка,русское
пн,русское
пневматика,заимствованное
пневматическия,заимствованное
пневмококк,русское
пневмония,заимствованное
пневмоторакс,заимствованное
пневмый,заимствованное
пникнуть,русское
по,русское
поб,заимствованное
побег,русское
победа,русское
победитель,русское
победить,русское
победный,русское
победоносный,русское
побежать,русское
побелка,русское
побережье,русское
побить,русское
поблагодарить,русское
побои,русское
побороть,русское
побочный,русское
побояться,русское
побратим,русское
побратимство,русское
побудительный,русское
побудить,русское
побуждение,русское
побывать,русское
побыть,русское
повалить,русское
повар,русское
поведение,русское
поведенческия,русское
повезти,русское
поверитель,русское
поверить,русское
поверка,русское
повернуть,русское
повернуться,русское
поверхностный,русское
поверхность,русское
повесить,русское
повествование,русское
повествовательный,русское
повестка,русское
повесть,русское
повздорить,русское
повзрослеть,русское
повинный,русское
повиноваться,русское
повиснуть,русское
повить,русское
повлечь,русское
повлиять,русское
повод,русское
поводок,русское
повозка,русское
повозочный,русское
поворот,русское
поворотный,русское
повредить,русское
повредиться,русское
повреждение,русское
повременный,русское
повседневность,русское
повседневный,русское
повсеместный,русское
повстанец,русское
повтор,русское
повторение,русское
повторить,русское
повториться,русское
повторный,русское
повторяемость,русское
повысить,русское
повыситься,русское
повышение,русское
повязка,русское
погасить,русское
погаснуть,русское
погибнуть,русское
погибшие,русское
поглотитель,русское
поглотить,русское
поглощать,русское
поговорить,русское
поговорка,русское
погода,русское
погодный,русское
поголовный,русское
поголовье,русское
погон,русское
погоня,русское
пограничник,русское
пограничный,русское
погранконтро,русское
погранохра,русское
погреб,русское
погребение,русское
погрешность,русское
погром,русское
погромный,русское
погромщик,русское
погружение,русское
погружноить,русское
погрузить,русское
погрузиться,русское
погрузка,русское
погрузочный,русское
погрузчик,русское
погубить,русское
под,русское
пода,русское
подавать,русское
подавить,русское
подагра,заимствованное
подагрическия,заимствованное
подарить,русское
подарок,русское
подарочный,русское
податель,русское
податливыя,русское
подать,русское
подача,русское
подбежать,русское
подборка,русское
подбородок,русское
подбросить,русское
подбрюшие,русское
подвал,русское
подведомственный,русское
подвергнуть,русское
подвергнуться,русское
подверженный,русское
подвернуть,русское
подвес,русское
подвесить,русское
подвеска,русское
подвесноить,русское
подвести,русское
подвигнуть,русское
подвид,русское
подвижка,русское
подвижник,русское
подвижничество,русское
подвластный,русское
подвод,русское
подводка,русское
подводный,русское
подвоз,русское
подволок,русское
подворный,русское
подворье,русское
подголовник,русское
подгорный,русское
подготовительный,русское
подготовить,русское
подготовиться,русское
подготовка,русское
подгруппа,русское
подгузник,русское
подда,русское
поддаваться,русское
поддать,русское
поддаться,русское
подделать,русское
подделка,русское
поддельный,русское
поддержать,русское
поддержка,русское
поддон,русское
подекадный,русское
поделать,русское
поделить,русское
поделиться,русское
поденный,русское
подень,русское
подержать,русское
подешеветь,русское
поджечь,русское
поджигатель,русское
поджог,русское
подзаголовок,русское
подзаконный,русское
подзащитный,русское
подземный,русское
подиум,русское
подкаталог,русское
подкислить,русское
подкладка,русское
подкладноить,русское
подкласс,русское
подключить,русское
подключиться,русское
подко,русское
подкова,русское
подкожный,русское
подкомиссия,русское
подкомитет,русское
подконтрольность,русское
подконтрольный,русское
подкрановыя,русское
подкрепить,русское
подкрепление,русское
подкуп,русское
подкупить,русское
подкупноить,русское
подлежать,русское
подлог,русское
подложить,русское
подложный,русское
подлокотник,русское
подменить,русское
подметить,русское
подмножество,русское
подморозить,русское
подмосковный,русское
подмышка,русское
поднадзорный,русское
поднаниматель,русское
поднаём,русское
поднести,русское
поднимать,русское
подниматься,русское
подно,русское
подножка,русское
поднос,русское
поднятие,русское
поднять,русское
подняться,русское
подобать,русское
подобие,русское
подобный,русское
подобострастие,русское
подобострастный,русское
подобрать,русское
подогнать,русское
подогреватель,русское
подогреть,русское
подождать,русское
подозревать,русское
подозрение,русское
подозрительность,русское
подозрительный,русское
подоить,русское
подоконник,русское
подопечный,русское
подоплёка,русское
подорвать,русское
подотрасль,русское
подотчетный,русское
подотчётность,русское
подоходный,русское
подошва,русское
подпасть,русское
подписать,русское
подписаться,русское
подписка,русское
подписноить,русское
подписчик,русское
подпись,русское
подпить,русское
подполковник,русское
подполье,русское
подпорка,русское
подпорный,русское
подправить,русское
подпрограмма,русское
подпункт,русское
подражание,русское
подражательство,русское
подражать,русское
подраздел,русское
подразделение,русское
подразделить,русское
подразумевать,русское
подразумеваться,русское
подраион,русское
подреберье,русское
подробность,русское
подробный,русское
подросток,русское
подруга,русское
подручник,русское
подручный,русское
подрывник,русское
подрывноить,русское
подряд,русское
подрядный,русское
подрядчик,русское
подсанкционный,русское
подсветка,русское
подсистема,русское
подсказать,русское
подсказка,русское
подследственность,русское
подследственный,русское
подсобный,русское
подсоединить,русское
подсолить,русское
подсолнечник,русское
подсос,русское
подспорье,русское
подставить,русское
подставка,русское
подставноить,русское
подстанция,русское
подстилка,русское
подстраховать,русское
подстраховаться,русское
подстрекатель,русское
подстрекательство,русское
подступ,русское
подсудимый,русское
подсудный,русское
подсунуть,русское
подсчитать,русское
подсчёт,русское
подтвердительный,русское
подтвердить,русское
подтвердиться,русское
подтверждение,русское
подтекст,русское
подтоварник,русское
подтолкнуть,русское
подтяжка,русское
подтянуть,русское
подумать,русское
подуровень,русское
подушка,русское
подхватить,русское
подход,русское
подчеркнуть,русское
подчинение,русское
подчиненный,русское
подчинить,русское
подчиниться,русское
подчиняться,русское
подчистка,русское
подчёркивание,русское
подшивка,русское
подшипник,русское
подшить,русское
подшлемник,русское
подъезд,русское
подъемный,русское
подъехать,русское
подъём,русское
подъёмник,русское
подыскать,русское
подёнщик,русское
поединок,русское
поезд,русское
поездка,русское
поести,русское
поехать,русское
пож,русское
пожалеть,русское
пожаловать,русское
пожаловаться,русское
пожар,русское
пожарище,русское
пожарный,русское
пожарооп,русское
пожаротуша,русское
пожелание,русское
пожелать,русское
пожениться,русское
пожертвование,русское
пожертвовать,русское
пожизненный,русское
пожилой,русское
пожить,русское
поза,заимствованное
позаботиться,русское
позвать,русское
позволение,русское
позволительный,русское
позволить,русское
позвонить,русское
позвонок,русское
позвоночник,русское
позднии,русское
поздороваться,русское
поздравитель,русское
поздравительный,русское
поздравить,русское
поздравление,русское
поземельный,русское
позировать,заимствованное
позитив,заимствованное
позитивизм,заимствованное
позитивист,русское
позитивный,заимствованное
позитрон,заимствованное
позитрониевыя,заимствованное
позитрония,заимствованное
позитронный,заимствованное
позиционирование,заимствованное
позиционировать,заимствованное
позиционный,русское
позиция,заимствованное
познаваемый,русское
познавательный,русское
познаваться,русское
познакомить,русское
познакомиться,русское
познание,русское
познать,русское
позолотить,русское
позор,русское
позорить,русское
позориться,русское
позорный,русское
позывной,русское
позёр,заимствованное
поимать,русское
поименный,русское
поименовать,русское
поинтер,русское
поиск,русское
поискать,русское
поисковик,русское
поить,русское
пок,русское
показание,русское
показатель,русское
показательный,русское
показать,русское
показаться,русское
покать,русское
покаяние,русское
покаянный,русское
покаяться,русское
поквартальный,русское
покер,заимствованное
покинуть,русское
поклажа,русское
поклажед,русское
поклон,русское
поклонение,русское
поклониться,русское
поклонник,русское
поклёп,русское
поковка,русское
покои,русское
покоиникнуть,русское
покоиный,русское
покоиться,русское
поколение,русское
покончить,русское
покорный,русское
покоробить,русское
покоробиться,русское
покрасить,русское
покраска,русское
покраснение,русское
покров,русское
покровитель,русское
покровительство,русское
покровительствовать,русское
покрытие,русское
покрыть,русское
покрышка,русское
покупатель,русское
покупательный,русское
покупать,русское
покупка,русское
покупной,русское
покусать,русское
покушаться,русское
покушение,русское
пол,русское
полагать,русское
полагаться,русское
полдень,русское
полдник,русское
поле,русское
полеветь,русское
полевой,русское
полезный,русское
полемизировать,заимствованное
полемика,заимствованное
полемист,русское
полемическия,заимствованное
полемичный,заимствованное
полениться,русское
полетать,русское
полететь,русское
ползун,русское
ползучесть,русское
ползучий,русское
полиандрия,заимствованное
полиартрит,русское
полиатлонистый,заимствованное
полиатлонный,заимствованное
полиатлоно,заимствованное
поливакцина,заимствованное
поливальный,русское
поливать,русское
поливинилхлорид,заимствованное
поливитамин,заимствованное
поливитаминный,заимствованное
полигамия,заимствованное
полигамный,заимствованное
полигиния,заимствованное
полиглот,русское
полигон,заимствованное
полиграф,заимствованное
полиграфист,русское
полиграфить,русское
полиграфия,русское
поликли,русское
поликлиника,заимствованное
поликлиническия,заимствованное
поликриста,русское
поликристалл,заимствованное
поликристаллизация,заимствованное
поликристаллическия,заимствованное
полимер,заимствованное
полимеризация,заимствованное
полимерный,заимствованное
полиморфизм,заимствованное
полиморфный,заимствованное
полиневрит,русское
полином,заимствованное
полиномиальный,заимствованное
полиноминальный,заимствованное
полиомиель,заимствованное
полип,заимствованное
полипропил,русское
полировальный,русское
полировать,заимствованное
полировка,русское
полис,заимствованное
полисахарид,заимствованное
полисахаря,русское
полисеметь,заимствованное
полиспаст,русское
полистирол,заимствованное
полистный,русское
политеизм,заимствованное
политеистическия,заимствованное
политес,русское
политехнизм,русское
политехническия,русское
политзаключенный,русское
политизация,заимствованное
политизированный,русское
политизировать,заимствованное
политизироваться,заимствованное
политик,заимствованное
политика,заимствованное
политико,заимствованное
политикоправовый,русское
политипаж,заимствованное
политическия,заимствованное
политолог,заимствованное
политологическия,заимствованное
политология,заимствованное
политоть,русское
полить,русское
политэконо,русское
полифаг,заимствованное
полифагия,заимствованное
полифоническия,заимствованное
полифоничность,заимствованное
полифоничный,заимствованное
полифония,заимствованное
полифонный,заимствованное
полихроматическия,заимствованное
полихромия,русское
полицеиския,заимствованное
полицентризм,русское
полицентрическия,русское
полиция,заимствованное
полиэ,заимствованное
полиэтилен,заимствованное
полиэтиленовыя,заимствованное
полиэфир,заимствованное
полиэфирный,заимствованное
полк,русское
полка,русское
полковник,русское
полководец,русское
полновластие,русское
полновластный,русское
полномасштабный,русское
полнометражный,русское
полномочие,русское
полномочный,русское
полноправие,русское
полноправный,русское
полнота,русское
полноценный,русское
полный,русское
половина,русское
половинчатый,русское
половозрастный,русское
половозрелый,русское
положение,русское
положительный,русское
положить,русское
положиться,русское
полоз,русское
поломать,русское
поломка,русское
полониевыя,заимствованное
полоний,заимствованное
полоса,русское
полосатый,русское
полоска,русское
полоскание,русское
полость,русское
полотенце,русское
полотнище,русское
полотно,русское
полпра,русское
полтергеист,заимствованное
полуавтомат,русское
полуваго,русское
полугодие,русское
полумера,русское
полумесяц,русское
полумить,русское
полуо,русское
полуостров,русское
полупальто,русское
полупрод,русское
полураспад,русское
полуфина,русское
получатель,русское
получать,русское
получить,русское
получиться,русское
полушарие,русское
полушерстяный,русское
полушубок,русское
полый,заимствованное
поль,заимствованное
польза,русское
пользователь,русское
пользоваться,русское
польстить,русское
полюс,заимствованное
поляна,русское
поляриза,русское
поляризация,заимствованное
поляризованность,заимствованное
поляризуемость,заимствованное
полярность,русское
полярный,заимствованное
полёт,русское
помарка,русское
помело,заимствованное
поменять,русское
поменяться,русское
поместить,русское
помесячный,русское
пометать,русское
пометить,русское
помеха,русское
помешательство,русское
помешать,русское
помещаться,русское
помещение,русское
помидор,заимствованное
помилование,русское
помилованный,русское
помиловать,русское
поминать,русское
поминки,русское
поминовение,русское
помирить,русское
помириться,русское
помнить,русское
помниться,русское
помол,русское
помолвка,русское
поморщиться,русское
помост,русское
помочь,русское
помощник,русское
помощь,русское
помпа,русское
помпон,заимствованное
понадобиться,русское
понедельник,русское
понедельный,русское
понести,русское
пони,русское
понижение,русское
понизить,русское
понизиться,русское
понимание,русское
понимать,русское
понить,русское
понравиться,русское
понтифик,заимствованное
понтификат,заимствованное
понтон,заимствованное
понтонный,заимствованное
понудить,русское
пончо,заимствованное
понятие,русское
понятный,русское
понять,русское
пообещать,русское
поощрение,русское
поощрительный,русское
поощрить,русское
поп,заимствованное
попадать,русское
попасть,русское
попасться,русское
поперечина,русское
поперечный,русское
попечение,русское
попечитель,русское
попечительство,русское
поплавок,русское
поплин,заимствованное
поплиновыя,заимствованное
пополнение,русское
пополнить,русское
пополниться,русское
поправить,русское
поправка,русское
попрать,русское
поприще,русское
попробовать,русское
попросить,русское
попрош,русское
попрошаиничать,русское
популизм,заимствованное
популист,заимствованное
популистския,заимствованное
популяризатор,русское
популяризировать,русское
популяризовать,русское
популярный,заимствованное
популяционный,заимствованное
популяция,заимствованное
попурри,заимствованное
попустительство,русское
попустительствовать,русское
попутный,русское
попутчик,русское
попытаться,русское
попытка,русское
пора,заимствованное
поработать,русское
порадовать,русское
порадоваться,русское
пораженец,русское
поражение,русское
пораженчество,русское
поразительный,русское
поразить,русское
поранить,русское
порассуждать,русское
порвать,русское
порваться,русское
поребрик,русское
порез,русское
порезать,русское
порезаться,русское
порекомендовать,русское
пористый,заимствованное
порицание,русское
порицать,русское
порка,русское
порнография,заимствованное
порог,русское
порода,русское
породить,русское
породнить,русское
породниться,русское
породный,русское
порождение,русское
поролон,русское
порох,заимствованное
пороховой,русское
порочить,русское
порочный,русское
порошкообразный,русское
порошок,русское
порт,заимствованное
портал,заимствованное
портальный,заимствованное
портативный,заимствованное
портер,заимствованное
портик,заимствованное
портить,русское
портландцемент,заимствованное
портландцементный,заимствованное
портмоне,заимствованное
портной,русское
портный,русское
портовыя,заимствованное
портофра,заимствованное
портрет,заимствованное
портретировать,заимствованное
портретист,заимствованное
портретный,заимствованное
портфель,заимствованное
портфельный,заимствованное
портфолио,заимствованное
портье,заимствованное
портьера,заимствованное
портьерный,заимствованное
порубочный,русское
порука,русское
поручеиник,русское
поручение,русское
поручитель,русское
поручительный,русское
поручительския,русское
поручительство,русское
поручить,русское
поручиться,русское
порционный,русское
порция,русское
порча,русское
поршень,русское
порядковыя,русское
порядочный,русское
пос,русское
поса,русское
посадить,русское
посадка,русское
посадочный,русское
посвятить,русское
посвящаться,русское
посвящение,русское
посев,русское
поселенец,русское
поселение,русское
поселить,русское
поселиться,русское
посессия,русское
посетитель,русское
посетить,русское
посетовать,русское
посещаемость,русское
посещать,русское
посеять,русское
посидеть,русское
посильный,русское
послабление,русское
посланец,русское
послание,русское
посланник,русское
послать,русское
послевоенный,русское
последнии,русское
последователь,русское
последовательность,русское
последовательный,русское
последовать,русское
последствие,русское
последующие,русское
послеоперацио,русское
пословица,русское
послоиный,русское
послужить,русское
послушание,русское
послушать,русское
послушный,русское
посм,русское
посмертный,русское
посмотр,русское
посмотреть,русское
пособие,русское
пособник,русское
пособническия,русское
пособничество,русское
посоветовать,русское
посоветоваться,русское
посовещаться,русское
посодеиствовать,русское
посол,русское
посольския,русское
посольство,русское
поспешить,русское
поспешный,русское
поспорить,русское
посрамить,русское
посредник,русское
посредничать,русское
посредничество,русское
посредственность,русское
посредственный,русское
посредство,русское
поссорить,русское
поссориться,русское
пост,заимствованное
поставить,русское
поставка,русское
поставщик,русское
постамент,русское
постановить,русское
постановка,русское
постановление,русское
постановочный,русское
постановщик,русское
постараться,русское
постгляциал,заимствованное
постгляциальный,заимствованное
постель,русское
постепе,русское
постепенный,русское
постер,заимствованное
постигаться,русское
постижимый,русское
постинг,заимствованное
постичь,русское
постмодернизм,заимствованное
постнатальный,заимствованное
постнумерандо,заимствованное
постороннии,русское
постоянный,русское
постоянство,русское
постоять,русское
пострадавшие,русское
пострадать,русское
постраничный,русское
построик,русское
построить,русское
построиться,русское
постскриптум,заимствованное
постулат,заимствованное
постулировать,русское
поступательный,русское
поступить,русское
поступиться,русское
поступление,русское
поступля,русское
поступок,русское
постфактум,заимствованное
постфикс,русское
постыдный,русское
пость,русское
посуда,русское
посуточный,русское
посчастливиться,русское
посчитать,русское
посчитаться,русское
посыл,русское
посылка,русское
посыльный,русское
посыпать,русское
посыпаться,русское
посягнуть,русское
посёлок,русское
пот,русское
потворствовать,русское
потенциал,заимствованное
потенциальный,заимствованное
потенциометр,русское
потенцирование,заимствованное
потенцировать,русское
потенция,заимствованное
потерпеть,русское
потеря,русское
потерянный,русское
потерять,русское
потеряться,русское
потесниться,русское
потир,заимствованное
поток,русское
потолок,русское
потомок,русское
потомственный,русское
потомство,русское
потонуть,русское
поторопить,русское
поторопиться,русское
поточный,русское
потр,русское
потратить,русское
потратиться,русское
потребитель,русское
потребительный,русское
потребительския,русское
потребить,русское
потребление,русское
потреблять,русское
потребность,русское
потребный,русское
потребовать,русское
потребоваться,русское
потревожить,русское
потрясать,русское
потрясение,русское
потрясти,русское
потушить,русское
потянуть,русское
потёртость,русское
поучать,русское
поучение,русское
поучительный,русское
поучиться,русское
пофамильный,русское
похвала,русское
похвалить,русское
похвалиться,русское
похвальный,русское
похвастать,русское
похвастаться,русское
похититель,русское
похитить,русское
поход,русское
походить,русское
походка,русское
походный,русское
похождение,русское
похожие,русское
похоронить,русское
похоронный,русское
похороны,русское
похотливыя,русское
похоть,русское
похудеть,русское
поцеловать,русское
поцеловаться,русское
поцелуй,русское
почасовой,русское
початок,русское
почва,русское
почвовед,русское
почвоведение,русское
почерк,русское
почерковед,русское
почерковедение,русское
почерпнуть,русское
почесть,русское
почетный,русское
почившие,русское
почин,русское
починить,русское
почистить,русское
почитатель,русское
почитать,русское
почитаться,русское
почка,русское
почкование,русское
почковаться,русское
почковидный,русское
почта,заимствованное
почтальон,заимствованное
почтамт,русское
почтение,русское
почтительный,русское
почтить,русское
почтовыя,заимствованное
почувствовать,русское
почувствоваться,русское
почёт,русское
пошаговыя,русское
пошлина,русское
пошлость,русское
пошлый,русское
поштучный,русское
пошутить,русское
пощада,русское
пощадить,русское
пощёчина,русское
поэ,заимствованное
поэзия,русское
поэт,заимствованное
поэтажный,русское
поэтапный,русское
поэтизировать,заимствованное
поэтическия,заимствованное
поэтичный,заимствованное
появиться,русское
пояс,русское
пояснение,русское
пояснить,русское
поясница,русское
поясной,русское
поясон,русское
ппа,русское
пр,русское
пра,русское
прабабушка,русское
правдивыя,русское
правдоиск,русское
правдоискательство,русское
правдолюбивыя,русское
правдолюбие,русское
правдоподобие,русское
правдоподобный,русское
праведный,русское
правило,русское
правильный,русское
правитель,русское
правительство,русское
править,русское
правка,русское
правле,русское
правление,русское
правнук,русское
правнучка,русское
право,русское
правобережный,русское
правовед,русское
правоведение,русское
правоверный,русское
правовой,русское
правовоспить,русское
правозащита,русское
правозащитник,русское
правомерный,русское
правомочие,русское
правомочный,русское
правонарушение,русское
правонарушитель,русское
правонаследник,русское
правообладатель,русское
правоохранить,русское
правоохранный,русское
правописание,русское
правопорядок,русское
правопреемник,русское
правопреемство,русское
правоприменительный,русское
правопримя,русское
праворадикал,русское
православие,русское
православный,русское
правосознание,русское
правоспособность,русское
правоспособный,русское
правосторо,русское
правосторонния,русское
правосубъектность,русское
правосудие,русское
правосудный,русское
правота,русское
правотворческия,русское
правотворчество,русское
правыя,русское
прагматизм,заимствованное
прагматик,русское
прагматика,русское
прагматическия,заимствованное
прагматичный,заимствованное
прадед,русское
празднество,русское
праздник,русское
праздничный,русское
празднование,русское
праздновать,русское
праздноваться,русское
праздность,русское
праздный,русское
праимериза,русское
праис,заимствованное
праить,заимствованное
пракрити,заимствованное
праксиология,русское
практика,заимствованное
практикант,русское
практиковать,русское
практиковаться,русское
практикум,русское
практицизм,русское
практическия,заимствованное
практичный,заимствованное
пралине,заимствованное
прана,заимствованное
праническия,заимствованное
прапорщик,русское
прародина,русское
прародитель,русское
прах,русское
прачечный,русское
пращур,русское
преамбула,заимствованное
пребывать,русское
превалировать,русское
превентивный,заимствованное
превенция,заимствованное
превзоить,русское
превозвысить,русское
превозмочь,русское
превознести,русское
превосходный,русское
превосходство,русское
превратить,русское
превратиться,русское
превратность,русское
превратный,русское
превращение,русское
превысить,русское
преграда,русское
прегрешение,русское
преда,русское
преданность,русское
предательския,русское
предательство,русское
предать,русское
предаться,русское
предаукционный,русское
предварительный,русское
предварить,русское
предвестник,русское
предвещать,русское
предвзятость,русское
предвзятый,русское
предвидение,русское
предвидеть,русское
предвидеться,русское
предводитель,русское
предвозвестник,русское
предвосхитить,русское
предвыборный,русское
преддва,русское
преддверие,русское
предел,русское
предельность,русское
предельный,русское
предикат,заимствованное
предикативный,русское
предикация,русское
предисловие,русское
предлог,русское
предложение,русское
предложить,русское
предложный,русское
предместье,русское
предмет,русское
предметный,русское
предназначение,русское
предназначенный,русское
предназначить,русское
преднамеренный,русское
предначерта,русское
предначертание,русское
предначертать,русское
предок,русское
предоперационный,русское
предопределение,русское
предопределить,русское
предопределённость,русское
предоставить,русское
предостережение,русское
предостеречь,русское
предосторожность,русское
предосудительный,русское
предотвратить,русское
предохранитель,русское
предохранительный,русское
предохранить,русское
предпарламент,русское
предпенсионный,русское
предписание,русское
предписать,русское
предплечье,русское
предполагать,русское
предполагаться,русское
предполетный,русское
предположение,русское
предположительный,русское
предположить,русское
предпоса,русское
предпослать,русское
предпосле,русское
предпоследнии,русское
предпосылка,русское
предпочесть,русское
предпочтение,русское
предпочтительный,русское
предприимчивыя,русское
предприниматель,русское
предпринимательския,русское
предпринимательство,русское
предпринять,русское
предприятие,русское
предпродажный,русское
предпусковой,русское
предрасполагать,русское
предрасположение,русское
предрассудок,русское
предречь,русское
предрешить,русское
председатель,русское
председательствовать,русское
предсказание,русское
предсказатель,русское
предсказательный,русское
предсказать,русское
предсказуемость,русское
предсмертный,русское
представи,русское
представитель,русское
представительный,русское
представительство,русское
представительствовать,русское
представить,русское
представиться,русское
представление,русское
представлять,русское
предстартовыя,русское
предстать,русское
предстоять,русское
предубеждение,русское
предубежденный,русское
предуборочный,русское
предугадать,русское
предуказать,русское
предумышленный,русское
предупредительный,русское
предупредить,русское
предупреждение,русское
предусмотр,русское
предусмотреть,русское
предусмотрительный,русское
предутреннии,русское
предчувствие,русское
предчувствовать,русское
предшественник,русское
предшествовать,русское
предъявитель,русское
предъявить,русское
предыдущие,русское
предынфарктный,русское
предыстория,русское
предэкзаменационный,русское
преемник,русское
преемственность,русское
преемственный,русское
преемство,русское
преждевременный,русское
прежнии,русское
презентабельный,заимствованное
презентация,заимствованное
презерватив,русское
презервы,русское
президент,заимствованное
президентския,заимствованное
президентско,заимствованное
президентство,заимствованное
президенционализм,заимствованное
президиум,заимствованное
презирать,русское
презрение,русское
презрительный,русское
презумпция,заимствованное
презюмировать,русское
преимущественный,русское
преимущество,русское
преискура,русское
преискурант,заимствованное
преисполнить,русское
преисполниться,русское
прека,русское
прекарий,русское
прекарный,русское
преклонение,русское
преклонить,русское
преклониться,русское
преклонный,русское
прекословить,русское
прекраснодушие,русское
прекраснодушный,русское
прекрасный,русское
прекратить,русское
прекратиться,русское
прекурсор,русское
прелат,заимствованное
прелатския,заимствованное
прелатство,заимствованное
прелатур,заимствованное
прелестный,русское
прелесть,русское
прелиминарий,русское
преломление,русское
прельстить,русское
прельститься,русское
прелюбодеяние,русское
прелюдия,русское
премиальный,заимствованное
премикс,русское
премировать,заимствованное
премиум,заимствованное
премиумный,заимствованное
премия,заимствованное
премьер,заимствованное
премьера,заимствованное
премьерминистр,русское
премьерския,заимствованное
пренебрежение,русское
пренебрежительный,русское
пренебречь,русское
прение,русское
пренумерандо,заимствованное
преобладание,русское
преобладать,русское
преображение,русское
преобразить,русское
преобразиться,русское
преобразование,русское
преобразователь,русское
преобразовательный,русское
преобразовать,русское
преобразоваться,русское
преобразовый,русское
преодолеть,русское
преодолимый,русское
препарат,заимствованное
препарировать,заимствованное
препирательство,русское
препираться,русское
преподаватель,русское
преподавать,русское
преподаваться,русское
преподать,русское
преподнести,русское
препринт,русское
препроводить,русское
препятствие,русское
препятствовать,русское
прервать,русское
прерваться,русское
пререкаться,русское
прерогатива,заимствованное
прерыватель,русское
прерывистый,русское
прерывный,русское
пресвитер,заимствованное
пресвитерианин,заимствованное
пресвитерианския,заимствованное
пресвитерианство,заимствованное
пресвитерския,заимствованное
пресервы,русское
пресечь,русское
пресечься,русское
преследователь,русское
преследовать,русское
пресло,русское
пресмыкательство,русское
пресмыкаться,русское
пресмыкающиися,русское
пресноводный,русское
пресный,русское
пресс,заимствованное
пресса,заимствованное
прессгра,русское
прессинг,заимствованное
прессинговать,заимствованное
прессинговыя,заимствованное
прессконфера,заимствованное
прессовать,русское
пресссекрет,русское
пресссло,русское
прессфо,заимствованное
престарелый,русское
престиж,заимствованное
престижный,заимствованное
престиссимо,заимствованное
престо,заимствованное
престол,русское
преступление,русское
преступник,русское
преступность,русское
преступный,русское
претендент,заимствованное
претендовать,заимствованное
претензия,заимствованное
претенциозный,русское
претерпеть,русское
претить,русское
преувеличение,русское
преувеличить,русское
преувести,русское
преум,русское
преуменьшить,русское
преумножить,русское
преумножиться,русское
преуспевать,русское
преуспеть,русское
префект,заимствованное
префектура,русское
преференциальный,заимствованное
преференция,заимствованное
префикс,русское
прецедент,заимствованное
прецедентный,заимствованное
прецизионный,русское
преюдициальность,заимствованное
преюдиция,заимствованное
при,русское
прибавить,русское
прибавиться,русское
прибавление,русское
прибегнуть,русское
прибежать,русское
прибинтовать,русское
приближать,русское
приближение,русское
приблизительный,русское
приблизить,русское
приблизиться,русское
прибор,заимствованное
приборостроение,русское
прибрать,русское
прибрежный,русское
прибыль,русское
прибыльный,русское
прибыть,русское
приварить,русское
приварка,русское
приватизатор,русское
приватизационный,заимствованное
приватизация,заимствованное
приватизировать,заимствованное
приватизироваться,русское
приватный,заимствованное
привезти,русское
приверженец,русское
привести,русское
привет,русское
приветственный,русское
приветствие,русское
приветствовать,русское
прививка,русское
привилегированный,заимствованное
привилегия,русское
привить,русское
привкус,русское
привлекательный,русское
привлечь,русское
привнести,русское
привод,русское
привокзальный,русское
привыкнуть,русское
привычка,русское
привычный,русское
привязанность,русское
привязать,русское
привязаться,русское
привязной,русское
привязь,русское
пригласительный,русское
пригласить,русское
приглашение,русское
приглушить,русское
пригляд,русское
приглядеться,русское
пригнать,русское
приговаривать,русское
приговор,русское
приговорить,русское
пригодиться,русское
пригодный,русское
пригореть,русское
пригород,русское
пригородный,русское
приготовить,русское
приготовиться,русское
приграничный,русское
пригрозить,русское
приданое,русское
придаток,русское
придаточный,русское
придать,русское
придворный,русское
придерживаться,русское
придирка,русское
придирчивыя,русское
придомовыя,русское
придорожный,русское
придумать,русское
приезжие,русское
приемлемый,русское
приемникраспределитель,русское
приемный,русское
приемопередающие,русское
приехать,русское
прижать,русское
прижаться,русское
прижизненный,русское
прижимный,русское
прижиться,русское
приз,русское
призвание,русское
призвать,русское
приземлить,русское
приземлиться,русское
приземный,русское
призма,заимствованное
призматическия,заимствованное
призматрона,заимствованное
признавать,русское
признак,русское
признание,русское
признанный,русское
признательность,русское
признательный,русское
признать,русское
признаться,русское
призыв,русское
призывник,русское
призёр,русское
приититься,русское
приить,русское
приказ,русское
приказание,русское
приказать,русское
приказываться,русское
приклад,русское
приключение,русское
приключенческия,русское
приковать,русское
прикомандировать,русское
прикорм,русское
прикоснуться,русское
прикосон,русское
прикрепить,русское
прикрепиться,русское
прикрытие,русское
прикрыть,русское
прикрыться,русское
прилавок,русское
прилегать,русское
прилежный,русское
прилететь,русское
прилетный,русское
приличествовать,русское
приличие,русское
приличный,русское
приложение,русское
приложить,русское
приложиться,русское
прилюдный,русское
прилёт,русское
прима,заимствованное
примадонна,заимствованное
приманка,русское
примас,заимствованное
примат,заимствованное
приматология,русское
применимость,русское
применимый,русское
применить,русское
пример,русское
примерный,русское
примесь,русское
примета,русское
приметный,русское
примечание,русское
примечательный,русское
примиренчество,русское
примиритель,русское
примирительный,русское
примирить,русское
примириться,русское
примитив,заимствованное
примитивизация,русское
примитивизм,заимствованное
примитивный,заимствованное
примкнуть,русское
примочка,русское
примыкать,русское
примёрзнуть,русское
принадлежать,русское
принадлежность,русское
принести,русское
приноша,русское
приношение,русское
принт,заимствованное
принтер,заимствованное
принтерный,заимствованное
принудительный,русское
принудить,русское
принуждение,русское
принц,заимствованное
принцип,заимствованное
принципал,заимствованное
принципат,русское
принципиальный,русское
принять,русское
приняться,русское
приободрить,русское
приободриться,русское
приобрести,русское
приобретатель,русское
приобретательный,русское
приобретательство,русское
приобретать,русское
приобретаться,русское
приобретение,русское
приобщить,русское
приобщиться,русское
приор,заимствованное
приорат,заимствованное
приоритет,заимствованное
приоритетный,заимствованное
приория,заимствованное
приорство,заимствованное
приостановить,русское
припадок,русское
припарковать,русское
приписать,русское
приписка,русское
приписноить,русское
приплата,русское
приплатить,русское
приповерхностный,русское
приподнять,русское
припой,русское
припомнить,русское
приправа,русское
прир,русское
приравнять,русское
приравняться,русское
приращение,русское
приревновать,русское
природа,русское
природноклимати,русское
природноклиматическия,русское
природный,русское
природов,русское
природопо,русское
природосберег,русское
прирожденный,русское
прирост,русское
присадка,русское
присвоить,русское
приседание,русское
присесть,русское
прискорбный,русское
прислать,русское
прислушаться,русское
присмотр,русское
присмотреть,русское
присмотреться,русское
присоединить,русское
присоединиться,русское
приспособительный,русское
приспособить,русское
приспособиться,русское
приспособление,русское
приспособленность,русское
приспособль,русское
приспособляемость,русское
приставить,русское
приставка,русское
приставноить,русское
пристальный,русское
пристать,русское
пристегнуть,русское
пристрастие,русское
пристраститься,русское
пристрастный,русское
пристрелка,русское
пристроик,русское
пристроить,русское
приступ,русское
приступить,русское
пристыдить,русское
присудить,русское
присутственный,русское
присутствие,русское
присутствовать,русское
присущие,русское
присыпать,русское
присяга,русское
присягнуть,русское
присяжный,русское
притворный,русское
притворство,русское
притворщик,русское
притон,русское
притча,русское
прить,русское
притягательный,русское
притяжение,русское
притязание,русское
притязательный,русское
притязать,русское
приуменьшить,русское
приуменьшиться,русское
приумножить,русское
приумножиться,русское
приурочить,русское
приусадебный,русское
приучить,русское
прих,русское
прихватка,русское
приход,русское
приходиться,русское
приходовать,русское
прихоть,русское
прицел,русское
прицельный,русское
прицеп,русское
прицепка,русское
прицепноить,русское
причал,русское
причастность,русское
причастный,русское
причина,русское
причинить,русское
причинноследственный,русское
причинность,русское
причинный,русское
причислить,русское
причитаться,русское
причёска,русское
приша,русское
пришить,русское
приют,русское
приямок,русское
приятель,русское
приятельския,русское
приятный,русское
приём,русское
приёмник,русское
приёмщик,русское
проанализировать,русское
проба,русское
пробег,русское
пробегать,русское
пробежать,русское
пробел,русское
пробельность,русское
пробивноить,русское
пробирка,русское
пробирный,русское
пробить,русское
пробка,русское
пробла,русское
проблема,заимствованное
проблематика,русское
проблематическия,русское
проблематичный,заимствованное
проблемный,заимствованное
пробник,русское
пробный,русское
пробовать,русское
пробоина,русское
пробст,заимствованное
пробство,заимствованное
пробурить,русское
пробыть,русское
проваидер,заимствованное
проваидерския,заимствованное
проваидинг,заимствованное
проваидинговыя,заимствованное
провал,русское
провалить,русское
провалиться,русское
провезти,русское
провентилировать,русское
проверить,русское
проверочный,русское
провести,русское
проветрить,русское
провиант,русское
провизия,русское
провизор,заимствованное
провизорный,русское
провиниться,русское
провинциа,русское
провинциал,русское
провинциальный,русское
провинция,русское
провитамин,русское
провод,русское
проводимость,русское
проводить,русское
проводка,русское
проводник,русское
проводноить,русское
проводы,русское
провозгласить,русское
провозить,русское
провокатор,русское
провокация,заимствованное
проволока,русское
провоцировать,заимствованное
прогиб,русское
прогимназия,заимствованное
прогноз,заимствованное
прогнозировать,заимствованное
прогнозироваться,русское
прогнозист,русское
прогностика,заимствованное
прогнуться,русское
проговорить,русское
проголосовать,русское
прогон,русское
програ,русское
программа,заимствованное
программатор,русское
программирование,заимствованное
программировать,заимствованное
программист,заимствованное
программистския,заимствованное
программный,заимствованное
прогреметь,русское
прогресс,заимствованное
прогрессивизм,русское
прогрессивный,заимствованное
прогрессизм,русское
прогрессировать,русское
прогрессист,русское
прогрессия,заимствованное
прогреть,русское
прогул,русское
прогулка,русское
прод,русское
продавец,русское
продавить,русское
продажа,русское
продажный,русское
продать,русское
продвинуть,русское
продвинуться,русское
продвить,русское
продегусти,русское
продегустировать,русское
продезинфицировать,русское
продекларировать,русское
проделать,русское
продемонстрировать,русское
продиктовать,русское
продлить,русское
продлиться,русское
продовольствие,русское
продолжатель,русское
продолжать,русское
продолжаться,русское
продолжение,русское
продолжительность,русское
продолжительный,русское
продолжить,русское
продолжиться,русское
продольный,русское
продублировать,русское
продувать,русское
продувочный,русское
продукт,заимствованное
продуктивность,заимствованное
продуктивный,заимствованное
продуктовыя,заимствованное
продукционный,заимствованное
продукция,заимствованное
продуманный,русское
продумать,русское
продуть,русское
продуцент,заимствованное
продуцентный,заимствованное
продуци,русское
продуцирование,заимствованное
продуцировать,заимствованное
продуцироваться,заимствованное
продюсер,заимствованное
продюсировать,заимствованное
проезд,русское
проездноить,русское
проезжие,русское
проект,заимствованное
проектант,русское
проективный,заимствованное
проектировать,заимствованное
проектировочный,русское
проектировщик,русское
проектный,заимствованное
проектор,заимствованное
проекционный,заимствованное
проекция,заимствованное
проемный,русское
проесть,русское
проехать,русское
проецировать,заимствованное
прожектор,русское
прожитие,русское
прожиточный,русское
прожить,русское
проза,заимствованное
прозаик,заимствованное
прозаическия,заимствованное
прозаичный,заимствованное
прозвище,русское
прозвучать,русское
прозектор,русское
прозорливыя,русское
прозр,русское
прозрачный,русское
прозрение,русское
прозреть,русское
проигнорировать,русское
проиграть,русское
проигрыш,русское
произведение,русское
произвести,русское
производитель,русское
производительность,русское
производительный,русское
производить,русское
производиться,русское
производный,русское
производство,русское
произвол,русское
произвольный,русское
произнести,русское
произноситься,русское
произноша,русское
произношение,русское
произоить,русское
произрастать,русское
проиллюстрировать,русское
проинструктировать,русское
проинформировать,русское
происки,русское
происходить,русское
происхождение,русское
происшествие,русское
проититься,русское
проить,русское
прокариот,русское
прокариотическия,заимствованное
прокариотный,заимствованное
прокат,русское
прокатиться,русское
прокатка,русское
прокладка,русское
проклясть,русское
проклятие,русское
проклятый,русское
прокол,русское
прокомментировать,русское
прокоммунистическия,заимствованное
проконсультировать,русское
проконсультироваться,русское
проконтролировать,русское
прокормить,русское
проксивоин,русское
проксимальный,русское
проксить,заимствованное
проктит,заимствованное
проктолог,русское
проктологическия,заимствованное
проктология,заимствованное
прокуратура,заимствованное
прокурор,заимствованное
прокурорския,заимствованное
пролегомен,заимствованное
пролежать,русское
пролетариат,заимствованное
пролетарий,русское
пролетать,русское
пролететь,русское
пролечить,русское
пролить,русское
пролифер,русское
пролиферация,русское
пролоббировать,русское
пролог,русское
проложить,русское
пролонгация,заимствованное
пролонгировать,заимствованное
проль,русское
пролювий,русское
пролёт,русское
промаслить,русское
промежуток,русское
промежуточный,русское
промер,русское
промилле,русское
промискуитет,русское
промоакция,заимствованное
промолчать,русское
промоутер,заимствованное
промоутерския,заимствованное
промоутировать,заимствованное
промоушный,заимствованное
промульгация,заимствованное
промфа,заимствованное
промысел,русское
промысловик,русское
промыть,русское
промышленник,русское
промышленность,русское
пронести,русское
пронизать,русское
проникновение,русское
проникновенный,русское
проникнуть,русское
проникнуться,русское
проницаемый,русское
проницательный,русское
проницать,русское
проносить,русское
пронумеровать,русское
прообраз,русское
прооперировать,русское
пропаганда,заимствованное
пропагандировать,заимствованное
пропагандист,заимствованное
пропагандистския,заимствованное
пропадать,русское
пропажа,русское
пропан,русское
пропарить,русское
пропарка,русское
пропасть,русское
пропедевтика,заимствованное
пропедевтическия,заимствованное
пропеллер,заимствованное
пропеллерный,заимствованное
пропил,русское
пропилеи,заимствованное
пропилен,русское
прописка,русское
прописноить,русское
пропись,русское
пропитание,русское
пропитать,русское
пропитаться,русское
пропитка,русское
пропить,русское
проповедовать,русское
пропозиция,русское
прополис,заимствованное
прополисный,заимствованное
прополоскать,русское
пропонент,русское
пропорциональность,заимствованное
пропорциональный,заимствованное
пропорция,заимствованное
пропрезидентския,заимствованное
пропуск,русское
пропускноить,русское
пропустить,русское
прор,русское
прораб,русское
проработать,русское
прорваться,русское
прорезь,русское
проректор,заимствованное
прорецензировать,русское
прорицание,русское
прорицатель,русское
пророгационный,заимствованное
пророгация,заимствованное
пророк,русское
пророческия,русское
пророчество,русское
пророчествовать,русское
пророчить,русское
просадка,русское
просвет,русское
просветитель,русское
просветительный,русское
просветительство,русское
просветить,русское
просвещение,русское
просвещенный,русское
просесть,русское
проситель,русское
просительный,русское
просить,русское
проскок,русское
проскомидииный,заимствованное
проскомидия,заимствованное
проскрипция,русское
прославить,русское
проследить,русское
проследовать,русское
прослоик,русское
прослужить,русское
прослушать,русское
просмотр,русское
просмотреть,русское
просмотровыя,русское
проснуться,русское
просо,русское
проспект,заимствованное
проспективный,русское
проспектный,заимствованное
просрочить,русское
проставить,русское
простатит,заимствованное
простимулировать,русское
простирание,русское
проституировать,русское
проститутка,русское
проституция,заимствованное
простить,русское
просто,русское
простодушие,русское
простодушный,русское
простой,русское
простор,русское
простосерд,русское
простосердечный,русское
простота,русское
пространный,русское
пространство,русское
прострация,русское
проступок,русское
простыня,русское
просудить,русское
просушить,русское
просуществовать,русское
просфора,заимствованное
просфорный,заимствованное
просчитать,русское
просчёт,русское
просыпаться,русское
просьба,русское
просёл,русское
протащить,русское
проте,заимствованное
протеже,заимствованное
протежировать,заимствованное
протез,заимствованное
протезировать,заимствованное
протезный,заимствованное
протеин,русское
протеинотерапевтическия,заимствованное
протеинотерапия,заимствованное
протекать,русское
протектор,русское
протекторат,русское
протекционизм,заимствованное
протекционист,заимствованное
протекционистския,заимствованное
протекция,заимствованное
протеомный,заимствованное
протереть,русское
протерозоиския,заимствованное
протерозой,заимствованное
протест,заимствованное
протестант,заимствованное
протестанти,русское
протестантизм,заимствованное
протестантския,русское
протестантство,заимствованное
протестировать,русское
протестовать,русское
протечка,русское
противень,русское
противиться,русское
противник,русское
противность,русское
противный,русское
противоаллергическия,русское
противоболевой,русское
противоборствовать,русское
противовес,русское
противовирусный,русское
противовоздушный,русское
противогаз,русское
противогазовыя,русское
противодеиствие,русское
противодеиствовать,русское
противоестественный,русское
противозаконный,русское
противозачаточный,русское
противокоррозииный,русское
противолежащие,русское
противолучевой,русское
противообщественный,русское
противоопухолевыя,русское
противопехотный,русское
противопожарный,русское
противопоказание,русское
противопоказанный,русское
противоположение,русское
противоположить,русское
противоположность,русское
противоположный,русское
противопост,русское
противопоставить,русское
противопра,русское
противоправный,русское
противоракета,русское
противораковыя,русское
противоречивыя,русское
противоречие,русское
противоречить,русское
противостолбнячный,русское
противостояние,русское
противостоять,русское
противотанковыя,русское
противотуберкулезный,русское
противоугонный,русское
противоэпидемическия,русское
противоядие,русское
протирка,русское
протодиакон,заимствованное
протодьякон,заимствованное
протоиерей,заимствованное
проток,заимствованное
протокол,заимствованное
протоколирование,заимствованное
протоколировать,заимствованное
протоколист,русское
протокольный,заимствованное
протон,заимствованное
протонный,заимствованное
протоплазма,заимствованное
прототалитарный,заимствованное
прототип,русское
проточный,русское
протрава,русское
протравитель,русское
протравить,русское
протравка,русское
протромбин,русское
протяжка,русское
протяжный,русское
протяжённость,русское
протянуть,русское
проучить,русское
проушина,русское
профан,заимствованное
профанация,русское
профашист,русское
профашистския,заимствованное
профессионал,заимствованное
профессионализация,заимствованное
профессионализировать,заимствованное
профессионализм,заимствованное
профессиональнотехническия,русское
профессиональный,заимствованное
профессия,заимствованное
профессор,заимствованное
профессорския,заимствованное
профессорство,русское
профессура,заимствованное
профилактика,заимствованное
профилактическия,заимствованное
профилакторий,русское
профилировать,заимствованное
профилировочный,заимствованное
профилировщик,заимствованное
профилирующие,заимствованное
профиль,заимствованное
профильный,заимствованное
профильтровать,русское
профинансировать,русское
профитроль,заимствованное
профицит,заимствованное
профицитный,заимствованное
профком,русское
профобъединение,русское
профорганиз,русское
проформа,русское
профприго,заимствованное
профсоюз,русское
прохлада,русское
прохладительный,русское
прохладный,русское
проход,русское
проходимость,русское
проходить,русское
проходка,русское
проходная,русское
прохожие,русское
процветать,русское
процедура,заимствованное
процедурал,заимствованное
процедуральный,заимствованное
процедурный,заимствованное
процент,заимствованное
процентный,заимствованное
процесс,заимствованное
процессия,заимствованное
процессор,заимствованное
процессорный,заимствованное
процессуальноправ,заимствованное
процессуальный,заимствованное
процитировать,русское
прочерк,русское
прочесть,русское
прочитать,русское
прочность,русское
прочный,русское
прош,заимствованное
прошение,русское
прошивка,русское
прошить,русское
прошлогодние,русское
прошнуровать,русское
прощение,русское
проявить,русское
проявиться,русское
проявление,русское
прояснить,русское
проясниться,русское
пружина,русское
пружинистый,русское
пружинить,русское
прыгать,русское
прыгун,русское
прыжок,русское
прядильный,русское
прядь,русское
пряжка,русское
прямо,русское
прямодушие,русское
прямодушный,русское
прямои,русское
прямолина,заимствованное
прямолинеиный,русское
прямоток,русское
прямоточный,русское
прямоугольник,русское
прямоугольный,русское
пряник,русское
пряность,русское
пряный,русское
прятать,русское
прятаться,русское
пс,русское
псаммотерапия,заимствованное
псевдо,заимствованное
псевдодемократическия,заимствованное
псевдоисторическия,заимствованное
псевдоним,русское
псевдопатриотизм,заимствованное
псевдопатриотическия,заимствованное
псевдореволюционный,заимствованное
псевдотуберкулёз,русское
психиатр,заимствованное
психиатрическия,заимствованное
психиатрия,заимствованное
психика,заимствованное
психическия,заимствованное
психо,заимствованное
психоанализ,заимствованное
психоаналитик,заимствованное
психогенный,русское
психогигий,заимствованное
психоделик,заимствованное
психоделическия,заимствованное
психоделия,заимствованное
психоз,заимствованное
психолог,заимствованное
психологизация,русское
психологизировать,русское
психологизм,заимствованное
психологическия,заимствованное
психология,заимствованное
психометрия,русское
психомоторика,заимствованное
психомоторный,заимствованное
психоневро,русское
психоневрология,русское
психопат,русское
психопатическия,заимствованное
психопатия,заимствованное
психосом,заимствованное
психосоматика,заимствованное
психосоматическия,заимствованное
психосоциа,русское
психостимуль,заимствованное
психостимулятор,заимствованное
психосфера,заимствованное
психосферный,заимствованное
психотерап,заимствованное
психотерапевт,заимствованное
психотерапевтическия,заимствованное
психотерапия,заимствованное
психотическия,заимствованное
психотренинг,русское
психотропный,заимствованное
психофармаколо,русское
психофизика,русское
психофизиоть,русское
психоэмоциональный,заимствованное
психрометр,заимствованное
психрометрия,русское
псориаз,заимствованное
псориатическия,заимствованное
птереть,заимствованное
птик,заимствованное
птица,русское
птицеводство,русское
птичий,русское
птоз,заимствованное
пту,заимствованное
пуансон,русское
пуант,заимствованное
пубертатный,русское
публика,заимствованное
публикатор,заимствованное
публикация,заимствованное
публиковать,заимствованное
публиковаться,заимствованное
публицист,заимствованное
публицистика,заимствованное
публицистическия,заимствованное
публицистичнотерриториальный,русское
публицистичный,заимствованное
публичноправ,заимствованное
публичность,заимствованное
публичный,заимствованное
пугать,русское
пуговица,русское
пуд,русское
пудра,заимствованное
пудрить,заимствованное
пудриться,заимствованное
пудровыя,заимствованное
пул,заимствованное
пулеметный,русское
пулемёт,русское
пулемётчик,русское
пуловер,заимствованное
пульверизатор,русское
пульверизация,русское
пульмонолог,русское
пульмонологическия,заимствованное
пульмонология,заимствованное
пульпа,заимствованное
пульпит,заимствованное
пульпитный,заимствованное
пульс,заимствованное
пульсар,заимствованное
пульсировать,русское
пульсить,русское
пульсометр,русское
пульт,заимствованное
пуля,русское
пункт,заимствованное
пунктир,заимствованное
пунктирный,русское
пунктуальный,заимствованное
пунктуационный,заимствованное
пунктуация,заимствованное
пункционный,заимствованное
пункция,заимствованное
пунсон,русское
пунш,заимствованное
пуризм,заимствованное
пурим,заимствованное
пурин,заимствованное
пурист,заимствованное
пуританин,русское
пуританство,русское
пурификатор,заимствованное
пурификация,заимствованное
пурпур,заимствованное
пурпурный,заимствованное
пурушить,заимствованное
пускатель,русское
пустить,русское
пусто,заимствованное
пустовать,русское
пустой,русское
пустота,русское
пустула,заимствованное
пустулезный,заимствованное
пустульный,заимствованное
пустынный,русское
пустыня,русское
путаница,русское
путаный,русское
путасс,заимствованное
путать,русское
путаться,русское
путеводитель,русское
путеводный,русское
путепровод,русское
путеукладочный,русское
путеукладчик,русское
путешественник,русское
путешествие,русское
путешествовать,русское
путч,заимствованное
путчист,русское
путы,русское
путь,русское
путёвка,русское
пучо,русское
пучок,русское
пушбол,заимствованное
пушистый,русское
пушка,русское
пушной,русское
пчела,русское
пчеловодство,русское
пчелосемья,русское
пшеница,русское
пшеничный,русское
пыи,русское
пыл,русское
пылевидный,русское
пыление,русское
пылесос,русское
пылеуловить,заимствованное
пылеуть,русское
пылить,русское
пыль,русское
пыльный,русское
пыльца,русское
пытать,русское
пытаться,русское
пытка,русское
пытливыя,русское
пьедестал,заимствованное
пьезоэлектричество,заимствованное
пьексы,заимствованное
пьеса,заимствованное
пья,русское
пьянство,русское
пьяный,русское
пэ,заимствованное
пюпитр,заимствованное
пюре,русское
пятиборье,русское
пятиглавыя,русское
пятидневный,русское
пятикратный,русское
пятилетка,русское
пятилетние,русское
пятиминутный,русское
пятиугольный,русское
пятка,русское
пятнадцать,русское
пятнистый,русское
пятница,русское
пятно,русское
пятый,русское
пятьдесят,русское
пятьсот,русское
пятёрка,русское
ра,русское
раб,русское
рабатка,заимствованное
рабо,русское
работа,русское
работать,русское
работник,русское
работница,русское
работодатель,русское
работоспособный,русское
рабочий,русское
рабския,русское
рабство,русское
раввин,заимствованное
раввинизм,заимствованное
раввинския,заимствованное
равенство,русское
равень,русское
равиоли,заимствованное
равнобедренный,русское
равновеликия,русское
равновесие,русское
равновыгодный,русское
равнодеиствующие,русское
равноденствие,русское
равнодушный,русское
равнозначащие,русское
равнозначимый,русское
равнозначный,русское
равномерный,русское
равноправие,русское
равноправный,русское
равносильный,русское
равносторонния,русское
равноугольный,русское
равноудаленный,русское
равноценный,русское
равный,русское
равнять,русское
равняться,русское
рага,заимствованное
рагу,заимствованное
рад,русское
рада,русское
радар,заимствованное
радарный,заимствованное
радиальный,заимствованное
радиан,заимствованное
радианный,заимствованное
радиант,заимствованное
радиатор,заимствованное
радиаторный,заимствованное
радиационный,заимствованное
радиация,заимствованное
радиевыя,заимствованное
радииный,заимствованное
радий,заимствованное
радикал,заимствованное
радикализация,заимствованное
радикализировать,русское
радикализироваться,русское
радикализм,заимствованное
радикальный,заимствованное
радикулит,заимствованное
радикулитный,заимствованное
радио,заимствованное
радиоактивационный,заимствованное
радиоактивность,заимствованное
радиоактивный,заимствованное
радиоакть,заимствованное
радиоаппарат,русское
радиоаппаратура,заимствованное
радиоастрономическия,заимствованное
радиоастрономия,заимствованное
радиоб,русское
радиобиологическия,заимствованное
радиобиология,заимствованное
радиовить,русское
радиоволна,русское
радиовысотом,русское
радиограмма,русское
радиографическия,заимствованное
радиография,заимствованное
радиодиапазон,заимствованное
радиозо,заимствованное
радиозонд,заимствованное
радиозонди,русское
радиозондирование,заимствованное
радиозондовыя,заимствованное
радиоизлуч,русское
радиоимпульс,заимствованное
радиоканал,заимствованное
радиоканальный,заимствованное
радиокома,заимствованное
радиокоммент,русское
радиокомп,заимствованное
радиокомпас,заимствованное
радиола,заимствованное
радиолиния,русское
радиолог,русское
радиологическия,заимствованное
радиология,заимствованное
радиолокатор,заимствованное
радиолокационный,заимствованное
радиолокация,заимствованное
радиолюбитель,русское
радиолюбительство,русское
радиомаскировка,русское
радиомаяк,заимствованное
радиометр,заимствованное
радиометрист,заимствованное
радиометрическия,заимствованное
радиометрия,заимствованное
радиомикрофо,русское
радионавиг,русское
радионавигатор,заимствованное
радионавигационный,заимствованное
радионавигация,заимствованное
радионукли,русское
радионуклид,заимствованное
радионуклидный,заимствованное
радиопеленг,заимствованное
радиопеленгатор,заимствованное
радиопеленгация,заимствованное
радиоперехва,русское
радиоперёд,русское
радиоприём,русское
радиоприёмник,русское
радиореле,заимствованное
радиорелеиный,заимствованное
радиоса,русское
радиосвя,заимствованное
радиосигна,заимствованное
радиосигнал,заимствованное
радиосигнализация,заимствованное
радиоспорт,заимствованное
радиоспортивный,заимствованное
радиостанция,заимствованное
радиосту,русское
радиостудия,заимствованное
радиотелевизионный,русское
радиотелегра,русское
радиотелеграфия,заимствованное
радиотелеметрическия,заимствованное
радиотелеметрия,заимствованное
радиотелескоп,заимствованное
радиотелескопный,заимствованное
радиотелефон,заимствованное
радиотелефония,заимствованное
радиотелефонный,заимствованное
радиотелец,заимствованное
радиотерапевт,заимствованное
радиотерапевтическия,заимствованное
радиотерапеть,заимствованное
радиотерапия,заимствованное
радиотехник,заимствованное
радиотехническия,заимствованное
радиотоксичный,заимствованное
радиотра,русское
радиотранслить,русское
радиотрансляционный,заимствованное
радиотрансляция,заимствованное
радиоуглеродный,русское
радиофизика,заимствованное
радиофизическия,заимствованное
радиофикация,заимствованное
радиофицировать,заимствованное
радиофобия,заимствованное
радиохимическия,заимствованное
радиохимия,заимствованное
радиоэкологическия,заимствованное
радиоэкология,заимствованное
радиоэлектро,русское
радиоэлектроника,заимствованное
радиоэлектронный,заимствованное
радиоэфир,русское
радировать,заимствованное
радист,заимствованное
радиус,заимствованное
радовать,русское
радоваться,русское
радон,заимствованное
радоновыя,заимствованное
радостный,русское
радость,русское
радуга,русское
радужный,русское
радушие,русское
радушный,русское
раженный,русское
раз,русское
разбавитель,русское
разбавить,русское
разбег,русское
разбежаться,русское
разбередить,русское
разбирательство,русское
разбить,русское
разбиться,русское
разблок,русское
разблокировать,русское
разбоиник,русское
разбоиничать,русское
разбоиный,русское
разбой,русское
разбор,русское
разборный,русское
разборчивыя,русское
разброс,русское
разбросать,русское
разбудить,русское
разбушеваться,русское
развал,русское
развалить,русское
развалиться,русское
развеваться,русское
разведать,русское
разведда,русское
разведец,русское
разведка,русское
разведсвый,русское
разведсло,русское
разведчик,русское
развезти,русское
развенчать,русское
развернуть,русское
развернуться,русское
развести,русское
развестись,русское
разветвить,русское
разветвление,русское
развеять,русское
развилка,русское
развитие,русское
развитость,русское
развитый,русское
развить,русское
развиться,русское
развлекательный,русское
развлечение,русское
развлечь,русское
развлечься,русское
развля,русское
развод,русское
разводить,русское
разводка,русское
разволноваться,русское
разворачиваться,русское
разворот,русское
разврат,русское
развратитель,русское
развратить,русское
развратиться,русское
развратник,русское
развратный,русское
развращенный,русское
развый,русское
развязать,русское
развязка,русское
разгар,русское
разгласить,русское
разгласиться,русское
разглядеть,русское
разгневать,русское
разгневаться,русское
разговаривать,русское
разговор,русское
разговорить,русское
разговорник,русское
разговорный,русское
разговорчивыя,русское
разгоре,русское
разгореться,русское
разгра,русское
разграбить,русское
разграничить,русское
разграничиться,русское
разгром,русское
разгромить,русское
разгрузить,русское
разда,русское
раздаточный,русское
раздатчик,русское
раздвижноить,русское
раздвинуть,русское
раздвинуться,русское
раздвоение,русское
раздвоенность,русское
раздвоить,русское
раздвоиться,русское
разделать,русское
разделение,русское
разделитель,русское
разделительный,русское
разделить,русское
разделиться,русское
разделка,русское
раздельный,русское
разделяться,русское
раздеть,русское
раздеться,русское
раздор,русское
раздражение,русское
раздраженный,русское
раздражимый,русское
раздражитель,русское
раздражительный,русское
раздражить,русское
раздражиться,русское
раздразнить,русское
раздробить,русское
раздробиться,русское
раздумать,русское
раздумывать,русское
раздуть,русское
раздуться,русское
разжалобить,русское
разжаловать,русское
разлить,русское
различать,русское
различаться,русское
различие,русское
различимый,русское
различительный,русское
различить,русское
различный,русское
разложение,русское
разложить,русское
разложиться,русское
разлом,русское
разломать,русское
разломаться,русское
разломить,русское
разломиться,русское
разлука,русское
разлучить,русское
разлучиться,русское
разлёт,русское
разм,русское
размах,русское
размахивать,русское
размен,русское
разменять,русское
разменяться,русское
размер,русское
размеренный,русское
размерить,русское
размерность,русское
размерный,русское
разместить,русское
разместиться,русское
разметить,русское
разметка,русское
размешать,русское
размещение,русское
разминировать,русское
размножаться,русское
размножить,русское
размножиться,русское
размол,русское
размолвка,русское
размыть,русское
размышление,русское
размышлять,русское
разнарядка,русское
разнести,русское
разниться,русское
разница,русское
разнобой,русское
разновеликия,русское
разновидность,русское
разновозрастный,русское
разновременный,русское
разновысокия,русское
разногласие,русское
разноголосыя,русское
разнозначный,русское
разноименный,русское
разнокалиберный,русское
разнонапра,русское
разнонаправленный,русское
разнообра,русское
разнообразие,русское
разнообразить,русское
разнообразиться,русское
разнообразный,русское
разноплановыя,русское
разнополый,русское
разнопорядковыя,русское
разнопрофильный,русское
разноречивыя,русское
разнородный,русское
разнос,русское
разносный,русское
разносторонния,русское
разность,русское
разнотипный,русское
разноцветный,русское
разночтение,русское
разный,русское
разо,русское
разоблачение,русское
разоблачитель,русское
разоблачительный,русское
разоблачить,русское
разоблачиться,русское
разобрать,русское
разобраться,русское
разобщенный,русское
разобщить,русское
разобщиться,русское
разовыя,русское
разогнать,русское
разогнаться,русское
разогреть,русское
разозлить,русское
разозлиться,русское
разоититься,русское
разомкнуть,русское
разомкнуться,русское
разорванный,русское
разорвать,русское
разорваться,русское
разорить,русское
разориться,русское
разоружение,русское
разоружить,русское
разоружиться,русское
разослать,русское
разочарование,русское
разочаровать,русское
разочароваться,русское
разрабатывать,русское
разработанный,русское
разработать,русское
разработаться,русское
разработка,русское
разразиться,русское
разрез,русское
разрезать,русское
разрешаться,русское
разрешение,русское
разрешимый,русское
разрешительный,русское
разрешить,русское
разрешиться,русское
разрознить,русское
разруха,русское
разрушение,русское
разрушенный,русское
разрушимый,русское
разрушитель,русское
разрушительный,русское
разрушить,русское
разрушиться,русское
разрываться,русское
разрыдаться,русское
разряд,русское
разрядить,русское
разрядиться,русское
разрядка,русское
разрядник,русское
разрядный,русское
разубедить,русское
разуверить,русское
разувериться,русское
разукомплектовать,русское
разум,русское
разумение,русское
разуметься,русское
разумный,русское
разъ,русское
разъедать,русское
разъединитель,русское
разъединить,русское
разъезд,русское
разъемный,русское
разъяснение,русское
разъяснительный,русское
разъяснить,русское
разъясниться,русское
разъём,русское
разыграть,русское
разыскать,русское
разыскноить,русское
раивоенко,русское
раидер,заимствованное
раион,заимствованное
раионирование,заимствованное
раионировать,заимствованное
раионный,заимствованное
рак,заимствованное
ракета,заимствованное
ракетка,заимствованное
ракетница,русское
ракетный,заимствованное
ракетодром,заимствованное
ракетомоделизм,заимствованное
ракетомоделирование,заимствованное
ракетомодельный,заимствованное
ракеточный,заимствованное
ракетчик,русское
раковина,русское
ракурс,заимствованное
ракурсный,заимствованное
ралли,заимствованное
раллииный,заимствованное
рама,заимствованное
рамбурса,заимствованное
рамбурсный,заимствованное
рамбутан,заимствованное
рамка,русское
рампа,заимствованное
рамповыя,заимствованное
рана,русское
ранг,заимствованное
ранговыя,заимствованное
рангоут,заимствованное
рангоутный,заимствованное
рангпур,заимствованное
рандеву,заимствованное
рандомизация,заимствованное
ранение,русское
раненый,русское
ранжир,русское
ранжирование,заимствованное
ранжировать,заимствованное
ранить,русское
раннии,русское
рант,заимствованное
рантье,заимствованное
ранцевыя,заимствованное
рапира,заимствованное
рапирист,заимствованное
рапирный,заимствованное
рапорт,заимствованное
рапортовать,заимствованное
рапс,заимствованное
рапсодия,заимствованное
раритет,заимствованное
раритетный,заимствованное
раса,заимствованное
расизм,заимствованное
расист,заимствованное
расистския,заимствованное
раскалить,русское
раскачать,русское
раскачаться,русское
раскачивать,русское
раскачиваться,русское
раскаяние,русское
раскаяться,русское
расклад,русское
раскладка,русское
раскодировать,русское
раскодироваться,русское
раскол,заимствованное
расколо,заимствованное
расколоть,русское
расконсервировать,русское
расконсервь,русское
раскопка,русское
раскритиковать,русское
раскрутить,русское
раскрываемость,русское
раскрыть,русское
раскрыться,русское
расовыя,заимствованное
распасться,русское
распечатать,русское
распечататься,русское
распечатка,русское
распивать,русское
расписание,русское
расписать,русское
расписаться,русское
расписка,русское
расплав,русское
распланировать,русское
расплата,русское
расплатиться,русское
расплывчатый,русское
распознать,русское
располагать,русское
расположение,русское
расположенный,русское
расположить,русское
расположиться,русское
распорка,русское
распорядитель,русское
распорядительный,русское
распорядиться,русское
распорядок,русское
распоряжаться,русское
распоряжение,русское
расправа,русское
расправить,русское
расправиться,русское
распределение,русское
распределитель,русское
распределительный,русское
распределить,русское
распределиться,русское
распродать,русское
распространенный,русское
распространитель,русское
распространительный,русское
распространить,русское
распространиться,русское
распространяться,русское
распря,русское
распустить,русское
распутный,русское
распутство,русское
распылитель,русское
распылить,русское
рассвет,русское
рассекретить,русское
расселение,русское
расселить,русское
расселиться,русское
рассеяние,русское
рассеять,русское
рассеяться,русское
расска,русское
рассказ,русское
рассказать,русское
рассказчик,русское
расслабить,русское
расслабиться,русское
расследовательския,русское
расследовать,русское
рассматривать,русское
рассмотреть,русское
рассогласование,русское
рассогласованный,русское
рассогласовать,русское
рассол,русское
рассортировать,русское
расспрос,русское
расспросить,русское
рассредоточенный,русское
рассредоточить,русское
рассредоточиться,русское
рассрочить,русское
расставить,русское
расстановка,русское
расстаться,русское
расстегнуть,русское
расстояние,русское
расстрел,русское
расстрелять,русское
расстро,русское
расстроиство,русское
расстроить,русское
рассудительный,русское
рассудить,русское
рассудок,русское
рассудочный,русское
рассуждать,русское
рассуждение,русское
рассчитать,русское
рассчитаться,русское
рассчитывать,русское
рассыпать,русское
раствор,русское
растворимый,русское
растворитель,русское
растворить,русское
раствориться,русское
растение,русское
растениевод,русское
растениеводство,русское
растереть,русское
растеря,русское
растерянный,русское
растерять,русское
растеряться,русское
расти,русское
растиражировать,русское
растительность,русское
растительный,русское
растить,русское
растлитель,русское
растлить,русское
растолковать,русское
растопить,русское
растопиться,русское
расторгнуть,русское
расторопный,русское
расточитель,русское
расточительный,русское
расточительство,русское
расточить,русское
растр,заимствованное
растрата,русское
растратить,русское
растратиться,русское
растратчик,русское
растревожить,русское
растровыя,заимствованное
раструб,русское
растяж,русское
растяжение,русское
растяжимый,русское
растяжка,русское
растянутый,русское
растянуть,русское
растянуться,русское
расфасовать,русское
расфасовочный,русское
расфокусировать,русское
расформировать,русское
расхититель,русское
расхитить,русское
расход,русское
расходовать,русское
расходоваться,русское
расцвет,русское
расцветка,русское
расценивать,русское
расценить,русское
расценка,русское
расцепить,русское
расчетливыя,русское
расчистить,русское
расчистка,русское
расчёт,русское
расчётчик,русское
расшире,русское
расширение,русское
расширительный,русское
расширить,русское
расшириться,русское
расширь,русское
расшифровать,русское
ратин,заимствованное
ратификационный,заимствованное
ратификация,заимствованное
ратифицировать,заимствованное
ратный,русское
ратовать,русское
раунд,заимствованное
рафинад,заимствованное
рафинированный,заимствованное
рафинировать,заимствованное
рафт,заимствованное
рафтереть,заимствованное
рафтинг,заимствованное
рахат,заимствованное
рахит,заимствованное
рахитическия,заимствованное
рахитичный,заимствованное
рацион,заимствованное
рационализатор,заимствованное
рационализаторския,заимствованное
рационализаторство,заимствованное
рационализация,заимствованное
рационализировать,заимствованное
рационализм,заимствованное
рационалист,заимствованное
рационалистическия,заимствованное
рационалистичный,заимствованное
рациональный,заимствованное
рационировать,русское
рация,русское
рацпредложа,русское
рачительный,русское
рашпиль,заимствованное
рваный,русское
рвать,русское
рваться,русское
рвение,русское
рвиснуть,русское
рвота,русское
рвотный,русское
рвыя,русское
ргия,заимствованное
ргнуть,русское
рд,русское
рдие,русское
рдёр,русское
ре,заимствованное
реабилитационный,заимствованное
реабилитация,заимствованное
реабилитировать,заимствованное
реабилитироваться,заимствованное
реагент,заимствованное
реагентный,заимствованное
реагирование,заимствованное
реагировать,заимствованное
реадаптация,русское
реактив,заимствованное
реактивный,заимствованное
реактор,заимствованное
реакторный,заимствованное
реакционер,заимствованное
реакционный,заимствованное
реакция,заимствованное
реализатор,русское
реализация,заимствованное
реализм,заимствованное
реализовать,заимствованное
реализоваться,русское
реалист,заимствованное
реалистическия,заимствованное
реалистичный,заимствованное
реалить,заимствованное
реалия,заимствованное
реальность,заимствованное
реальный,заимствованное
реампутация,русское
реаний,заимствованное
реаниматолог,заимствованное
реаниматологическия,заимствованное
реаниматология,заимствованное
реаниматор,заимствованное
реанимационный,заимствованное
реанимация,заимствованное
реанимировать,заимствованное
реанимобиль,русское
реборда,русское
ребристый,русское
ребро,русское
ребус,заимствованное
ребята,русское
ребёнок,русское
ревакцинация,заимствованное
ревальвация,заимствованное
реванш,заимствованное
реваншизм,заимствованное
реваншист,русское
реверанс,заимствованное
реверс,заимствованное
реверсивный,заимствованное
реверсирование,русское
реверсировать,заимствованное
реверсия,русское
реверсный,заимствованное
реверсор,заимствованное
ревизионизм,заимствованное
ревизионист,заимствованное
ревизионистския,заимствованное
ревизионный,заимствованное
ревизия,заимствованное
ревизовать,русское
ревизор,заимствованное
ревизорския,заимствованное
ревматизм,заимствованное
ревматическия,заимствованное
ревматоидный,русское
ревматолог,заимствованное
ревматологическия,заимствованное
ревматология,заимствованное
ревмокардит,русское
ревнивыя,русское
ревнитель,русское
ревновать,русское
ревностный,русское
ревность,русское
револьвер,заимствованное
револьверный,заимствованное
революцио,заимствованное
революционер,заимствованное
революционизировать,заимствованное
революционизироваться,заимствованное
революционный,заимствованное
революция,заимствованное
револя,заимствованное
ревю,заимствованное
регалия,русское
регата,заимствованное
регби,заимствованное
регбииный,заимствованное
регбист,заимствованное
регбистския,заимствованное
регбол,заимствованное
реггей,заимствованное
регенерат,заимствованное
регенеративный,заимствованное
регенератный,заимствованное
регенератор,заимствованное
регенераторный,заимствованное
регенерационный,заимствованное
регенерация,заимствованное
регенерирование,заимствованное
регенерировать,заимствованное
регенерироваться,русское
регент,заимствованное
регентския,заимствованное
регентство,заимствованное
регион,заимствованное
регионализировать,русское
регионализироваться,русское
регионализм,русское
региональный,заимствованное
регионарный,заимствованное
регистр,заимствованное
регистратор,заимствованное
регистратура,заимствованное
регистратурный,заимствованное
регистрационный,заимствованное
регистрация,заимствованное
регистрировать,заимствованное
регистрироваться,заимствованное
регистровыя,заимствованное
регламент,заимствованное
регламентация,заимствованное
регламентировать,заимствованное
регламентный,заимствованное
реглан,заимствованное
регредиент,заимствованное
регресс,заимствованное
регрессивный,заимствованное
регрессионный,заимствованное
регрессировать,заимствованное
регрессия,заимствованное
регрессный,заимствованное
регтаить,заимствованное
регулиро,заимствованное
регулировать,заимствованное
регулировочный,русское
регулировщик,русское
регуля,русское
регуляризационный,заимствованное
регуляризация,заимствованное
регуляризовать,заимствованное
регулярный,заимствованное
регулятивный,заимствованное
регулятор,заимствованное
регуляторный,заимствованное
регуляционный,заимствованное
регуляция,заимствованное
редактировать,заимствованное
редактор,заимствованное
редакторския,заимствованное
редакторство,русское
редактура,заимствованное
редакционный,заимствованное
редакция,заимствованное
редкия,русское
редкоземельный,русское
редколлегия,русское
редкость,русское
редуктор,заимствованное
редукторный,заимствованное
редукционизм,русское
редукционный,заимствованное
редукция,заимствованное
редут,русское
редуцент,заимствованное
редуцентный,заимствованное
редуцирование,заимствованное
редуцировать,заимствованное
редуцироваться,русское
реестр,заимствованное
реестровыя,заимствованное
режим,заимствованное
режиссерския,заимствованное
режиссировать,заимствованное
режиссура,заимствованное
режиссёр,заимствованное
реза,заимствованное
резак,русское
резаныи,русское
резать,русское
резекционный,заимствованное
резекция,заимствованное
резерв,заимствованное
резерват,заимствованное
резервация,заимствованное
резервировать,заимствованное
резервист,заимствованное
резервный,заимствованное
резервуар,заимствованное
резервуарный,заимствованное
резец,русское
резидент,заимствованное
резидентный,заимствованное
резидентство,русское
резидентур,заимствованное
резиденция,заимствованное
резина,заимствованное
резиновыя,заимствованное
резинотехнуть,русское
резинотка,заимствованное
резистентность,заимствованное
резистентный,заимствованное
резистивный,заимствованное
резистор,заимствованное
резка,русское
резкия,русское
резкость,русское
резол,заимствованное
резольный,заимствованное
резолютивный,заимствованное
резолюция,заимствованное
резонанс,заимствованное
резонансный,заимствованное
резонатор,заимствованное
резонаторный,заимствованное
резонировать,заимствованное
резонёр,русское
резонёрствовать,русское
резорбция,русское
результат,заимствованное
результативный,заимствованное
резус,заимствованное
резусф,русское
резьба,заимствованное
резюме,заимствованное
резюмировать,заимствованное
реивер,заимствованное
реиверския,заимствованное
реида,заимствованное
реидеровския,заимствованное
реидерския,заимствованное
реидерство,заимствованное
реидовик,заимствованное
реидовыя,заимствованное
реидёр,заимствованное
реика,русское
реимпорт,русское
реинвестировать,заимствованное
реинвестироваться,русское
реинвестиция,заимствованное
реинжиниринг,заимствованное
реинкарнация,заимствованное
реинкарнировать,русское
реинтеграционный,заимствованное
реинтеграция,заимствованное
реинфекционный,заимствованное
реинфекция,заимствованное
реис,заимствованное
реисовыя,заимствованное
реисфедёр,заимствованное
реисшина,заимствованное
реитинг,заимствованное
реитинговать,заимствованное
реитинговыя,заимствованное
реить,заимствованное
рей,заимствованное
река,русское
реквием,заимствованное
реквизировать,заимствованное
реквизит,заимствованное
реквизитор,русское
реквизиционный,заимствованное
реквизиция,заимствованное
реклама,заимствованное
рекламационный,заимствованное
рекламация,заимствованное
реклами,заимствованное
рекламировать,заимствованное
рекламист,заимствованное
рекламноиздательския,русское
рекламный,заимствованное
рекламодатель,русское
рекогносцировка,русское
рекомбинант,заимствованное
рекомбинантный,заимствованное
рекомбинационный,заимствованное
рекомбинация,заимствованное
рекомбинировать,заимствованное
рекомбинироваться,заимствованное
рекомендательный,заимствованное
рекомендация,заимствованное
рекомендовать,заимствованное
рекомендоваться,заимствованное
реконверсионный,заимствованное
реконверсия,заимствованное
реконструировать,заимствованное
реконструироваться,русское
реконструктор,заимствованное
реконструкторския,заимствованное
реконструкция,заимствованное
рекорд,заимствованное
рекордный,заимствованное
рекордсмен,заимствованное
рекордсменския,заимствованное
рекреационный,заимствованное
рекреация,заимствованное
рекрутер,заимствованное
рекрутерския,заимствованное
рекрутинг,заимствованное
рекрутинговыя,заимствованное
рекрутировать,русское
ректальный,русское
ректификат,заимствованное
ректификатный,заимствованное
ректификатор,заимствованное
ректификационный,заимствованное
ректификация,заимствованное
ректификовать,русское
ректифицировать,заимствованное
ректор,заимствованное
ректорат,заимствованное
ректорство,русское
ректоскоп,заимствованное
ректоскопия,русское
рекультивационный,заимствованное
рекультивация,заимствованное
рекультивировать,заимствованное
рекуперативный,заимствованное
рекуператор,заимствованное
рекуперационный,заимствованное
рекуперация,заимствованное
рекуперировать,заимствованное
рекуррентность,заимствованное
рекуррентный,заимствованное
рекурренция,заимствованное
рекурсивный,заимствованное
рекурсия,заимствованное
рел,русское
релаксант,заимствованное
релаксационный,заимствованное
релаксация,заимствованное
релаксировать,заимствованное
реле,заимствованное
релевантность,заимствованное
релевантный,заимствованное
релеиный,заимствованное
религиева,русское
религио,русское
религиов,русское
религиозность,заимствованное
религиозный,заимствованное
религия,заимствованное
релиз,заимствованное
реликварий,заимствованное
реликвия,заимствованное
реликт,заимствованное
реликтовыя,заимствованное
рельеф,заимствованное
рельефный,заимствованное
рельс,заимствованное
рельсовыя,заимствованное
рельсопрок,заимствованное
рельсоуклый,заимствованное
рельсошп,заимствованное
релятивизм,заимствованное
релятивист,заимствованное
релятивистския,заимствованное
релятивный,русское
реляционный,русское
ремарка,заимствованное
ремарочный,заимствованное
ремеик,заимствованное
ремень,русское
ремесленник,русское
ремесленный,русское
ремесло,русское
ремикс,заимствованное
ремиксовать,заимствованное
ремилитаризация,русское
реминисценция,русское
ремиссия,заимствованное
ремитент,русское
ремонт,заимствованное
ремонтантность,заимствованное
ремонтантный,заимствованное
ремонтировать,заимствованное
ремонтник,русское
ремонтный,заимствованное
рендеринг,заимствованное
ренегат,русское
ренегатство,русское
ренессанс,заимствованное
ренессансный,заимствованное
рениевыя,заимствованное
рений,заимствованное
реновация,русское
реновый,русское
реноме,заимствованное
рента,заимствованное
рентабельность,заимствованное
рентабельный,заимствованное
рентг,заимствованное
рентген,заимствованное
рентгеновския,заимствованное
рентгенограмма,заимствованное
рентгенографическия,заимствованное
рентгенография,заимствованное
рентгенодиагностика,заимствованное
рентгенодиагностическия,заимствованное
рентгеноконтрастный,заимствованное
рентгенолог,заимствованное
рентгенологическия,заимствованное
рентгенология,заимствованное
рентгенометр,заимствованное
рентгенометрическия,заимствованное
рентгенометрия,заимствованное
рентгеноскопить,заимствованное
рентгеноскопическия,заимствованное
рентгеноскопия,заимствованное
рентгенотерапевт,заимствованное
рентгенотерапевтическия,заимствованное
рентгенотерапия,заимствованное
рентгить,заимствованное
рентный,заимствованное
рень,русское
реобионт,заимствованное
реологическия,заимствованное
реология,заимствованное
реорганизационный,заимствованное
реорганизация,заимствованное
реорганизовать,заимствованное
реорганизоваться,русское
реостат,заимствованное
реостатный,заимствованное
реофил,заимствованное
репарационный,заимствованное
репарация,заимствованное
репатриант,заимствованное
репатриация,заимствованное
репатриировать,заимствованное
репатриироваться,заимствованное
репеллент,заимствованное
репеллентный,заимствованное
репер,заимствованное
репертуар,заимствованное
репертуарный,заимствованное
репетировать,заимствованное
репетитор,заимствованное
репетиторския,заимствованное
репетиторство,русское
репетиторствовать,русское
репетиционный,заимствованное
репетиция,заимствованное
репетовать,русское
реплантационный,заимствованное
реплантация,заимствованное
реплика,заимствованное
репликативный,заимствованное
репликатор,заимствованное
репликация,заимствованное
реплицированный,заимствованное
репозиция,заимствованное
репорт,заимствованное
репортаж,заимствованное
репортажный,заимствованное
репортёр,заимствованное
репост,заимствованное
репрезент,русское
репрезентант,русское
репрезентативный,заимствованное
репрезентационный,заимствованное
репрезентация,заимствованное
репрезенти,русское
репрезентировать,заимствованное
репрезентироваться,русское
репрессалия,русское
репрессивный,заимствованное
репрессированный,заимствованное
репрессировать,заимствованное
репрессия,заимствованное
реприватизация,заимствованное
реприза,заимствованное
репризный,заимствованное
репринт,русское
репрографическия,русское
репрография,русское
репродуктивный,заимствованное
репродуктор,русское
репродукционный,заимствованное
репродукция,заимствованное
репродуцировать,русское
репс,заимствованное
репсовыя,заимствованное
рептилия,заимствованное
републикация,русское
репутационный,заимствованное
репутация,заимствованное
рераитереть,заимствованное
рераитерския,заимствованное
рераитинг,заимствованное
рераитинговыя,заимствованное
рес,заимствованное
ресаиклинга,заимствованное
реселлера,заимствованное
реселлерския,заимствованное
ресивер,заимствованное
рескрипт,русское
респектабельный,заимствованное
респиратор,заимствованное
респираторный,заимствованное
респондент,заимствованное
респондентския,заимствованное
республика,заимствованное
республиканец,заимствованное
республиканския,заимствованное
рессора,заимствованное
рессорный,заимствованное
реставратор,заимствованное
реставраторския,заимствованное
реставрационный,заимствованное
реставрация,заимствованное
реставрировать,заимствованное
реституция,заимствованное
ресторан,заимствованное
ресторанный,заимствованное
ресторатор,заимствованное
рестрикция,русское
реструктуризация,заимствованное
реструктуризировать,русское
реструктуризовать,русское
реструктурировать,заимствованное
ресурс,заимствованное
ресурсный,заимствованное
ресурсодобыв,русское
ресурсоемкия,русское
рет,русское
ретард,заимствованное
ретардант,русское
ретардация,заимствованное
ретардированный,заимствованное
ретардировать,заимствованное
ретардный,заимствованное
ретикулярный,заимствованное
ретина,заимствованное
ретинит,заимствованное
ретинол,русское
ретинопатия,заимствованное
реторсия,русское
реторта,заимствованное
ретрактор,заимствованное
ретранслировать,заимствованное
ретранслятор,заимствованное
ретрансляционный,заимствованное
ретрансляция,заимствованное
ретро,заимствованное
ретровирус,заимствованное
ретровирусный,заимствованное
ретроград,заимствованное
ретроградный,заимствованное
ретроградство,русское
ретроспектива,заимствованное
ретроспективный,заимствованное
ретроспекция,заимствованное
ретуширование,заимствованное
ретушировать,заимствованное
ретушь,заимствованное
ретушёр,заимствованное
рефакция,русское
реферат,заимствованное
реферативный,заимствованное
рефератный,заимствованное
референдум,заимствованное
референдумный,заимствованное
референт,заимствованное
референтность,заимствованное
референтный,заимствованное
референтура,русское
референция,заимствованное
рефери,заимствованное
реферировать,заимствованное
рефинансирование,заимствованное
рефинансировать,заимствованное
рефл,заимствованное
рефле,заимствованное
рефлекс,заимствованное
рефлекси,русское
рефлексивность,заимствованное
рефлексивный,заимствованное
рефлексировать,заимствованное
рефлексия,заимствованное
рефлексный,заимствованное
рефлексологическия,заимствованное
рефлексология,заимствованное
рефлексотерапевтическия,заимствованное
рефлексотерапия,заимствованное
рефлективность,заимствованное
рефлективный,заимствованное
рефлектировать,заимствованное
рефлектор,заимствованное
рефлекторный,заимствованное
рефлюкс,заимствованное
рефлюксный,заимствованное
реформа,заимствованное
реформат,русское
реформатор,заимствованное
реформаторския,заимствованное
реформаторство,русское
реформация,заимствованное
реформизм,русское
реформировать,заимствованное
реформироваться,русское
реформист,русское
рефрактерность,заимствованное
рефрактерный,заимствованное
рефрактометр,заимствованное
рефрактометрическия,заимствованное
рефрактометрия,заимствованное
рефрактор,заимствованное
рефракторный,заимствованное
рефракционный,заимствованное
рефракция,заимствованное
рефрен,заимствованное
рефренный,заимствованное
рефрижератор,заимствованное
рефрижераторный,заимствованное
рецензент,заимствованное
рецензировать,заимствованное
рецензия,заимствованное
рецепт,заимствованное
рецептор,заимствованное
рецепторный,заимствованное
рецептура,заимствованное
рецептурный,заимствованное
рецепция,заимствованное
рецессивность,заимствованное
рецессивный,заимствованное
рецессия,заимствованное
рецидив,заимствованное
рецидивист,заимствованное
рециклизация,заимствованное
рециклирование,русское
реципиент,заимствованное
реципиентный,заимствованное
рецитал,заимствованное
речение,русское
речитатив,заимствованное
речитативный,заимствованное
речка,русское
речно,русское
речной,русское
речь,заимствованное
решение,русское
решенный,русское
решетить,русское
решето,заимствованное
решетчатый,русское
решимость,русское
решительный,русское
решить,русское
решиться,русское
решётка,русское
реэ,заимствованное
реэвакуация,русское
реэкспозиция,русское
реэкспорт,русское
реэкспортировать,заимствованное
реэмигрант,русское
ржавчина,русское
рженный,русское
рза,русское
рибоза,заимствованное
рибонуклеаза,заимствованное
рибонуклеиновыя,заимствованное
рибонуклеотид,заимствованное
рибонуклеотидный,заимствованное
рибосома,заимствованное
рибосомный,заимствованное
рибофлавин,заимствованное
рибофлавиновыя,заимствованное
ригель,заимствованное
ригидность,заимствованное
ригидный,заимствованное
ригоризм,русское
ригористическия,русское
ригористичный,русское
рие,русское
ризалит,заимствованное
ризоид,заимствованное
ризоидный,заимствованное
ризоморф,заимствованное
ризоморфный,заимствованное
ризосфера,заимствованное
ризосферный,заимствованное
ризотто,заимствованное
ризоценоз,заимствованное
рии,заимствованное
рик,русское
рикошет,заимствованное
рикошетировать,заимствованное
рикошетный,заимствованное
рикша,заимствованное
ринг,заимствованное
ринговыя,заимствованное
рингтон,заимствованное
ринит,заимствованное
ринопластика,заимствованное
ринопластическия,заимствованное
риноскоп,заимствованное
риноскопия,заимствованное
рис,русское
риск,заимствованное
рискованный,заимствованное
рисковать,заимствованное
рисовальный,русское
рисовальщик,русское
рисовать,русское
рисоваться,русское
рисовка,русское
ристретто,заимствованное
ристый,русское
рисунок,русское
ритеилера,заимствованное
ритеилерския,заимствованное
ритеить,заимствованное
ритм,заимствованное
ритмика,заимствованное
ритмическия,заимствованное
ритмичность,заимствованное
ритмичный,заимствованное
ритмопластика,русское
риторика,русское
риторическия,русское
риторичный,русское
ритуал,заимствованное
ритуальный,заимствованное
рить,русское
риться,русское
риф,заимствованное
рифить,русское
рифление,заимствованное
рифленый,заимствованное
рифля,заимствованное
рифма,заимствованное
рифмованный,заимствованное
рифмовать,заимствованное
рифмоваться,заимствованное
рифовыя,заимствованное
риформинг,заимствованное
риформинговыя,заимствованное
рихтовать,заимствованное
рка,русское
рковыя,русское
рковь,заимствованное
рма,русское
рмис,заимствованное
рн,заимствованное
рнк,заимствованное
рный,русское
рня,русское
робкия,русское
робот,заимствованное
роботизация,заимствованное
роботизированный,русское
роботизировать,заимствованное
робуста,заимствованное
ров,заимствованное
рование,русское
рованный,русское
ровать,русское
роваться,заимствованное
ровеня,русское
ровесник,русское
ровный,русское
ровнять,русское
рог,заимствованное
рогатый,русское
роговица,русское
роговой,русское
родео,заимствованное
родиевыя,заимствованное
родий,заимствованное
родильный,русское
родина,русское
родитель,русское
родить,русское
родиться,русское
родич,русское
родник,русское
роднить,русское
родниться,русское
родня,русское
родовидовой,русское
родовидовый,русское
родовспомога,русское
родовспомож,русское
родоначальник,русское
родонит,заимствованное
родословный,русское
родственник,русское
родственный,русское
родство,русское
роды,русское
рожа,заимствованное
рождаемость,русское
рождение,русское
рождество,русское
роженица,русское
рожистый,заимствованное
рожок,русское
рожь,русское
розария,заимствованное
розеола,заимствованное
розетка,заимствованное
розница,русское
рознь,русское
розовыя,русское
розыгрыш,русское
розыск,русское
рок,заимствованное
рокабилли,заимствованное
рокария,заимствованное
рокер,заимствованное
рокерския,заимствованное
рокировать,заимствованное
рокироваться,заимствованное
рокировка,заимствованное
роковой,русское
роковыя,заимствованное
рококо,заимствованное
рол,заимствованное
ролик,заимствованное
роликовыя,заимствованное
роликопость,заимствованное
ролкер,русское
ролл,заимствованное
роллер,заимствованное
роллердр,заимствованное
роллерный,заимствованное
роль,заимствованное
рольганг,русское
рольставень,заимствованное
ром,заимствованное
роман,заимствованное
романс,заимствованное
романсный,заимствованное
романтизм,заимствованное
романтика,заимствованное
романтическия,заимствованное
романтичный,заимствованное
ромашка,русское
ромб,заимствованное
ромбовидный,русское
ромовыя,заимствованное
ромштекс,заимствованное
рондо,заимствованное
ронять,русское
ропот,русское
роптать,русское
роро,заимствованное
роса,русское
роскошный,русское
роскошь,русское
рослый,русское
роспись,русское
россииския,русское
россиянин,русское
россыпь,русское
рост,русское
ростбиф,заимствованное
ростверк,заимствованное
ростер,заимствованное
ростовщичество,русское
росток,русское
ростомер,русское
ростр,заимствованное
ростральный,заимствованное
рострума,заимствованное
росчерк,русское
рот,заимствованное
рота,русское
ротанг,заимствованное
ротанговыя,заимствованное
ротатор,русское
ротационный,заимствованное
ротация,заимствованное
ротировать,заимствованное
ротный,русское
ротонда,заимствованное
ротор,заимствованное
роторный,заимствованное
роуминг,заимствованное
роуминговыя,заимствованное
роутер,заимствованное
роутерный,заимствованное
рочный,русское
роялизм,русское
роялист,русское
роялти,заимствованное
рояль,заимствованное
рояльный,заимствованное
рп,заимствованное
рпкия,русское
рс,заимствованное
рския,русское
рст,русское
рственный,русское
рствие,русское
рство,русское
рсфср,русское
рсы,русское
рт,заимствованное
ртвовать,русское
ртить,русское
ртия,заимствованное
ртникнуть,русское
ртность,русское
ртный,русское
ртутный,русское
ртуть,русское
рубашка,русское
рубеж,русское
рубероид,заимствованное
рубероидный,заимствованное
рубероидовыя,заимствованное
рубец,русское
рубидиевыя,заимствованное
рубидий,заимствованное
рубильник,русское
рубильный,русское
рубин,заимствованное
рубиновыя,заимствованное
рубить,русское
рубка,русское
рублевыя,русское
рубленый,русское
рубль,русское
рубрика,заимствованное
рубрикатор,русское
рубрикация,заимствованное
ругань,русское
ругательный,русское
ругательство,русское
ругать,русское
ругаться,русское
руда,русское
рудимент,заимствованное
рудиментарность,заимствованное
рудиментарный,заимствованное
рудник,русское
ружьё,русское
руина,заимствованное
рукав,русское
руководитель,русское
руководить,заимствованное
руководство,русское
руководствоваться,русское
рукопашный,русское
рукопись,русское
рукопожатие,русское
рукотворный,русское
рукоятка,русское
рукоять,русское
рулада,заимствованное
рулевой,русское
рулет,заимствованное
рулетка,заимствованное
рулить,русское
рулон,заимствованное
рулонный,заимствованное
руль,заимствованное
румб,заимствованное
руна,заимствованное
рундук,заимствованное
руническия,заимствованное
рунный,заимствованное
русист,русское
русистика,русское
русифицировать,русское
русло,русское
русофобия,русское
русский,русское
русския,русское
русскоязычный,русское
руст,заимствованное
рустика,заимствованное
рустикальный,заимствованное
рустичный,заимствованное
рустовать,заимствованное
русь,заимствованное
рутениевыя,заимствованное
рутений,заимствованное
рутина,заимствованное
рутинный,заимствованное
рухнуть,русское
ручательство,русское
ручаться,русское
ручей,русское
ручка,русское
рушить,русское
рушиться,русское
рующие,русское
рф,заимствованное
рхностный,русское
ршалый,русское
ры,русское
рыба,русское
рыбак,русское
рыбалка,русское
рыбка,русское
рыбный,русское
рыбоводный,русское
рыбоводство,русское
рыболов,русское
рыболовецкия,русское
рыболовство,русское
рыбообраб,русское
рыбоперераб,русское
рывок,русское
рыжие,русское
рыи,русское
рынок,русское
рысь,русское
рых,русское
рыцарския,заимствованное
рыцарственный,заимствованное
рыцарство,заимствованное
рыцарь,заимствованное
рычаг,русское
рь,заимствованное
рэ,заимствованное
рэкетир,заимствованное
рэкетирския,заимствованное
рэп,заимствованное
рюкзак,заимствованное
рюш,заимствованное
ря,русское
ряд,русское
рядность,русское
рядный,русское
рядовой,русское
рянный,русское
с,русское
са,заимствованное
сабантуй,русское
сабвуфер,заимствованное
сабля,русское
сабо,заимствованное
саботаж,заимствованное
саботажник,русское
саботировать,заимствованное
сагиттальный,русское
сад,заимствованное
садизм,русское
садик,русское
садист,русское
садка,русское
саднить,русское
садовод,русское
садоводство,русское
садовоогоро,русское
садовоп,русское
садовыя,русское
сажа,русское
сажать,русское
саженец,русское
саидинга,заимствованное
саидинговыя,заимствованное
саит,заимствованное
саитовыя,заимствованное
саквояж,русское
сакрализация,русское
сакральный,русское
сакраментальный,русское
саксофон,заимствованное
саксофонист,заимствованное
саксофонный,заимствованное
салат,русское
сало,заимствованное
салон,русское
салф,русское
салфетка,русское
сальдировать,русское
сальдо,заимствованное
сальдовыя,заимствованное
сальмонелла,русское
сальник,русское
сальса,заимствованное
сальто,заимствованное
салют,русское
салями,заимствованное
самба,заимствованное
самбо,русское
самец,русское
самка,русское
саммит,заимствованное
самоанализ,русское
самобытный,русское
самовластие,русское
самовластный,русское
самовлюбленный,русское
самовнушение,русское
самовозбуждение,русское
самовозгореться,русское
самовольный,русское
самовоспитание,русское
самовоспламенить,заимствованное
самовосхваление,русское
самовыдвиже,русское
самовыражаться,русское
самовыражение,русское
самогипноз,русское
самодвижущиися,русское
самодеиствующие,русское
самодельный,русское
самодержавие,русское
самодержавный,русское
самодержец,русское
самодеятельность,русское
самодеятельный,русское
самодисциплина,русское
самодовлеющие,русское
самодовольный,русское
самодовольство,русское
самодостаточный,русское
самоз,русское
самозабвение,русское
самозабвенный,русское
самозагрузить,русское
самозагрузиться,русское
самозанятость,русское
самозанятый,русское
самозарядный,русское
самозащита,русское
самозванец,русское
самозванство,русское
самозваный,русское
самоизоляция,русское
самоистребление,русское
самоклеящиися,русское
самоконтроль,русское
самокритическия,русское
самокритичный,русское
самолетамфибия,русское
самолечение,русское
самоликвидация,русское
самоликвидироваться,русское
самоличность,русское
самолюбивыя,русское
самолюбие,русское
самолёт,русское
самолётовождение,русское
самолётовылет,русское
самолётостроение,русское
самомассаж,русское
самомнение,русское
самонаблюдение,русское
самонаводящиися,русское
самонагревание,русское
самонагреваться,русское
самонадеянный,русское
самоназвание,русское
самонаклад,русское
самообвинение,русское
самообеспечение,русское
самообеспечиваться,русское
самообладание,русское
самообложение,русское
самообман,русское
самообновиться,русское
самообогащение,русское
самообольщение,русское
самооборона,русское
самообразование,русское
самообслуживание,русское
самообучение,русское
самооговор,русское
самоограничение,русское
самоокупаемость,русское
самоокупаемый,русское
самооправдание,русское
самоопределение,русское
самоопределиться,русское
самоопрокидывающиися,русское
самоопылитель,русское
самоорганизация,русское
самоорганизоваться,русское
самоосвобождение,русское
самоосуществиться,русское
самоотва,русское
самоотвержение,русское
самоотверженный,русское
самоотвод,русское
самоотравление,русское
самоотречение,русское
самоотрицание,русское
самоотчёт,русское
самоохрана,русское
самооценка,русское
самоочевидный,русское
самоочищаться,русское
самоочищение,русское
самоощущение,русское
самописец,русское
самопишущие,русское
самоподаватель,русское
самоподготовка,русское
самопожертвование,русское
самопознание,русское
самопомощь,русское
самопроверка,русское
самопроизвольный,русское
саморазвивающиися,русское
саморазвитие,русское
саморазгружающиися,русское
саморазложение,русское
саморазоблачение,русское
самореализоваться,русское
саморегулирование,русское
саморегулироваться,русское
саморегулируемый,русское
саморегулирующиися,русское
саморегуляция,русское
самореклама,русское
самородный,русское
самородок,русское
самосвал,русское
самосветящиися,русское
самосинхронизация,русское
самоснабжение,русское
самосовершенствование,русское
самосовершенствоваться,русское
самосогревание,русское
самосожжение,русское
самосозерцание,русское
самосознание,русское
самосохранение,русское
самостииный,русское
самостоятельный,русское
самостр,русское
самострел,русское
самострельный,русское
самость,русское
самосуд,русское
самотаска,русское
самотёк,русское
самоубииственный,русское
самоубииство,русское
самоубиица,русское
самоуважение,русское
самоуверенный,русское
самоудовлетворение,русское
самоунижение,русское
самоуничижение,русское
самоуничижительный,русское
самоуничтожение,русское
самоуплотниться,русское
самоуправление,русское
самоуправляемый,русское
самоуправный,русское
самоуправство,русское
самоуправствовать,русское
самоуспокоение,русское
самоуспокоенность,русское
самоуспокоиться,русское
самоустраниться,русское
самоутвердиться,русское
самоутверждение,русское
самоучитель,русское
самофинансирование,русское
самоходный,русское
самоходчик,русское
самоцель,русское
самочинный,русское
самочувствие,русское
сан,русское
санаторий,заимствованное
санаторнокурортный,русское
санаторный,заимствованное
санационный,заимствованное
санация,заимствованное
сангвиник,заимствованное
сангвиническия,заимствованное
сангха,заимствованное
сандал,заимствованное
сандалета,заимствованное
сандалия,заимствованное
сандаловыя,заимствованное
сандвич,заимствованное
сандрик,русское
санинсп,русское
санинструктор,русское
санировать,заимствованное
санитар,заимствованное
санитария,заимствованное
санитарка,русское
санитарный,заимствованное
санкционировать,заимствованное
санкционный,заимствованное
санкция,заимствованное
санобрабо,заимствованное
саночник,русское
санпропускнуть,русское
сансар,заимствованное
сантиметр,русское
санча,русское
санэпид,русское
сап,заимствованное
саперный,русское
сапонин,русское
сапроба,заимствованное
сапробионт,заимствованное
сапробность,заимствованное
сапробный,заимствованное
сапропелевыя,заимствованное
сапропелит,заимствованное
сапропелитовыя,заимствованное
сапропель,заимствованное
сапротроф,заимствованное
сапротрофный,заимствованное
сапрофаг,заимствованное
сапрофит,заимствованное
сапрофитный,заимствованное
сапрофитовыя,заимствованное
сапфир,заимствованное
сапфирный,заимствованное
сапфировыя,заимствованное
сапёр,русское
сарай,русское
сарделька,заимствованное
сардина,заимствованное
сардоническия,русское
саржа,заимствованное
саржевыя,заимствованное
сарказм,русское
саркастическия,русское
саркастичный,русское
саркома,заимствованное
саркофаг,заимствованное
сатана,заимствованное
сатанизм,заимствованное
сатанинския,заимствованное
сатанист,заимствованное
сателлит,заимствованное
сателлитный,заимствованное
сатина,заимствованное
сатиновыя,заимствованное
сатира,русское
сатирик,русское
сатисфакция,заимствованное
сатрап,русское
сатуратор,заимствованное
сатурация,заимствованное
сауна,русское
саундтрек,заимствованное
сахар,русское
сахариметр,русское
сахарин,русское
сахаристый,русское
сахарный,русское
сахароза,заимствованное
сахаропонизать,русское
сацивить,заимствованное
саша,заимствованное
сбалансированность,русское
сбалансировать,русское
сбежать,русское
сберегательный,русское
сбережение,русское
сберечь,русское
сбить,русское
сблизить,русское
сблизиться,русское
сблокировать,русское
сблокироваться,русское
сбоик,русское
сбоить,русское
сбой,русское
сбор,русское
сборник,русское
сборный,русское
сборочный,русское
сборщик,русское
сбро,русское
сброс,русское
сбросить,русское
сброшюровать,русское
сбыть,русское
сбыться,русское
св,русское
свадебный,русское
свадьба,русское
свалить,русское
свалиться,русское
свалка,русское
сварить,русское
сварка,русское
сварливыя,русское
сварной,русское
сварщик,русское
свастика,русское
сватать,русское
сватовство,русское
свая,русское
све,русское
сведение,русское
сведущие,русское
свежесть,русское
свежеть,русское
свежие,русское
свезти,русское
свекровь,русское
свергаться,русское
свергнуть,русское
сверить,русское
сверка,русское
сверление,русское
сверлить,русское
сверло,русское
сверловка,русское
свернуть,русское
свернуться,русское
сверстать,русское
сверстник,русское
сверхдержать,русское
сверхзад,русское
сверхзвуковый,русское
сверхкомпл,русское
сверхний,русское
сверхнормати,русское
сверхпла,русское
сверхпро,русское
сверхпроводить,русское
сверхсить,русское
сверхсло,русское
сверхсро,русское
сверхтвердый,русское
сверхтека,русское
сверхтяжелый,русское
сверхуро,русское
сверхчелов,русское
сверхшта,русское
сверхъест,русское
свершение,русское
свершить,русское
свершиться,русское
свес,русское
свесить,русское
свеситься,русское
свести,русское
свестись,русское
свет,русское
светать,русское
светильник,русское
светимость,русское
светить,русское
светиться,русское
светлеть,русское
светловать,русское
светлый,русское
светобой,русское
световод,русское
светомаскиро,русское
светоотдача,русское
светоотражающие,русское
светосила,русское
светосильный,русское
светота,русское
светотень,русское
светофильтр,русское
светофор,русское
светския,русское
свеча,русское
свечение,русское
свечка,русское
свидание,русское
свидетель,русское
свидетельство,русское
свидетельствовать,русское
свинг,заимствованное
свингер,заимствованное
свинговыя,заимствованное
свинец,русское
свинка,русское
свиноводство,русское
свиной,русское
свинцо,русское
свинцовыя,русское
свинья,русское
свирепствовать,русское
свирепый,русское
свисать,русское
свист,русское
свисток,русское
свита,русское
свитер,русское
свитшота,заимствованное
свитя,заимствованное
свищ,русское
своб,русское
свобода,русское
свободный,русское
свободолюбивыя,русское
свободолюбие,русское
свободолюбить,русское
свободоля,русское
свободомыслие,русское
свободомыслящие,русское
свод,русское
сводить,русское
сводиться,русское
сводка,русское
сводничество,русское
сводный,русское
сводчатый,русское
своевластный,русское
своеволие,русское
своевольный,русское
своевременный,русское
своекорыстный,русское
своенравный,русское
своеобразие,русское
своеобразный,русское
своиственник,русское
своиственность,русское
своиственный,русское
своиство,русское
своп,заимствованное
свыкнуться,русское
связанность,русское
связанный,русское
связать,русское
связаться,русское
связка,русское
связный,русское
связующие,русское
связывать,русское
связь,русское
святитель,русское
святыня,русское
священник,русское
священнослужитель,русское
священный,русское
свёкла,русское
свёкор,русское
свёртываемость,русское
сгладить,русское
сгладиться,русское
сговор,русское
сговорчивыя,русское
сгоре,русское
сгореть,русское
сгруппировать,русское
сгруппироваться,русское
сгуститель,русское
сгустить,русское
сгуститься,русское
сгусток,русское
сгущение,русское
сгущённость,русское
сдаваться,русское
сдавленность,русское
сдатчик,русское
сдать,русское
сдаться,русское
сдача,русское
сдвиг,русское
сдвинуть,русское
сдвинуться,русское
сде,русское
сделать,русское
сделаться,русское
сделка,русское
сдельный,русское
сдержанный,русское
сдержать,русское
сдержаться,русское
сдерживание,русское
сдобный,русское
сдружиться,русское
сеанс,заимствованное
сеансовыя,заимствованное
себестоимость,русское
север,русское
северный,русское
северовостый,русское
североза,русское
сегмент,заимствованное
сегментация,заимствованное
сегментировать,заимствованное
сегментироваться,заимствованное
сегментный,заимствованное
сегодня,русское
сегрегационный,заимствованное
сегрегация,заимствованное
седативный,русское
седать,русское
седиментационный,заимствованное
седиментация,заимствованное
седло,русское
седьмои,русское
сезон,русское
сезонный,русское
сеисмическия,заимствованное
сеисмичность,заимствованное
сеисмичный,заимствованное
сеисмо,заимствованное
сеисмоактивный,заимствованное
сеисмограмма,заимствованное
сеисмограф,заимствованное
сеисмографическия,заимствованное
сеисмография,заимствованное
сеисмолог,заимствованное
сеисмологическия,заимствованное
сеисмология,заимствованное
сеисмометр,заимствованное
сеисмометрическия,заимствованное
сеисмометрия,заимствованное
сеисмостоикия,русское
сеить,русское
сеиф,русское
сейчас,русское
секанс,заимствованное
секатор,заимствованное
секаторный,заимствованное
секвестирование,заимствованное
секвестировать,заимствованное
секвестр,заимствованное
секвестрировать,русское
секрет,заимствованное
секретариат,русское
секретарь,заимствованное
секретировать,заимствованное
секретный,русское
секреторный,заимствованное
секреция,заимствованное
секс,заимствованное
сексизм,заимствованное
сексолог,русское
сексологическия,заимствованное
сексология,заимствованное
сексопатологическия,заимствованное
сексопатология,заимствованное
сексотерапевтическия,заимствованное
сексотерапия,заимствованное
секста,заимствованное
секстет,заимствованное
секстетный,заимствованное
сексуализация,заимствованное
сексуальность,русское
сексуальный,заимствованное
секта,заимствованное
сектант,заимствованное
сектантство,русское
сектор,заимствованное
секуляризация,русское
секуляризировать,русское
секуляризовать,русское
секулярный,заимствованное
секунда,заимствованное
секундант,заимствованное
секундантския,заимствованное
секундарный,русское
секундный,русское
секундомер,русское
секундометрист,русское
секущие,русское
секционный,заимствованное
секция,заимствованное
селезёнка,русское
селективный,русское
селектор,русское
селекционер,заимствованное
селекционировать,заимствованное
селекционный,заимствованное
селекция,заимствованное
селен,заимствованное
селение,русское
селенит,русское
селеновыя,заимствованное
селитебный,русское
селитра,русское
селить,русское
селитьба,русское
селиться,русское
селище,русское
село,русское
сель,русское
сельдерей,русское
сельдь,заимствованное
сельдёр,заимствованное
сельскохозить,русское
сельсова,русское
сельха,русское
сельхозмахать,русское
сельхознать,русское
сельхозт,русское
сельчанин,русское
селянин,русское
семантика,заимствованное
семантическия,заимствованное
семафор,русское
семеиный,русское
семеиственный,русское
семеиство,русское
семенник,русское
семенной,русское
семеновод,русское
семеноводство,русское
семестр,заимствованное
семестровыя,заимствованное
семидесятилетие,русское
семидесятилетние,русское
семидневный,русское
семизначный,русское
семилетние,русское
семинар,заимствованное
семинарист,заимствованное
семинария,заимствованное
семиотика,заимствованное
семиотическия,заимствованное
семнадцать,русское
семпл,заимствованное
семплера,заимствованное
семплерный,заимствованное
семплинга,заимствованное
семплирование,заимствованное
семплировать,заимствованное
семь,русское
семьдесят,русское
семьсот,русское
семья,русское
семьянин,русское
семя,заимствованное
семядоля,русское
сенат,заимствованное
сенатор,заимствованное
сенаторство,русское
сено,заимствованное
сенокос,русское
сенсационный,заимствованное
сенсация,заимствованное
сенсибилизатор,русское
сенсибилизировать,русское
сенситивный,заимствованное
сенсор,заимствованное
сенсорика,русское
сенсорный,заимствованное
сенсуализм,заимствованное
сенсуалист,русское
сентенция,русское
сентиментальность,русское
сентиментальный,русское
сеньор,русское
сепаратизм,заимствованное
сепаратист,заимствованное
сепаратистския,заимствованное
сепаратный,русское
сепаратор,русское
сепарация,русское
сепарировать,русское
сепсис,заимствованное
септик,заимствованное
септическия,заимствованное
сера,русское
серада,русское
сераделла,русское
сервелат,заимствованное
сервер,заимствованное
серверный,заимствованное
сервиз,заимствованное
сервилизм,русское
сервильный,русское
сервировать,заимствованное
сервировка,русское
сервировочный,русское
сервис,заимствованное
сервисец,русское
сервисный,заимствованное
сервитут,заимствованное
сервомото,русское
сердечник,русское
сердечный,русское
сердитость,русское
сердитый,русское
сердиться,русское
сердобольный,русское
сердце,заимствованное
сердцебиение,русское
сердцевидный,русское
сердцевина,русское
сердцевинный,русское
сердцевить,заимствованное
сердый,русское
серебристый,русское
серебрить,русское
серебро,русское
сереброплавильный,русское
серебряный,русское
серединный,русское
сержант,русское
сериал,заимствованное
сериальный,заимствованное
серииный,заимствованное
серия,заимствованное
сернистый,русское
сернокислый,русское
серный,русское
сероводоро,русское
серозный,русское
серозём,русское
серость,русское
серотонин,заимствованное
сероуглеро,русское
серпантин,заимствованное
серпентарий,заимствованное
серпентин,заимствованное
серповидный,русское
сертификат,заимствованное
сертификация,заимствованное
сертифицировать,заимствованное
серф,заимствованное
серфингист,заимствованное
серфинговыя,заимствованное
серый,русское
серьга,русское
серьезный,русское
сессионный,заимствованное
сессия,заимствованное
сестра,русское
сестринство,русское
сесть,русское
сет,заимствованное
сетевяз,русское
сетка,русское
сетовать,русское
сетчатка,русское
сетчатый,русское
сеть,русское
сец,русское
сецессионный,заимствованное
сецессия,заимствованное
сечение,русское
сечь,русское
сеялка,русское
сеяный,русское
сеять,русское
сжатие,русское
сжатый,русское
сжать,русское
сжаться,русское
сжечь,русское
сжечься,русское
сжидить,русское
сжимаемость,русское
си,русское
сиб,русское
сигара,заимствованное
сигарета,заимствованное
сигарилла,заимствованное
сигмовидный,русское
сигмовить,русское
сигнал,заимствованное
сигнализатор,русское
сигнализация,заимствованное
сигнализировать,заимствованное
сигналить,русское
сигнальный,заимствованное
сигнальщик,русское
сигнатура,заимствованное
сигнатурный,заимствованное
сиделка,русское
сидение,русское
сидерий,заимствованное
сидеть,русское
сидр,заимствованное
сидячий,русское
сие,заимствованное
сиенит,русское
сиквел,заимствованное
сиккатив,русское
сикх,заимствованное
сикхизм,заимствованное
сикхския,заимствованное
сила,русское
силикат,заимствованное
силикатный,заимствованное
силикоз,русское
силикон,русское
силлабическия,русское
силлогизм,заимствованное
силлогистика,русское
силлогическия,заимствованное
силовик,русское
силовой,русское
силос,заимствованное
силосный,заимствованное
силосовать,русское
силосоубый,русское
силур,заимствованное
силурииския,заимствованное
силуэ,заимствованное
силуэт,русское
сильногазиро,заимствованное
сильный,русское
симбиоз,заимствованное
симбиозный,заимствованное
симбионт,заимствованное
симбионтный,заимствованное
симбиотическия,заимствованное
символ,заимствованное
символиза,русское
символизация,русское
символизировать,русское
символизм,русское
символика,русское
символическия,заимствованное
символичный,заимствованное
символьный,заимствованное
симметрическия,заимствованное
симметричный,заимствованное
симметрия,заимствованное
симпатизировать,русское
симпатическия,заимствованное
симпатичный,заимствованное
симпатия,заимствованное
симпозиум,заимствованное
симптом,заимствованное
симптоматика,заимствованное
симптоматическия,заимствованное
симптоматичный,заимствованное
симулировать,русское
симультанный,русское
симулянт,русское
симуляция,русское
симфоническия,заимствованное
симфония,заимствованное
симфорок,заимствованное
симфороковыя,заимствованное
синагога,заимствованное
синагогальный,заимствованное
сингл,заимствованное
сингулярность,заимствованное
сингулярный,заимствованное
синдикализм,русское
синдикалист,русское
синдикат,русское
синдром,заимствованное
синдромный,заимствованное
синек,русское
синекура,русское
синерг,русское
синергетика,заимствованное
синергетическия,заимствованное
синергизм,заимствованное
синергист,заимствованное
синергическия,заимствованное
синергичность,заимствованное
синергичный,заимствованное
синергия,заимствованное
синии,русское
синклит,русское
синкопа,заимствованное
синкопированный,заимствованное
синкопировать,заимствованное
синкопическия,заимствованное
синкретизм,русское
синод,заимствованное
синодальный,заимствованное
синолог,русское
синоним,русское
синонимичность,русское
синонимия,русское
синопсис,русское
синоптик,русское
синтагма,русское
синтагматика,русское
синтаксис,заимствованное
синтаксическия,заимствованное
синтез,заимствованное
синтезатор,заимствованное
синтезаторный,заимствованное
синтезировать,заимствованное
синтезироваться,заимствованное
синтезный,заимствованное
синтепон,русское
синтетик,заимствованное
синтетическия,заимствованное
синус,заимствованное
синусит,заимствованное
синусоида,заимствованное
синусоидальный,заимствованное
синхро,русское
синхронизатор,русское
синхронизация,заимствованное
синхронизировать,заимствованное
синхронизм,русское
синхронист,заимствованное
синхронить,русское
синхроническия,заимствованное
синхрония,заимствованное
синхронный,заимствованное
синхротрон,заимствованное
синхрофазотрон,заимствованное
синька,русское
синэкологическия,заимствованное
синэкология,заимствованное
синяк,русское
сионизм,заимствованное
сионист,заимствованное
сионистския,заимствованное
сирена,заимствованное
сироп,русское
сирота,русское
сиротливыя,русское
сиротския,русское
сиротство,русское
система,заимствованное
системати,русское
систематизатор,русское
систематизация,заимствованное
систематизировать,заимствованное
систематик,русское
систематическия,заимствованное
систематичный,заимствованное
системный,заимствованное
системота,русское
систола,заимствованное
ситилаит,заимствованное
ситком,заимствованное
сито,русское
ситуативный,русское
ситуационный,заимствованное
ситуация,заимствованное
ситценабивный,русское
сить,русское
сифилис,русское
сифон,заимствованное
сица,русское
сиюминутный,русское
сияние,русское
ск,русское
ска,русское
скабиоза,русское
скабрезный,русское
сказ,русское
сказание,русское
сказать,русское
сказаться,русское
сказка,русское
сказочный,русское
сказуемое,русское
скаидаивер,заимствованное
скаидаивинг,заимствованное
скаисерф,заимствованное
скаисерфингист,заимствованное
скаисёрфер,заимствованное
скаисёрфинг,заимствованное
скакалка,русское
скакать,русское
скаковой,русское
скала,русское
скалькировать,русское
скалькулировать,русское
скальный,русское
скальп,заимствованное
скальпель,заимствованное
скальпировать,русское
скаляр,заимствованное
скалярный,заимствованное
скамеик,русское
скамья,русское
скан,заимствованное
скандал,русское
скандализировать,русское
скандалить,русское
скандальный,русское
скандий,русское
скандинав,русское
скандировать,русское
сканер,заимствованное
сканирование,заимствованное
сканировать,заимствованное
скарлатина,русское
скат,русское
скатать,русское
скатертный,русское
скатерть,русское
скатить,русское
скатиться,русское
скатка,русское
скатывание,русское
скаут,заимствованное
скаутския,заимствованное
скачкообразный,русское
скачок,русское
скважина,русское
сквасить,русское
сквер,заимствованное
скверна,русское
сквернослов,русское
сквернословие,русское
сквернословить,русское
скверный,русское
сквозной,русское
сквозняк,русское
сквош,заимствованное
сквошистый,заимствованное
сквошный,заимствованное
скеитборд,заимствованное
скеитбординг,заимствованное
скеитбординговыя,заимствованное
скеитбордист,заимствованное
скеитбордистския,заимствованное
скеитерския,заимствованное
скеитинг,заимствованное
скелет,заимствованное
скелетный,заимствованное
скелетон,заимствованное
скелетонист,заимствованное
скелетонный,заимствованное
скепсис,русское
скептик,заимствованное
скептить,заимствованное
скептицизм,заимствованное
скептическия,заимствованное
скептичный,русское
скерцо,заимствованное
скетч,заимствованное
скетчевыя,заимствованное
скетчистый,заимствованное
ски,заимствованное
скиатлонист,заимствованное
скиатлонный,заимствованное
скиатлоно,заимствованное
скидка,русское
скииоринг,заимствованное
скииорингист,заимствованное
скиммера,заимствованное
скимминг,заимствованное
скинуть,русское
скип,заимствованное
скипидар,русское
скит,заимствованное
скл,заимствованное
склад,русское
складировать,русское
складка,русское
складный,русское
складчатый,русское
склера,русское
склеренхима,заимствованное
склероз,заимствованное
склерома,русское
склока,русское
склонение,русское
склонить,русское
склониться,русское
склонность,русское
склонный,русское
склонять,русское
склоняться,русское
ско,русское
скоба,русское
скобка,русское
скобочный,русское
скобяной,русское
скованный,русское
сковать,русское
сковаться,русское
сковка,русское
скол,заимствованное
сколиоз,русское
сколотить,русское
сколоть,русское
сколоться,русское
скользить,русское
скользкия,русское
скользнуть,русское
сколько,русское
скомандовать,русское
скомбинировать,русское
скомкать,русское
скомпилировать,русское
скомплектовать,русское
скомпоновать,русское
скомпрометировать,русское
сконденсировать,русское
сконденсироваться,русское
сконденсь,русское
сконструировать,русское
сконцентрировать,русское
сконцентрироваться,русское
скончаться,русское
скооперировать,русское
скооперироваться,русское
скоординированный,русское
скоординировать,русское
скоп,заимствованное
скопировать,русское
скопить,русское
скопиться,русское
скопление,русское
скорбеть,русское
скорбный,русское
скорбь,русское
скорлупа,русское
скороподъёмность,русское
скоропортящиися,русское
скоропостижный,русское
скороспелый,русское
скоростемер,русское
скоростноить,русское
скорострельность,русское
скорострельный,русское
скорость,русское
скоросшиватель,русское
скоротечный,русское
скорпион,русское
скорректировать,русское
скорчить,русское
скорый,русское
скос,заимствованное
скосить,русское
скот,русское
скотоводство,русское
скотозаготовительный,русское
скотома,русское
скотомогильник,русское
скотч,заимствованное
скотчевыя,заимствованное
скочить,русское
скраб,заимствованное
скрадывать,русское
скрадываться,русское
скрапбукинг,заимствованное
скребковыя,русское
скреп,русское
скрепер,заимствованное
скрепить,русское
скрепиться,русское
скрепка,русское
скрепление,русское
скрести,русское
скрестить,русское
скреститься,русское
скрестный,русское
скрещение,русское
скрещивание,русское
скрижаль,русское
скрининг,русское
скриншот,заимствованное
скрип,русское
скроить,русское
скромность,русское
скромный,русское
скруббер,заимствованное
скруглить,русское
скрупулезный,заимствованное
скрутить,русское
скрутиться,русское
скрывать,русское
скрываться,русское
скрытный,русское
скрыть,русское
скрыться,русское
ску,заимствованное
скудеть,русское
скудный,русское
скудоумие,русское
скула,русское
скульптор,заимствованное
скульптура,заимствованное
скульптурный,заимствованное
скупать,русское
скупить,русское
скупиться,русское
скупка,русское
скупоить,русское
скупщик,русское
скутер,заимствованное
скутерист,заимствованное
скутерския,заимствованное
скучать,русское
скученный,русское
скучный,русское
скушать,русское
сл,русское
сла,русское
слаба,русское
слабеть,русское
слабительный,русское
слабнуть,русское
слабов,русское
слабовидящие,русское
слабоволие,русское
слабовольный,русское
слабодушие,русское
слабока,русское
слабонервный,русское
слабосилие,русское
слабосильный,русское
слабослышащие,русское
слабость,русское
слаботочный,русское
слабоумие,русское
слабоумный,русское
слабоуспев,русское
слабохарактерный,русское
слабый,русское
славист,русское
славить,русское
славиться,русское
славный,русское
славянофил,русское
славянофильство,русское
славянския,русское
слагаться,русское
сладкия,русское
сладострастие,русское
сладострастный,русское
сладость,русское
слаида,заимствованное
слаидер,заимствованное
слаидерный,заимствованное
слаидовыя,русское
слаисер,заимствованное
слакс,заимствованное
слалом,заимствованное
слаломист,заимствованное
слаломный,заимствованное
сланец,русское
слать,русское
слега,русское
след,русское
следж,заимствованное
следить,русское
следователь,русское
следовать,русское
следствие,русское
следуемый,русское
следующие,русское
слежаться,русское
слеза,русское
слезать,русское
слезливыя,русское
слезный,русское
слезотечение,русское
слезоточивыя,русское
слезть,русское
сленг,заимствованное
слепец,русское
слепить,русское
слепнуть,русское
слепоить,русское
слепок,русское
слепота,заимствованное
слесарный,русское
слетать,русское
слетаться,русское
слететь,русское
слететься,русское
слечь,русское
слеш,заимствованное
сли,русское
слив,русское
слизистый,русское
слизь,русское
слип,заимствованное
слипаться,русское
слиперы,заимствованное
слипон,заимствованное
слитный,русское
слиток,русское
слить,русское
слиться,русское
сличительный,русское
сличить,русское
сличный,русское
слияние,русское
словарь,русское
словесность,русское
словесный,русское
словник,русское
слово,русское
словообразование,русское
словопроизводство,русское
словосочёт,русское
словотворческия,русское
словоформа,русское
слог,русское
слоган,заимствованное
сложение,русское
сложенный,русское
сложить,русское
сложиться,русское
сложноорганизованный,русское
сложносочиненный,русское
сложность,русское
сложноцветный,русское
сложный,русское
слоистый,русское
слоить,русское
слоиться,русское
слой,русское
слом,русское
сломать,русское
сломаться,русское
сломить,русское
слон,русское
слот,заимствованное
слоупстаилер,заимствованное
слоупстаиловыя,заимствованное
слоупстаить,заимствованное
слуга,русское
служа,русское
служанка,русское
служащие,русское
служба,русское
служебный,русское
служение,русское
служитель,русское
служить,русское
слух,русское
слуховой,русское
случаиность,русское
случаиный,русское
случай,русское
случить,русское
случиться,русское
слушатель,русское
слушательския,русское
слушать,русское
слушаться,русское
слы,русское
слый,русское
слыть,русское
слышать,русское
слышаться,русское
слышимость,русское
слышный,русское
слюда,русское
слюдинит,русское
слюна,русское
сляб,заимствованное
слякоть,русское
слёт,русское
смазать,русское
смазаться,русское
смазка,русское
смазной,русское
смальта,русское
смарт,заимствованное
смартфон,заимствованное
смартфонный,заимствованное
смахнуть,русское
смачиваемость,русское
смачиватель,русское
сме,заимствованное
смежить,русское
смежник,русское
смежный,русское
смелость,русское
смелый,русское
смельчак,русское
смена,русское
сменить,русское
смениться,русское
сменность,русское
сменный,русское
сменщик,русское
сменяемость,русское
смертельный,русское
смертник,русское
смертность,русское
смертный,русское
смертоносный,русское
смертоубииственный,русское
смерть,русское
смерч,русское
смесеобразование,русское
смеситель,русское
смесовыя,русское
сместить,русское
сместиться,русское
смесь,русское
смета,русское
сметать,русское
сметливыя,русское
сметь,русское
смехотворный,русское
смеш,русское
смешанный,русское
смешать,русское
смешаться,русское
смешение,русское
смешиваемость,русское
смешить,русское
смешливыя,русское
смешной,русское
смеяться,русское
сми,заимствованное
смирение,русское
смиренный,русское
смиритель,русское
смирительный,русское
смирить,русское
смириться,русское
смирный,русское
смоговыя,заимствованное
смоделировать,русское
смола,русское
смонтировать,русское
сморкаться,русское
сморщить,русское
сморщиться,русское
смотать,русское
смотр,русское
смотреть,русское
смотреться,русское
смотрины,русское
смотритель,русское
смочить,русское
смочь,заимствованное
смрад,русское
смрадный,русское
смрити,заимствованное
смс,заимствованное
смузи,заимствованное
смута,русское
смутить,русское
смутиться,русское
смутный,русское
смущение,русское
смывка,русское
смывной,русское
смывочный,русское
смысл,русское
смыть,русское
смыться,русское
смычок,русское
смягчающие,русское
смягчение,русское
смягченный,русское
смягчитель,русское
смягчить,русское
смягчиться,русское
смятение,русское
смять,русское
смяться,русское
смёрзнуться,русское
смётка,русское
сн,русское
снабдить,русское
снабжение,русское
снаипер,русское
снаряд,русское
снарядить,русское
снарядиться,русское
снаряж,русское
снаряжение,русское
снасть,русское
снг,русское
снег,русское
снегирь,русское
снеговал,русское
снеголом,русское
снегомер,русское
снегоочистить,русское
снегопад,русское
снегоступ,русское
снеготаялка,русское
снеготаяние,русское
снегоуборщик,русское
снегоубый,русское
снегоход,русское
снежный,русское
снести,русское
снестись,русское
снизить,русское
снизиться,русское
снизоить,русское
сникнуть,русское
сникёрса,заимствованное
снискать,русское
снисходительный,русское
снисхождение,русское
сновидение,русское
сноп,русское
сноркелинг,заимствованное
сноро,русское
сноровка,русское
снос,заимствованное
сноска,русское
сность,русское
снотворный,русское
сноуборд,заимствованное
сноубординг,заимствованное
сноубордист,заимствованное
сноубордистския,заимствованное
сноукаитер,заимствованное
сноукаитинг,заимствованное
сноха,русское
сношение,русское
сный,русское
снький,заимствованное
снятие,русское
снять,русское
сняться,русское
соавтор,русское
соавторство,русское
соарендатор,русское
соб,русское
собака,русское
собаководство,русское
собачий,русское
собачка,русское
собес,русское
собеседник,русское
собеседование,русское
собеседовать,русское
собиратель,русское
собирательный,русское
собирательство,русское
соблазн,русское
соблазнитель,русское
соблазнительный,русское
соблазнить,русское
соблазниться,русское
соблюдать,русское
соболезнование,русское
соболезновать,русское
соболь,русское
собор,русское
соборность,русское
собрание,русское
собранный,русское
собрат,русское
собрать,русское
собраться,русское
собственник,русское
собственноручный,русское
собственность,русское
собственный,русское
событие,русское
сова,русское
совать,русское
соваться,русское
совершеннолетие,русское
совершеннолетние,русское
совершенство,русское
совершенствовать,русское
совершенствоваться,русское
совершитель,русское
совершить,русское
совершиться,русское
совестливыя,русское
совесть,русское
совет,русское
советизация,русское
советизировать,русское
советник,русское
советовать,русское
советоваться,русское
советския,русское
советчик,русское
совещание,русское
совещательный,русское
совещаться,русское
совка,русское
совладелец,русское
совлечь,русское
совместимый,русское
совместитель,русское
совместительство,русское
совместить,русское
совместиться,русское
совместный,русское
совмещать,русское
совокупность,русское
совокупный,русское
совпадение,русское
совпасть,русское
совратитель,русское
совратить,русское
совратиться,русское
современник,русское
современность,русское
современный,русское
совхоз,русское
согласие,русское
согласительный,русское
согласить,русское
согласиться,русское
согласный,русское
согласование,русское
согласованный,русское
согласовать,русское
согласоваться,русское
согласующие,русское
соглашатель,русское
соглашательство,русское
соглашение,русское
соглядатаиство,русское
соглядатай,русское
согнуть,русское
согнуться,русское
сограж,русское
согреть,русское
согреться,русское
сода,русское
содеиствие,русское
содеиствовать,русское
содержание,русское
содержательный,русское
содержать,русское
содержаться,русское
содеять,русское
содоклад,русское
содокладчик,русское
содомит,русское
содомия,русское
содрать,русское
содрогание,русское
содрогнуть,русское
содрогнуться,русское
содружество,русское
соединение,русское
соединимый,русское
соединитель,русское
соединительный,русское
соединить,русское
соединиться,русское
сожаление,русское
сожалеть,русское
сожитель,русское
сожительство,русское
сожительствовать,русское
созвать,русское
созвездие,русское
созвучие,русское
созвучный,русское
создание,русское
создатель,русское
создать,русское
создаться,русское
созерцание,русское
созерцатель,русское
созерцательность,русское
созерцательный,русское
созерцать,русское
созидатель,русское
созидательный,русское
сознавать,русское
сознание,русское
сознательность,русское
сознательный,русское
сознаться,русское
созреть,русское
созыв,русское
соиздатель,русское
соизмеримый,русское
соизмерить,русское
соик,русское
соискание,русское
соискатель,русское
соискательство,русское
соисполнитель,русское
соититься,русское
соить,русское
сок,русское
сокол,русское
соколок,русское
сокольник,русское
сократимость,русское
сократимый,русское
сократить,русское
сократиться,русское
сокращаться,русское
сокращение,русское
сокращий,русское
сокров,русское
сокровенный,русское
сокровище,русское
сокровищница,русское
сокрушаться,русское
сокрушение,русское
сокрушительный,русское
сокрушить,русское
сокрытие,русское
сокс,заимствованное
соксера,заимствованное
сокурсник,русское
солгать,русское
солдат,русское
солеварение,русское
солемер,русское
соленоид,русское
соленый,русское
солидаризироваться,русское
солидаризоваться,русское
солидарность,русское
солидарный,русское
солидный,русское
солипсизм,русское
солипсист,русское
солировать,заимствованное
солист,заимствованное
солнечный,русское
солнце,заимствованное
солнцезащий,заимствованное
солнцестояние,русское
соло,заимствованное
солод,русское
солома,русское
соломка,русское
солончак,русское
соль,русское
сольный,заимствованное
сольфеджио,заимствованное
солянок,заимствованное
солярий,русское
солярный,русское
сом,заимствованное
сома,заимствованное
соматик,русское
соматическия,заимствованное
соматология,русское
сомелье,заимствованное
сомкнуть,русское
сомкнуться,русское
сомневаться,русское
сомнение,русское
сомнительный,русское
сомножитель,русское
сон,русское
сонаниматель,русское
сонаследник,русское
соната,заимствованное
сонет,заимствованное
сонетный,заимствованное
сонм,русское
сонограмм,заимствованное
сонограф,заимствованное
сонография,заимствованное
соображ,русское
соображать,русское
соображение,русское
сообразительный,русское
сообразить,русское
сообразный,русское
сообразовать,русское
сообразоваться,русское
сообщаться,русское
сообщение,русское
сообщество,русское
сообщить,русское
сообщиться,русское
сообщник,русское
сообщничество,русское
соорудить,русское
сооружение,русское
соответствие,русское
соответствовать,русское
соответчик,русское
соотечественник,русское
соотнести,русское
соотнестись,русское
соотнесённость,русское
соотносительный,русское
соотноситься,русское
соотношение,русское
сопереживать,русское
соперник,русское
соперничать,русское
соплеменник,русское
сопло,русское
соплодие,русское
соподчин,русское
соподчинение,русское
соподчиненный,русское
соподчинить,русское
сопоставимый,русское
сопоставительный,русское
сопоставить,русское
сопоставиться,русское
соправитель,русское
сопрано,заимствованное
сопрановыя,заимствованное
сопредельный,русское
сопредседатель,русское
соприкасаться,русское
соприкосновение,русское
соприсутствовать,русское
сопричастный,русское
сопричислить,русское
сопроводитель,русское
сопроводительный,русское
сопроводить,русское
сопровождать,русское
сопровождаться,русское
сопровождение,русское
сопротивление,русское
сопротивляемость,русское
сопротивляться,русское
сопроцессор,русское
сопрягать,русское
сопрягаться,русское
сопряжение,русское
сопряженный,русское
сопутствовать,русское
соразм,русское
соразмерить,русское
соразмерный,русское
соразмеряться,русское
соратник,русское
сорбент,заимствованное
сорбировать,заимствованное
сорбит,русское
сорбционный,заимствованное
сорбция,заимствованное
сорвать,русское
сорваться,русское
сорганизовать,русское
сорго,русское
соревнование,русское
соревноваться,русское
соредактор,русское
сориентировать,русское
сориентироваться,русское
сориться,русское
сорность,русское
сорный,русское
сорняк,русское
сородич,русское
сорок,русское
сорокалетие,русское
сорт,заимствованное
сортамент,заимствованное
сортаментный,заимствованное
сортимент,заимствованное
сортиментный,заимствованное
сортир,русское
сортировальный,русское
сортировать,заимствованное
сортировка,русское
сортировщик,русское
сортность,русское
сортный,русское
соса,русское
сосед,русское
соседнии,русское
соседство,русское
соседствовать,русское
сосиска,русское
соска,русское
соскоблить,русское
соскользнуть,русское
соскочить,русское
соскучиться,русское
сослать,русское
сослаться,русское
сословие,русское
сословность,русское
сословный,русское
сослуживец,русское
сосна,русское
сосняк,русское
сосочка,русское
сосредоточенный,русское
сосредоточие,русское
сосредоточить,русское
сосредоточиться,русское
сост,русское
состав,русское
состави,русское
составитель,русское
составить,русское
составиться,русское
составлять,русское
составный,русское
состариться,русское
состояние,русское
состоятельный,русское
состоять,русское
состояться,русское
сострадание,русское
сострадательный,русское
сострадать,русское
сострить,русское
состричь,русское
сострогать,русское
состругать,русское
состыковать,русское
состыковаться,русское
состязание,русское
состязательность,русское
состязательный,русское
состязаться,русское
сосуд,русское
сосулька,русское
сосуществовать,русское
сосцевидный,русское
сосцевить,русское
сосчитать,русское
сотворить,русское
сотворчество,русское
соте,заимствованное
сотеиникнуть,русское
сотенный,русское
соткать,русское
сотня,русское
сотоварищ,русское
сотрапезник,русское
сотрудник,русское
сотрудничать,русское
сотрясательный,русское
сотрясти,русское
сотрястись,русское
сотый,русское
соударяться,русское
соул,заимствованное
соус,русское
соучаствовать,русское
соучастник,русское
соученик,русское
соучредитель,русское
соучредительство,русское
софа,заимствованное
софизм,заимствованное
софист,русское
софистика,русское
софит,заимствованное
софтбол,заимствованное
софтболистый,заимствованное
софтбольный,заимствованное
сохнуть,русское
сохранить,русское
сохраниться,русское
сохранный,русское
сохраняемость,русское
сохранять,русское
сохраняться,русское
соцветие,русское
соци,русское
социалдемокра,заимствованное
социализация,заимствованное
социализировать,заимствованное
социализироваться,заимствованное
социализм,заимствованное
социалист,заимствованное
социалистическия,заимствованное
социальнобытовый,русское
социальный,заимствованное
социо,заимствованное
социокульт,русское
социолингвь,русское
социолог,русское
социологизм,русское
социологическия,заимствованное
социология,заимствованное
социопат,русское
социосфера,заимствованное
социосферный,заимствованное
социум,заимствованное
соцстр,русское
сочельник,русское
сочетаемость,русское
сочетание,русское
сочетать,русское
сочетаться,русское
сочинение,русское
сочинить,русское
сочинять,русское
сочить,русское
сочиться,русское
сочлен,заимствованное
сочленение,русское
сочленить,русское
сочлениться,русское
сочный,русское
сочувственный,русское
сочувствие,русское
сочувствовать,русское
сочувствующие,русское
сощурить,русское
союз,русское
союзка,русское
союзник,русское
союзный,русское
соя,русское
сп,русское
спагетти,заимствованное
спад,русское
спадать,русское
спазм,заимствованное
спазматическия,заимствованное
спазмолитик,русское
спаик,русское
спаиный,русское
спаищик,русское
спай,русское
спалить,русское
спальный,русское
спальня,русское
спам,заимствованное
спамер,заимствованное
спамерския,заимствованное
спамерство,заимствованное
спамовыя,заимствованное
спанбонд,заимствованное
спандекс,заимствованное
спарить,русское
спариться,русское
спарринг,заимствованное
спарринговать,заимствованное
спарринговыя,заимствованное
спартакиада,заимствованное
спартакиадный,заимствованное
спасатель,русское
спасение,русское
спаситель,русское
спасительный,русское
спасовать,русское
спасти,русское
спастись,русское
спать,заимствованное
спаянный,русское
спектак,русское
спектр,заимствованное
спектральный,заимствованное
спектро,заимствованное
спектровыя,заимствованное
спектрограмма,русское
спектрограф,русское
спектрометр,заимствованное
спектрометрия,русское
спектроскоп,заимствованное
спектроскопическия,заимствованное
спектроскопия,заимствованное
спекулировать,заимствованное
спекулянт,заимствованное
спекулятивность,заимствованное
спекулятивный,заимствованное
спекуляция,заимствованное
спелео,заимствованное
спелеобионт,заимствованное
спелеобионтный,заимствованное
спелеолог,заимствованное
спелеологическия,заимствованное
спелеология,заимствованное
спелеотерапевтическия,заимствованное
спелеотерапия,заимствованное
спелеотуризм,заимствованное
спелеотурист,заимствованное
сперма,заимствованное
сперматогенез,русское
сперматозоид,заимствованное
спермацет,русское
спесивыя,русское
спесь,заимствованное
спец,русское
спецгаша,заимствованное
специализация,заимствованное
специализированный,заимствованное
специализировать,заимствованное
специализироваться,заимствованное
специалист,заимствованное
специальность,русское
специальный,заимствованное
специфика,заимствованное
спецификация,заимствованное
специфицировать,русское
специфическия,заимствованное
специфичный,заимствованное
специя,заимствованное
спецкурс,русское
спецода,русское
спецслужба,русское
спецсёмин,заимствованное
спешить,русское
спешиться,русское
спешность,русское
спешный,русское
спид,заимствованное
спидвеиный,заимствованное
спидвей,заимствованное
спидометр,русское
спикер,заимствованное
спилить,русское
спин,заимствованное
спина,заимствованное
спинакер,заимствованное
спинальный,русское
спинка,русское
спиннинг,заимствованное
спиннинговыя,заимствованное
спинномозговой,русское
спиновыя,заимствованное
спинтроника,заимствованное
спинтронный,заимствованное
спиралеобразный,русское
спираль,заимствованное
спиральный,заимствованное
спирея,русское
спирограф,русское
спирометр,заимствованное
спирометрия,русское
спирохета,русское
спирт,заимствованное
спиртовать,русское
спиртовка,русское
спиртовой,заимствованное
списание,русское
списать,русское
списаться,русское
список,русское
списочный,русское
спихнуть,русское
спица,русское
спичка,русское
спичраитер,заимствованное
спичраитерския,заимствованное
сплав,русское
спланировать,русское
сплетение,русское
сплетник,русское
сплетничать,русское
сплетня,русское
сплит,заимствованное
сплотить,русское
сплотиться,русское
сплотка,русское
сплочение,русское
сплоченный,русское
сплошной,русское
сплющить,русское
сплющиться,русское
спо,русское
сподвижник,русское
споилера,русское
спокоиный,русское
спокоиствие,русское
сползать,русское
сползти,русское
спондилез,русское
спондилит,заимствованное
спонж,заимствованное
спонсировать,заимствованное
спонсор,заимствованное
спонсорския,заимствованное
спонсорство,заимствованное
спонтанный,заимствованное
спор,заимствованное
спорадическия,заимствованное
спорадичный,заимствованное
спорангий,заимствованное
спорить,русское
спориться,русское
спорный,русское
споровыя,заимствованное
спорообразование,русское
спороть,русское
спорт,заимствованное
спортивнооздоровительный,русское
спортивный,заимствованное
спортинг,заимствованное
спортинговыя,заимствованное
спорткл,русское
спортсмен,заимствованное
спорттов,заимствованное
способ,русское
способность,русское
способный,русское
способствовать,русское
спот,русское
споткнуться,русское
спотыкаться,русское
спра,русское
справа,русское
справедливость,русское
справедливыя,русское
справиться,русское
справка,русское
справочник,русское
справочный,русское
спрей,заимствованное
спрессовать,русское
спрессоваться,русское
спринт,заимствованное
спринтер,заимствованное
спринтерския,заимствованное
спринцевать,заимствованное
спринцовка,заимствованное
спровоцировать,русское
спрогнозировать,русское
спроектировать,русское
спроецировать,русское
спрос,русское
спросить,русское
спроситься,русское
спружинить,русское
спрыгнуть,русское
спрягать,русское
спряжение,русское
спрямить,русское
спрямиться,русское
спрямление,русское
спрятать,русское
спрятаться,русское
спрячь,русское
спугнуть,русское
спурт,заимствованное
спуск,русское
спускать,русское
спускаться,русское
спустить,русское
спуститься,русское
спутанный,русское
спутать,русское
спутаться,русское
спутник,русское
спячка,русское
сработанность,русское
сработанный,русское
сработать,русское
сработаться,русское
сравнение,русское
сравнимый,русское
сравнительноисторическия,русское
сравнительноправовой,русское
сравнительный,русское
сравнить,русское
сравниться,русское
сравнять,русское
сравняться,русское
сражаться,русское
сражение,русское
сразить,русское
срастись,русское
срастить,русское
сращение,русское
среаги,русское
среагировать,русское
среда,русское
средиземноморье,русское
средневековье,русское
средневолно,русское
средневолновый,русское
средневый,русское
среднеевропа,русское
среднемировый,русское
среднеопнуть,русское
среднеотраслевый,русское
среднера,русское
среднестатистить,русское
среднести,русское
среднетехнуть,русское
среднии,русское
средник,русское
средостение,русское
средоточие,русское
средство,русское
срез,русское
срезать,русское
срисовать,русское
сровня,русское
сровнять,русское
сровняться,русское
сродниться,русское
срок,русское
срочность,русское
срочный,русское
срубить,русское
сруктурировать,заимствованное
сс,русское
ссадина,русское
ссадить,русское
ссать,заимствованное
ссия,заимствованное
ссора,русское
ссорить,русское
ссориться,русское
ссср,заимствованное
сство,русское
ссуда,заимствованное
ссудить,русское
ссылка,русское
ст,русское
стабилизатор,заимствованное
стабилизационный,заимствованное
стабилизация,заимствованное
стабилизировать,заимствованное
стабилизироваться,заимствованное
стабилизовать,русское
стабилизоваться,русское
стабильный,заимствованное
ставень,русское
ставить,русское
ставка,русское
ставленник,русское
ставной,русское
ставропигиальный,заимствованное
ставропигия,заимствованное
стагнационный,заимствованное
стагнация,заимствованное
стагфляция,русское
стадиал,заимствованное
стадиальный,заимствованное
стадион,заимствованное
стадионный,заимствованное
стадия,русское
стадный,русское
стадо,русское
стаж,заимствованное
стажировать,русское
стажироваться,заимствованное
стажировка,заимствованное
стажировочный,заимствованное
стажёр,заимствованное
стаз,заимствованное
стаиер,заимствованное
стаиерския,заимствованное
стакан,русское
стаккато,заимствованное
сталелита,русское
сталеплавильный,русское
сталеплавь,русское
сталь,русское
стальной,русское
стан,русское
стандарт,заимствованное
стандартиза,русское
стандартизация,русское
стандартизировать,русское
стандартизироваться,русское
стандартизовать,русское
стандартный,русское
станина,русское
станица,русское
станковыя,русское
станкострой,русское
становление,русское
станок,русское
станочник,русское
станционный,заимствованное
станция,заимствованное
стапель,русское
старание,русское
старатель,русское
старательный,русское
стараться,русское
стареишин,русское
старение,русское
стареть,русское
старик,русское
старина,русское
старинный,русское
старить,русское
стариться,русское
старица,русское
старов,русское
старовер,русское
староверския,русское
стародавнии,русское
старожил,русское
старозаветный,русское
старомодный,русское
старообрядец,русское
старообрядчество,русское
староста,русское
старость,русское
старт,заимствованное
стартер,русское
стартовать,заимствованное
стартовыя,заимствованное
старческия,русское
старшеклассник,русское
старшекурсник,русское
старшие,русское
старшина,русское
старшинство,русское
старый,русское
стат,русское
статерииския,заимствованное
статерия,заимствованное
статика,заимствованное
статистика,заимствованное
статистическия,заимствованное
статистый,заимствованное
статическия,заимствованное
статичный,русское
статный,русское
статор,русское
статс,заимствованное
статския,русское
статссекрет,заимствованное
статуарный,русское
статус,заимствованное
статускво,заимствованное
статут,заимствованное
статуэтка,заимствованное
статуя,заимствованное
стать,русское
статья,русское
стафилококк,заимствованное
стафилококковыя,заимствованное
стаффаж,заимствованное
стаффажный,заимствованное
стационар,заимствованное
стационарный,заимствованное
стация,русское
стачать,русское
стачка,русское
стащить,русское
ственный,русское
ствол,русское
створ,русское
створить,русское
створиться,русское
створка,русское
стебель,русское
стегать,русское
стеик,заимствованное
стек,заимствованное
стекать,русское
стекленеть,русское
стекло,русское
стеклов,русское
стекловар,русское
стекловарение,русское
стекловатый,русское
стекловать,русское
стекловаться,русское
стекловидный,русское
стеклограф,русское
стеклографист,русское
стеклография,русское
стеклоделие,русское
стеклодув,русское
стеклозавод,русское
стекломасса,русское
стеклообразный,русское
стеклоочиститель,русское
стеклопакет,русское
стеклопнуть,заимствованное
стеклопосуд,русское
стеклорез,русское
стеклотара,русское
стеклотекстоль,русское
стеклоткань,русское
стеклянный,русское
стеклярус,русское
стековыя,заимствованное
стела,заимствованное
стеллаж,заимствованное
стена,русское
стенд,заимствованное
стендистый,заимствованное
стендовыя,заимствованное
стенка,русское
стенобионт,заимствованное
стенобионтный,заимствованное
стенограмма,русское
стенограф,русское
стенографировать,русское
стенографист,русское
стенографическия,русское
стенография,русское
стеноз,заимствованное
стенозный,заимствованное
стенокардия,русское
стенолаз,русское
степ,заимствованное
степенный,русское
степень,русское
степлера,заимствованное
степной,русское
степовыя,заимствованное
степь,русское
стерео,заимствованное
стереография,русское
стереозва,заимствованное
стереоизомер,заимствованное
стереоизомерия,заимствованное
стереометрическия,заимствованное
стереометрия,заимствованное
стереоскопическия,русское
стереотип,заимствованное
стереотипизация,русское
стереотипия,русское
стереотипный,заимствованное
стереотруба,русское
стереофоническия,русское
стереть,русское
стереться,русское
стеречь,русское
стержень,русское
стерилизатор,русское
стерилизация,заимствованное
стерилизовать,заимствованное
стерилизоваться,русское
стерильный,заимствованное
стерлинг,русское
стероид,заимствованное
стероидный,заимствованное
стертый,русское
стесать,русское
стеснение,русское
стесненный,русское
стеснительный,русское
стеснить,русское
стесниться,русское
стесняться,русское
стетоскоп,заимствованное
стечение,русское
стечь,заимствованное
стечься,русское
стивидор,заимствованное
стивидорный,заимствованное
стигма,заимствованное
стигмат,заимствованное
стигматизировать,русское
стик,заимствованное
стилет,заимствованное
стилизация,заимствованное
стилизовать,заимствованное
стилист,заимствованное
стилистика,русское
стилистическия,русское
стилобат,русское
стилус,заимствованное
стиль,заимствованное
стильный,заимствованное
стимул,заимствованное
стимулирование,русское
стимулировать,заимствованное
стимулятор,заимствованное
стимуляция,заимствованное
стипендиальный,заимствованное
стипендиат,заимствованное
стипендия,заимствованное
стиплер,заимствованное
стипль,заимствованное
стиральный,русское
стирание,русское
стирать,русское
стираться,русское
стирол,заимствованное
стироловыя,заимствованное
стирольный,заимствованное
стиснуть,русское
ститься,русское
стих,русское
стихииный,заимствованное
стихия,заимствованное
стихнуть,русское
стихотво,русское
стихотвор,русское
стихотворение,русское
стихотворный,русское
стлать,русское
стлаться,русское
стникнуть,русское
стничество,русское
стный,русское
сто,русское
стоечный,русское
стоик,русское
стоикия,русское
стоимость,русское
стоить,русское
сток,заимствованное
стол,заимствованное
столб,русское
столбенеть,русское
столбец,русское
столбик,русское
столбняк,русское
столбовой,русское
столбчатый,русское
столетие,русское
столетние,русское
столетник,русское
столешница,русское
столица,русское
столичный,русское
столкновение,русское
столкнуть,русское
столкнуться,русское
столовая,русское
столовыя,русское
столп,русское
столько,русское
стольный,русское
столяр,русское
столярный,русское
стоматит,заимствованное
стоматолог,заимствованное
стоматологическия,заимствованное
стоматология,заимствованное
стон,русское
стонать,русское
стоп,русское
стопка,русское
стопор,русское
стопорить,русское
стопориться,русское
стопроцентный,русское
стопсигна,русское
стоптать,русское
стопудовыя,русское
сторговать,русское
сторговаться,русское
сторно,русское
сторож,русское
сторожить,русское
сторона,русское
сторониться,русское
сторонник,русское
сторонния,русское
стохастить,русское
стохастическия,заимствованное
стоя,русское
стояк,русское
стоянка,русское
стоять,русское
стоячий,русское
стр,русское
стравить,русское
стравиться,русское
страдание,русское
страдать,русское
страж,русское
стражник,русское
страз,заимствованное
страна,русское
страница,русское
странник,русское
странность,русское
странный,русское
страноведение,русское
странствие,русское
странствовать,русское
страстный,русское
страта,заимствованное
стратагема,русское
стратег,заимствованное
стратегема,русское
стратегическия,заимствованное
стратегия,заимствованное
стратиграфическия,заимствованное
стратиграфия,заимствованное
стратификация,русское
стратифицировать,русское
стратостат,русское
стратосфера,русское
страх,русское
страхов,русское
страхование,русское
страхователь,русское
страховать,русское
страховаться,русское
страховка,русское
страховочный,русское
страховщик,русское
страшить,русское
страшиться,русское
страшный,русское
стрежень,русское
стрела,русское
стрелка,русское
стрелковыя,русское
стреловидный,русское
стрелолист,русское
стрелочник,русское
стрельба,русское
стрельбище,русское
стрельнуть,русское
стрельчатый,русское
стрелять,русское
стремечко,русское
стремительный,русское
стремить,русское
стремиться,русское
стремление,русское
стремнина,русское
стремянка,русское
стрептококк,заимствованное
стрептококковыя,заимствованное
стрептомицин,русское
стрептоцид,русское
стресс,заимствованное
стрессовыя,заимствованное
стрессогенный,заимствованное
стрессор,заимствованное
стрессорный,заимствованное
стретчинг,заимствованное
стретчинговыя,заимствованное
стригальный,русское
стриженый,русское
стример,русское
стрингер,русское
стриптиз,русское
стрит,заимствованное
стритбол,заимствованное
стритболистый,заимствованное
стритбольный,заимствованное
стритреисер,заимствованное
стритреисинг,заимствованное
стритреисинговыя,заимствованное
стрихнин,русское
стричь,русское
стро,заимствованное
стробоскоп,русское
стров,русское
строгий,русское
строгость,русское
строение,русское
строик,русское
строиный,русское
строитель,русское
строительство,русское
строить,русское
строиться,русское
строка,русское
стронций,русское
строп,заимствованное
стропальщик,русское
строповка,русское
строфа,заимствованное
строфическия,заимствованное
строчной,русское
строчный,русское
струбцина,заимствованное
струиный,русское
структ,русское
структура,заимствованное
структурали,русское
структурализация,заимствованное
структурализм,русское
структурализовать,заимствованное
структуралист,русское
структуральный,русское
структуризация,заимствованное
структурированный,русское
структурировать,русское
структурироваться,заимствованное
структурнофункциональный,русское
структурный,заимствованное
струма,русское
струна,русское
струнный,русское
струсить,русское
струя,русское
стрясти,русское
стряхнуть,русское
студенистый,русское
студент,русское
студенчество,русское
студень,русское
студииный,заимствованное
студия,заимствованное
стукко,заимствованное
стукнуть,русское
стукнуться,русское
стул,заимствованное
стульчак,русское
ступа,русское
ступать,русское
ступенчатый,русское
ступень,русское
ступить,русское
ступица,русское
ступня,русское
ступор,русское
стучать,русское
стучаться,русское
стушеваться,русское
стыдить,русское
стыдиться,русское
стыдливыя,русское
стый,русское
стык,русское
стыковать,русское
стыковаться,русское
стыковка,русское
стыковочный,русское
стынуть,русское
стыть,русское
стычка,русское
сть,заимствованное
стюард,заимствованное
стюардесса,заимствованное
стяг,заимствованное
стяжатель,русское
стяжательство,русское
стяжать,русское
стяжка,русское
стяжно,русское
стяжной,русское
стянуть,русское
стянуться,русское
су,русское
суб,заимствованное
субаренда,заимствованное
субарендатор,заимствованное
субарендный,заимствованное
субатомный,заимствованное
суббота,русское
субботник,русское
субвенция,заимствованное
субгигант,заимствованное
субзона,заимствованное
субкарлик,заимствованное
субкультура,заимствованное
субкультурный,заимствованное
сублимат,русское
сублимационный,заимствованное
сублимация,заимствованное
сублимировать,заимствованное
сублимироваться,заимствованное
субмарина,русское
субмолекулярный,заимствованное
субординация,русское
субподряд,русское
субподрядчик,русское
суброгация,русское
субсидиарный,заимствованное
субсидирование,заимствованное
субсидировать,заимствованное
субсидия,заимствованное
субстантивация,русское
субстантивный,русское
субстантить,русское
субстанциальный,русское
субстанциональный,русское
субстанция,заимствованное
субститут,русское
субституция,заимствованное
субстрат,заимствованное
субстратный,заимствованное
субтитр,заимствованное
субтитрование,заимствованное
субтропики,русское
субурбанизация,заимствованное
субцивилизация,заимствованное
субъ,русское
субъект,заимствованное
субъективизм,русское
субъективист,русское
субъективить,русское
субъективный,заимствованное
субъядерный,русское
субэкваториальный,русское
сувенир,заимствованное
сувенирный,заимствованное
суверен,русское
суверенизация,русское
суверенитет,заимствованное
суверенный,заимствованное
суггестивный,русское
суггестия,русское
суглинок,русское
сугроб,русское
сугубый,русское
суд,русское
судебномедици,русское
судебноправовый,русское
судебнопсихиатрическия,русское
судебный,русское
судеиство,русское
судимость,русское
судить,русское
судиться,русское
судия,русское
судно,русское
судоверфь,русское
судовладелец,русское
судоводитель,русское
судовождение,русское
судомоделизм,русское
судомоделист,русское
судоподъём,русское
судоподъёмник,русское
судопроизво,русское
судоремонт,русское
судоремонтник,русское
судорога,русское
судорожный,русское
судостроение,русское
судоустро,русское
судоходный,русское
судоходство,русское
судьбоносный,русское
судья,русское
судёнышко,русское
суеверие,русское
суеверный,русское
суета,русское
суетиться,русское
суетный,русское
суждение,русское
сужение,русское
сузиться,русское
суицид,заимствованное
суицидальный,заимствованное
суицидент,заимствованное
суицидный,заимствованное
суицидология,русское
сука,русское
суккулентный,русское
сукно,русское
сукцессионный,заимствованное
сукцессия,заимствованное
сулить,русское
сулой,русское
султан,заимствованное
султанат,заимствованное
султанския,заимствованное
султанство,заимствованное
сулугуни,заимствованное
сульфамид,русское
сульфаниламид,русское
сульфат,заимствованное
сульфатный,заимствованное
сульфид,русское
сульфит,заимствованное
сульфитация,русское
сульфитный,заимствованное
сума,русское
сумасбродный,русское
сумасбродство,русское
сумасшедшие,русское
сумасшествие,русское
суметь,русское
сумка,русское
сумма,заимствованное
суммарный,русское
сумматор,русское
суммировать,русское
суммироваться,русское
сумо,заимствованное
сумоистския,заимствованное
сумоистый,заимствованное
сунна,заимствованное
суннизм,заимствованное
суннит,заимствованное
суннитския,заимствованное
супер,заимствованное
суперарбитр,русское
суперваизер,заимствованное
супергигант,заимствованное
супердержава,русское
суперзвезда,заимствованное
суперинфекция,заимствованное
суперкомбинация,заимствованное
суперкомпьютер,заимствованное
суперкубок,русское
супермаркет,заимствованное
супермодель,заимствованное
суперфосфат,русское
супесок,русское
супесь,русское
супинатор,заимствованное
супинаторный,заимствованное
супинация,заимствованное
супинировать,заимствованное
супплетивный,русское
суппозиторий,русское
суппорт,русское
супрематизм,заимствованное
супрематист,заимствованное
супрематистския,заимствованное
супрематическия,заимствованное
супрессия,русское
супруг,русское
супружеския,русское
супружество,русское
сура,заимствованное
сурдок,русское
суровыя,русское
суррогат,заимствованное
суррогатный,заимствованное
сурьма,заимствованное
сусло,русское
суспендировать,русское
суспензионный,заимствованное
суспензировать,русское
суспензия,заимствованное
суста,русское
сустав,русское
сутана,заимствованное
сутенёр,русское
сутенёрство,русское
сутки,русское
сутолока,русское
сутра,заимствованное
сутулиться,русское
сутулый,русское
сутяжник,русское
сутяжничать,русское
сутяжничество,русское
сутяжный,русское
суфизм,заимствованное
суфииския,заимствованное
суфий,заимствованное
суфле,заимствованное
суфлировать,русское
суфлёр,русское
суффикс,русское
суффозия,заимствованное
суховей,русское
сухогрузный,русское
сухожилие,русское
сухопутный,русское
сухостой,русское
сухофрукты,русское
сухоя,русское
сучок,русское
сушеный,русское
суши,заимствованное
сушилка,русское
сушить,заимствованное
сушка,русское
существенный,русское
существо,русское
существов,русское
существование,русское
существовать,русское
сущие,русское
сущность,русское
сфабриковать,русское
сфагнум,русское
сфальцевать,русское
сфера,заимствованное
сферическия,заимствованное
сферичный,русское
сфероид,заимствованное
сфероидальный,русское
сфигмография,русское
сфокусировать,русское
сфокусироваться,русское
сформировать,русское
сформироваться,русское
сформовать,русское
сформулировать,русское
сформулироваться,русское
сфотографировать,русское
сфотографироваться,русское
схватить,русское
схватиться,русское
схватка,русское
схема,заимствованное
схематизировать,заимствованное
схематизм,русское
схематическия,заимствованное
схематичность,русское
схематичный,заимствованное
схима,заимствованное
схимник,заимствованное
схимническия,заимствованное
сход,русское
сходный,русское
сходство,русское
схоластик,заимствованное
схоластическия,заимствованное
схоластичный,заимствованное
сцена,заимствованное
сценарий,заимствованное
сценарист,заимствованное
сценарный,заимствованное
сценическия,заимствованное
сценичный,заимствованное
сценограф,русское
сценография,русское
сцентрировать,русское
сцеп,русское
сцепить,русское
сцепиться,русское
сцепка,русское
сцепление,русское
сцепной,русское
сцепщик,русское
сциентизм,русское
счастливыя,русское
счесть,русское
счесться,русское
счетный,русское
счетовод,русское
счетоводство,русское
счик,русское
счисление,русское
считать,русское
считаться,русское
счёт,русское
счётчик,русское
счёты,русское
сша,заимствованное
сшие,русское
сшить,русское
съе,русское
съедобный,русское
съезд,русское
съездить,русское
съемный,русское
съестной,русское
съесть,русское
съехать,русское
съехаться,русское
съёмка,русское
съёмник,русское
съёмщик,русское
сыворотка,русское
сыграть,русское
сыграться,русское
сыгровка,русское
сыи,русское
сымпровизировать,русское
сын,русское
сыновий,русское
сыновнии,русское
сыпать,русское
сыпаться,русское
сыпнотифозный,русское
сыпучий,русское
сыпь,русское
сыр,русское
сырец,русское
сыро,русское
сырой,русское
сырокопченый,русское
сырость,русское
сырьё,русское
сыск,русское
сытый,русское
сыщик,русское
сь,русское
сэ,заимствованное
сэкономить,русское
сюжет,заимствованное
сюжетность,русское
сюжетный,заимствованное
сюита,заимствованное
сюрприз,русское
сюрреализм,заимствованное
сюрреалист,заимствованное
сюрреалистическия,заимствованное
сюрреалистичный,заимствованное
сюрреалистския,заимствованное
сёрфер,заимствованное
сёрфинг,заимствованное
табак,заимствованное
табакокурение,русское
табачный,русское
табелировать,русское
табель,заимствованное
табельный,русское
табернакль,заимствованное
таблетка,заимствованное
таблитчатый,русское
таблица,заимствованное
табличка,русское
табличный,заимствованное
табло,заимствованное
таблоид,заимствованное
таблоидный,заимствованное
табор,заимствованное
табу,заимствованное
табуизировать,русское
табуированный,русское
табулирование,заимствованное
табун,заимствованное
табунный,русское
табурет,русское
табуретка,русское
таверна,заимствованное
тавот,русское
тавро,заимствованное
тавтология,заимствованное
таз,заимствованное
тазоб,русское
тазобедренный,русское
таиго,заимствованное
таиквондо,русское
таимера,заимствованное
таимшер,заимствованное
таимшерный,заимствованное
таиникнуть,русское
таинопись,русское
таинственность,русское
таинственный,русское
таинство,русское
таиный,русское
таитс,заимствованное
таить,заимствованное
таифун,заимствованное
такелаж,заимствованное
такелажник,русское
тако,заимствованное
такса,заимствованное
таксационный,заимствованное
таксация,заимствованное
такси,заимствованное
таксидермист,русское
таксидермия,заимствованное
таксировать,заимствованное
таксировка,заимствованное
таксировщик,русское
таксис,заимствованное
таксисный,заимствованное
таксист,русское
таксометр,заимствованное
таксомотор,русское
таксон,заимствованное
таксономия,заимствованное
таксофон,заимствованное
такт,заимствованное
тактика,заимствованное
тактильный,заимствованное
тактическия,заимствованное
тактичный,заимствованное
тактный,русское
тактовыя,заимствованное
такть,русское
таламус,заимствованное
талант,заимствованное
талантливыя,заимствованное
талассотерапевт,заимствованное
талассотерапевтическия,заимствованное
талассотерапия,заимствованное
талисман,заимствованное
талисманный,заимствованное
талия,русское
таллий,заимствованное
талмуд,заимствованное
талмудизм,заимствованное
талмудист,заимствованное
талмудистския,заимствованное
талмудическия,заимствованное
талон,заимствованное
талреп,русское
талый,русское
таль,заимствованное
тальвег,русское
тальк,заимствованное
тамада,заимствованное
тамарикс,заимствованное
тамаринд,заимствованное
тамбур,заимствованное
тамбурин,заимствованное
таможенник,русское
таможня,русское
тампон,заимствованное
тампонада,заимствованное
тампонировать,русское
танатология,заимствованное
тангенс,заимствованное
тангенсоида,заимствованное
тангенсоидальный,заимствованное
тангенциальный,заимствованное
танго,заимствованное
тандем,заимствованное
тандыр,заимствованное
танец,русское
танжерин,заимствованное
танин,заимствованное
танк,заимствованное
танкер,заимствованное
танкетка,заимствованное
танкист,русское
танкодром,русское
танкострый,русское
танкошль,заимствованное
танник,русское
танный,русское
тантал,заимствованное
тантра,заимствованное
тантризм,заимствованное
тантристый,заимствованное
тантрическия,заимствованное
танцевать,русское
таный,русское
таон,заимствованное
тапиока,заимствованное
тапёр,заимствованное
тара,заимствованное
таракан,русское
таран,заимствованное
таранить,русское
тарантелла,заимствованное
тарантул,русское
таргетинг,заимствованное
таргетирование,русское
таргетный,заимствованное
тарелка,русское
тарельчатый,русское
тарировать,русское
тариф,заимствованное
тарификатор,заимствованное
тарификация,заимствованное
тарифицировать,русское
тарифный,заимствованное
тарталетка,заимствованное
тарталетница,заимствованное
тартан,русское
тартинка,заимствованное
тархун,заимствованное
таскать,русское
тасовать,заимствованное
тат,заимствованное
татами,заимствованное
татуаж,заимствованное
татуировать,заимствованное
татуировка,заимствованное
тать,русское
тау,заимствованное
тафта,заимствованное
тахеометрия,заимствованное
тахикардия,заимствованное
тахограф,русское
тахометр,заимствованное
тахометрическия,заимствованное
тахта,заимствованное
тачпад,заимствованное
тащить,русское
таэквондо,русское
тая,заимствованное
таять,русское
тварный,русское
тварь,заимствованное
твердеть,русское
твердить,русское
твердосплавный,русское
твердот,русское
твердотельный,русское
твердотопливный,русское
твердофазный,русское
твердый,русское
твердыня,русское
твердь,русское
твид,заимствованное
твидовыя,заимствованное
твист,заимствованное
твистовыя,заимствованное
творение,русское
творец,русское
творить,русское
творческия,русское
твёрдость,русское
театр,русское
театральный,русское
тег,заимствованное
теза,заимствованное
тезаврация,русское
тезаурус,заимствованное
тезис,заимствованное
теизм,заимствованное
теист,заимствованное
теистическия,русское
текст,русское
текстиль,русское
текстильщик,русское
текстовка,русское
текстолит,русское
текстология,заимствованное
текстуальный,русское
текстура,заимствованное
текстурированный,заимствованное
текстурный,заимствованное
тексть,русское
тектоника,заимствованное
тектоническия,заимствованное
текучесть,русское
текучий,русское
текущие,русское
телевещание,русское
телевидение,заимствованное
телевизионный,заимствованное
телевизор,заимствованное
телега,русское
телеграмма,заимствованное
телеграф,заимствованное
телеграфия,заимствованное
телеграфный,заимствованное
теледебаты,заимствованное
тележка,русское
тележурнали,заимствованное
телеизмера,русское
телек,русское
телекамера,заимствованное
телекинез,заимствованное
телекоммуник,заимствованное
телеконференция,заимствованное
телекс,русское
телемагазин,заимствованное
телемарафон,заимствованное
телематика,русское
телеметрия,заимствованное
телемый,русское
телеобъекть,русское
телеологическия,заимствованное
телеология,заимствованное
телепатическия,заимствованное
телепатия,заимствованное
телепередатчик,русское
телеперёд,русское
телепортация,заимствованное
телесериал,заимствованное
телесериальный,заимствованное
телесигнализ,русское
телескоп,заимствованное
телескопическия,заимствованное
телескопный,заимствованное
телесный,русское
телеспутник,русское
телетаип,русское
телетаипограмм,русское
телетранслить,русское
телефакс,русское
телефо,русское
телефон,заимствованное
телефонавтом,русское
телефонизировать,русское
телефонировать,русское
телефонист,русское
телефония,заимствованное
телефонный,заимствованное
телефонограмма,русское
телефото,русское
телец,заимствованное
телешоу,заимствованное
теллур,заимствованное
тело,заимствованное
телодвижение,русское
телосложение,русское
телохранитель,русское
тель,заимствованное
тельнотрудовый,русское
тельный,русское
тельския,русское
тельство,заимствованное
тельфер,русское
телёнок,русское
тема,русское
тематика,русское
тематическия,русское
тембр,заимствованное
тембральный,заимствованное
тембровыя,заимствованное
темнота,русское
темный,русское
темп,заимствованное
темпера,заимствованное
темперамент,заимствованное
темпераментный,заимствованное
температура,заимствованное
температурный,заимствованное
тенденциозный,заимствованное
тенденция,заимствованное
тендер,заимствованное
тендерный,заимствованное
теневой,русское
тенистый,русское
теннис,заимствованное
теннисбол,заимствованное
теннисист,заимствованное
тенниска,заимствованное
теннисный,заимствованное
тенор,заимствованное
теноровыя,заимствованное
тент,заимствованное
тентованный,русское
тень,заимствованное
теогония,заимствованное
теодицея,заимствованное
теодолит,русское
теократ,заимствованное
теократическия,заимствованное
теократия,заимствованное
теолог,заимствованное
теологическия,заимствованное
теология,заимствованное
теор,русское
теорема,заимствованное
теоретизировать,русское
теоретик,русское
теоретическия,заимствованное
теоретичный,русское
теория,заимствованное
теософ,русское
теософия,русское
теоть,заимствованное
теплиться,русское
теплица,русское
тепличный,русское
тепловоз,русское
теплогенератор,русское
теплоемкия,русское
теплозащий,русское
теплозащитный,русское
теплокоммуник,заимствованное
теплокровный,русское
теплолечение,русское
теплолюбивыя,русское
тепломер,русское
теплообм,русское
теплоотдача,русское
теплопровод,русское
теплопроводный,русское
теплосберег,русское
теплосеть,русское
теплоснабж,русское
теплостоикия,русское
теплота,русское
теплотворность,русское
теплотворный,русское
теплотехник,русское
теплоустоичивыя,русское
теплофизик,русское
теплофизика,русское
теплофикация,русское
теплофицировать,русское
теплоход,русское
теплоцентраль,русское
теплоэнерг,русское
теплоёмкость,русское
теплый,русское
терабаит,заимствованное
терабит,заимствованное
теракт,русское
терапевт,заимствованное
терапевтическия,заимствованное
терапия,заимствованное
тератоген,заимствованное
тератогенез,заимствованное
тератогенность,заимствованное
тератогенный,русское
тератологическия,заимствованное
тератология,заимствованное
тербий,заимствованное
теребить,русское
терем,русское
тереть,заимствованное
тереться,русское
терилен,русское
териология,заимствованное
термальный,заимствованное
терми,русское
термин,заимствованное
терминал,заимствованное
терминальный,заимствованное
терминатор,заимствованное
терминологизация,русское
терминология,заимствованное
терминоть,русское
термит,русское
термическия,заимствованное
термо,заимствованное
термобарометр,заимствованное
термобум,русское
термовкладыш,русское
термограф,русское
термография,русское
термодинамика,заимствованное
термодинамическия,заимствованное
термоизоляционный,заимствованное
термоизоляция,заимствованное
термока,русское
термометр,заимствованное
термометрия,русское
термопауза,заимствованное
термопласт,русское
термопласть,русское
термореактивный,заимствованное
терморегуля,русское
терморегуляция,заимствованное
термос,заимствованное
термостат,русское
термостоикия,русское
термосфера,заимствованное
термотерапевтическия,заимствованное
термотерапия,заимствованное
термоуса,русское
термоусто,русское
термофил,заимствованное
термофильный,заимствованное
термофобия,заимствованное
термоэлектрическия,заимствованное
термоэрозия,заимствованное
термоядерный,русское
термы,заимствованное
тернарный,заимствованное
терпеливыя,русское
терпение,русское
терпентин,русское
терпеть,русское
терпеться,русское
терпимый,русское
терпкия,русское
терракота,заимствованное
терракотовыя,заимствованное
террарий,русское
террариум,заимствованное
террариумный,заимствованное
терраса,заимствованное
террасировать,русское
террасный,заимствованное
террасовыя,заимствованное
терренкур,заимствованное
терренкурный,заимствованное
террикон,заимствованное
территориальный,заимствованное
территория,заимствованное
террор,заимствованное
терроризировать,русское
терроризм,заимствованное
террорист,заимствованное
террористическия,заимствованное
терруар,русское
терция,заимствованное
терять,русское
теряться,русское
тесный,русское
тесситура,заимствованное
тест,заимствованное
тестер,заимствованное
тестикула,русское
тестирование,заимствованное
тестировать,заимствованное
тесто,русское
тестовыя,заимствованное
тестолог,заимствованное
тестологическия,заимствованное
тестология,заимствованное
тестообразный,русское
тестостерон,заимствованное
тесть,русское
тесьма,русское
тета,заимствованное
тетива,русское
тетрадка,русское
тетрадь,русское
тетралогия,заимствованное
тетрапак,заимствованное
тетрапаковския,заимствованное
тетраэдр,заимствованное
тефлон,заимствованное
тефлоновыя,заимствованное
тефтели,заимствованное
технарь,русское
технеций,заимствованное
технизировать,русское
техника,заимствованное
техникум,заимствованное
техницизм,русское
техническия,заимствованное
техничный,русское
техно,заимствованное
техногенез,заимствованное
техногенный,заимствованное
техногеосистема,заимствованное
технократ,заимствованное
технократизм,русское
технократическия,заимствованное
технократия,заимствованное
технолог,заимствованное
технологическия,заимствованное
технологичный,русское
технология,заимствованное
технопарк,русское
технополис,русское
технорук,русское
техносфера,заимствованное
техносферный,заимствованное
технотронный,русское
технофил,заимствованное
технофилий,заимствованное
технофильность,заимствованное
технофильный,заимствованное
технофобия,заимствованное
техноценоз,заимствованное
техноценологическия,заимствованное
техноэволюция,заимствованное
техобсло,заимствованное
техосмотр,русское
техп,русское
течение,русское
течка,русское
течь,заимствованное
ти,русское
тиамин,русское
тигель,заимствованное
тигельный,заимствованное
тигр,заимствованное
тие,русское
тии,русское
тик,заимствованное
тикать,русское
тиковыя,заимствованное
тильда,заимствованное
тимол,заимствованное
тимпан,заимствованное
тимус,заимствованное
тимьян,заимствованное
тинктура,русское
тип,заимствованное
типаж,заимствованное
типизация,русское
типизировать,русское
типическия,заимствованное
типичный,заимствованное
типовой,заимствованное
типограф,русское
типографическия,русское
типография,заимствованное
типографския,заимствованное
типологическия,русское
типология,заимствованное
тир,заимствованное
тирада,заимствованное
тираж,заимствованное
тиражировать,русское
тирамис,заимствованное
тиран,заимствованное
тиранить,русское
тираническия,русское
тирания,заимствованное
тиранство,русское
тиреотоксикоз,заимствованное
тиристор,русское
тироксин,заимствованное
тироксиновыя,заимствованное
тиски,русское
тит,русское
титан,заимствованное
титаническия,русское
титовка,русское
титр,заимствованное
титрование,заимствованное
титровать,заимствованное
титул,заимствованное
титульный,заимствованное
тить,русское
титься,русское
тиф,заимствованное
тифлит,заимствованное
тифлопедагогика,заимствованное
тихий,русское
тихоокеанския,русское
тихоходный,русское
тишь,русское
тия,заимствованное
тка,заимствованное
тканый,русское
ткань,русское
тканьё,русское
ткать,русское
ткач,русское
ткачество,русское
ткемали,заимствованное
ткия,русское
ткнуть,русское
ткнуться,русское
тлен,русское
тление,русское
тленный,русское
тлетворный,русское
тлеть,русское
тливыя,русское
тнии,русское
тникнуть,русское
тный,русское
то,заимствованное
тобогать,заимствованное
тов,русское
товар,русское
товарищ,русское
товарищеския,русское
товарищество,русское
товарнод,русское
товарность,русское
товаровед,русское
товароведение,русское
товарообмен,русское
товарооборот,русское
товаропроизводить,заимствованное
тодес,русское
тоет,русское
тож,русское
тождественный,русское
тождество,русское
тоио,русское
тоиот,русское
ток,русское
токката,заимствованное
токосъёмник,русское
токоферол,заимствованное
токсемия,заимствованное
токсикант,заимствованное
токсикоз,заимствованное
токсикозный,заимствованное
токсиколог,русское
токсикологическия,заимствованное
токсикология,заимствованное
токсикоманическия,русское
токсикомания,заимствованное
токсикометрия,русское
токсин,заимствованное
токсическия,русское
токсичность,заимствованное
токсичный,заимствованное
токсобность,заимствованное
тол,заимствованное
толерантность,заимствованное
толерантный,заимствованное
толк,русское
толкатель,русское
толкать,русское
толкаться,русское
толкач,русское
толкнуть,русское
толкование,русское
толкователь,русское
толковать,русское
толковыя,русское
толлинга,заимствованное
толлинговыя,заимствованное
толпа,русское
толпиться,русское
толстый,русское
толуол,русское
толченый,русское
толчея,русское
толчковыя,русское
толчок,русское
толща,русское
толщина,русское
толь,заимствованное
томат,заимствованное
томизм,русское
томильный,русское
томительный,русское
томить,русское
томиться,русское
томление,русское
томный,русское
томограмма,русское
томограф,русское
томография,заимствованное
томпа,русское
томпак,русское
тон,заимствованное
тональность,заимствованное
тональный,заимствованное
тонер,заимствованное
тонзиллит,заимствованное
тонизировать,русское
тоник,заимствованное
тонировать,русское
тоническия,заимствованное
тонкия,русское
тонковолокнуть,заимствованное
тонколистовый,русское
тонкомер,русское
тонкость,русское
тонна,заимствованное
тоннаж,русское
тоннель,заимствованное
тоннельный,заимствованное
тонный,русское
тоновой,русское
тоновыя,заимствованное
тонометр,заимствованное
тонометрия,русское
тонус,заимствованное
тонуть,русское
тоня,русское
топ,заимствованное
топенант,русское
топить,русское
топиться,русское
топка,русское
топкия,русское
топленый,русское
топливо,русское
топливозапра,русское
топляк,русское
топлёсс,заимствованное
топограф,русское
топография,заимствованное
топология,заимствованное
тополь,русское
топоним,заимствованное
топонимика,русское
топор,русское
топпинг,заимствованное
топтаться,русское
тор,заимствованное
тора,заимствованное
торакальный,заимствованное
торбол,заимствованное
торг,русское
торго,русское
торговать,русское
торговаться,русское
торговец,русское
торговля,русское
торговыя,русское
торгпра,русское
торец,русское
торжественный,русское
торжество,русское
торжествовать,русское
торий,русское
торить,русское
торкрет,заимствованное
торкретирование,русское
торкретировать,заимствованное
торможение,русское
тормоз,русское
тормозить,русское
тормозиться,русское
тормозной,русское
тороидальный,русское
торопиться,русское
торос,русское
торосистый,русское
тороситься,русское
торпеда,заимствованное
торпедировать,заимствованное
торпедист,русское
торпедный,заимствованное
торрент,заимствованное
торс,русское
торт,заимствованное
тортилья,заимствованное
тортильяс,заимствованное
торф,заимствованное
торфяной,русское
торцевой,русское
торцовыя,русское
торчать,русское
торшер,заимствованное
тоска,русское
тоскливыя,русское
тосковать,русское
тост,заимствованное
тостер,заимствованное
тот,заимствованное
тотализатор,русское
тоталитаризм,заимствованное
тоталитарист,заимствованное
тоталитарный,заимствованное
тотальный,заимствованное
тоф,заимствованное
точечный,русское
точка,заимствованное
точностный,русское
точность,русское
точный,русское
тошнота,русское
тр,русское
тра,русское
трава,русское
траверз,русское
траверс,русское
траверсный,русское
травертин,русское
травить,русское
травма,заимствованное
травматизм,русское
травматическия,заимствованное
травматичность,заимствованное
травматичный,заимствованное
травматолог,русское
травматологическия,заимствованное
травматология,заимствованное
травмировать,заимствованное
травмироваться,заимствованное
травмоопасный,русское
траволатор,заимствованное
травяной,русское
трагедия,заимствованное
трагизм,заимствованное
трагикомедия,заимствованное
трагикомическия,русское
трагикомичный,русское
трагифарс,русское
трагическия,заимствованное
трагичный,заимствованное
традиционализм,заимствованное
традиционалист,русское
традиционный,заимствованное
традиция,заимствованное
траектория,заимствованное
траекторный,заимствованное
траибализм,русское
трак,заимствованное
тракт,заимствованное
трактат,заимствованное
трактирщик,русское
трактовать,заимствованное
трактоваться,русское
трактор,заимствованное
тракторист,русское
трал,заимствованное
тралить,русское
тральщик,русское
трамбовать,заимствованное
трамбовка,русское
трамбовщик,русское
трамвай,русское
трамплин,заимствованное
трамплинный,заимствованное
транзакционый,русское
транзакция,заимствованное
транзистор,заимствованное
транзисторный,заимствованное
транзит,заимствованное
транзитивность,заимствованное
транзитивный,заимствованное
транзитный,заимствованное
транквилизатор,русское
транс,заимствованное
трансагентство,русское
трансакционный,заимствованное
трансакция,заимствованное
трансатланти,русское
трансграничный,русское
трансгрессия,заимствованное
транскрибатор,заимствованное
транскрибация,заимствованное
транскрибировать,заимствованное
транскрибироваться,заимствованное
транскрипта,заимствованное
транскриптом,заимствованное
транскриптор,заимствованное
транскрипционный,заимствованное
транскрипция,заимствованное
транслировать,заимствованное
транслитерация,заимствованное
транслятор,русское
трансляционный,заимствованное
трансляция,заимствованное
трансмиссия,русское
транснацион,заимствованное
транснационализ,заимствованное
транснациональый,заимствованное
трансовыя,заимствованное
трансокеа,заимствованное
транспарант,заимствованное
транспарентность,русское
транспирация,заимствованное
трансплантат,заимствованное
трансплантационный,заимствованное
трансплантация,заимствованное
трансплантировать,заимствованное
трансплантолог,русское
трансплантология,заимствованное
транспозиция,русское
транспондёр,русское
транспонировать,русское
транспорт,заимствованное
транспортабельный,заимствованное
транспортир,русское
транспортирование,заимствованное
транспортировать,заимствованное
транспортироваться,заимствованное
транспортировка,заимствованное
транспортировочный,заимствованное
транспортник,русское
транспортный,заимствованное
транспортёр,русское
транссексуализм,русское
транссудат,русское
трансфер,заимствованное
трансферный,заимствованное
трансферт,заимствованное
трансфертный,заимствованное
трансфизиолог,русское
трансфокатор,русское
трансформатор,заимствованное
трансформация,заимствованное
трансформера,заимствованное
трансформировать,русское
трансформироваться,русское
трансформист,русское
трансфузиология,заимствованное
трансфузионный,заимствованное
трансфузия,заимствованное
трансцендентальный,русское
трансцендентный,русское
транш,заимствованное
траншевыя,заимствованное
траншеекоп,заимствованное
траншеиный,заимствованное
траншея,заимствованное
трап,заимствованное
трапезник,русское
трапецеидальный,русское
трапеция,заимствованное
трапп,заимствованное
трас,заимствованное
трасология,заимствованное
трасса,заимствованное
трассиро,заимствованное
трассирование,заимствованное
трассировать,заимствованное
трассировка,заимствованное
трассируемость,заимствованное
трассовыя,заимствованное
траст,заимствованное
трастовыя,заимствованное
трата,заимствованное
тратить,русское
тратиться,русское
тратта,заимствованное
траур,русское
траурный,русское
трафарет,заимствованное
трафаретный,русское
трафик,заимствованное
трахеит,русское
трахеотомить,заимствованное
трахеотомическия,заимствованное
трахеотомия,заимствованное
трахея,русское
трахома,русское
трахоматозный,русское
тре,русское
требование,русское
требовательный,русское
требовать,русское
требоваться,русское
тревога,русское
тревожить,русское
тревожиться,русское
тревожный,русское
треволнение,русское
трегубый,русское
трезвомыс,русское
трезвость,русское
трезвыя,русское
треидерския,заимствованное
треидинга,заимствованное
треидинговыя,заимствованное
треидёр,заимствованное
треилера,заимствованное
треилерный,заимствованное
треисера,заимствованное
трек,заимствованное
трекбол,заимствованное
трекинг,заимствованное
трекинговыя,заимствованное
трекно,заимствованное
трековыя,заимствованное
трекпад,заимствованное
трекпоинт,заимствованное
трель,русское
трельяж,заимствованное
тремолит,русское
тремор,заимствованное
тренаж,заимствованное
тренажерный,заимствованное
тренажёр,заимствованное
тренд,заимствованное
тренер,заимствованное
тренерския,заимствованное
трензель,русское
трение,русское
тренинг,заимствованное
тренировать,заимствованное
тренироваться,русское
тренировка,русское
тренога,русское
треножник,русское
треонин,русское
трепальный,русское
трепанационный,заимствованное
трепанация,заимствованное
трепанировать,русское
трепаный,русское
трепать,русское
трепаться,русское
трепет,русское
трепетать,русское
трепетный,русское
треск,заимствованное
трескаться,русское
треснуть,русское
трест,русское
трестировать,русское
третеиския,русское
третие,русское
третировать,русское
третичный,русское
треть,русское
треугольник,русское
треугольный,русское
трехдневный,русское
трехзначный,русское
трехкратный,русское
трехлетние,русское
трехмерный,русское
трехместный,русское
трехмесячный,русское
трехс,русское
трехфазный,русское
трехэтажный,русское
треш,заимствованное
трешевыя,заимствованное
трещать,русское
трещина,русское
трещинный,русское
трещиноватый,русское
три,русское
триада,русское
триал,заимствованное
триалиста,заимствованное
триальный,заимствованное
триангуляция,русское
триас,заимствованное
триасовыя,заимствованное
триатлонист,заимствованное
триатлонный,заимствованное
триатлоно,заимствованное
трибуна,заимствованное
трибунал,заимствованное
тривиальность,русское
тривиальный,заимствованное
триггер,заимствованное
триггерный,заимствованное
тригонометрическия,заимствованное
тригонометрия,заимствованное
тридцатилетие,русское
тридцатилетние,русское
тридцать,русское
триединство,русское
триединый,русское
триквёлый,заимствованное
трико,русское
триколо,русское
триколор,заимствованное
триконь,русское
трикотаж,заимствованное
трикотажник,русское
трикотажный,заимствованное
трилистник,русское
триллер,заимствованное
триллион,русское
трилогия,русское
триместр,заимствованное
триммер,русское
тримминг,заимствованное
тримуртеть,заимствованное
трина,русское
тринадцать,русское
трио,заимствованное
триод,русское
трип,заимствованное
триплекс,заимствованное
триплексный,заимствованное
триплет,русское
трипсин,русское
триптих,заимствованное
триптофан,русское
триратный,заимствованное
триста,русское
тритий,русское
тритон,русское
триумвир,заимствованное
триумвират,русское
триумф,заимствованное
триумфальный,заимствованное
триумфатор,заимствованное
трифоль,русское
трихина,русское
трихинелла,русское
трихинеллёз,русское
трихология,заимствованное
трихотомия,заимствованное
трихофития,русское
трицепс,заимствованное
троакар,русское
трогательный,русское
трогать,русское
троеборье,русское
троекратный,русское
троик,русское
троиникнуть,русское
троиной,русское
троиня,русское
троиственный,русское
троить,русское
троиться,русское
троичатый,русское
троичный,русское
троллеибус,русское
троллей,заимствованное
троллинг,русское
троллить,русское
тролль,заимствованное
тромб,заимствованное
тромбин,русское
тромбическия,заимствованное
тромбоз,заимствованное
тромбозный,заимствованное
тромбон,русское
тромботическия,заимствованное
тромбофлебит,заимствованное
тромбофлебитный,заимствованное
трон,заимствованное
тронуть,русское
тронуться,русское
троп,заимствованное
тропизм,заимствованное
тропик,русское
тропинка,русское
тропопауза,русское
тропосфера,русское
трос,русское
тростник,русское
тросточка,русское
трость,русское
тротил,русское
тротуар,заимствованное
тротуарный,заимствованное
трофей,заимствованное
трофи,заимствованное
трофика,русское
трофическия,заимствованное
троюродный,русское
троякия,русское
труба,русское
трубадур,русское
трубач,русское
трубить,русское
трубка,русское
трубник,русское
трубовоз,русское
трубогибщик,русское
труболитеиный,русское
трубопровод,русское
трубопроводчик,русское
трубопрок,русское
труборез,русское
трубосварочный,русское
трубочист,русское
трубочка,русское
трубочный,русское
трубчатый,русское
труд,русское
трудиться,русское
трудновоспит,русское
трудноразрешить,заимствованное
трудность,русское
трудноуловить,русское
трудноуправляемый,русское
трудный,русское
трудоемкия,русское
трудолюбивыя,русское
трудолюбие,русское
трудоотдача,русское
трудосберегающие,русское
трудоспособность,русское
трудоспособный,русское
трудоустроиство,русское
трудоустроить,русское
трудоустроиться,русское
труженик,русское
труп,русское
трупный,русское
труппа,русское
трус,русское
трусить,русское
трусливыя,русское
трусость,русское
трущоба,русское
трю,русское
трюизм,заимствованное
трюк,русское
трюковыя,русское
трюм,заимствованное
трюмо,заимствованное
трюфель,заимствованное
тряпичный,русское
тряпка,русское
трясти,русское
трястись,русское
тряхнуть,русское
трёхмерность,русское
тския,русское
тто,заимствованное
туалет,русское
туба,заимствованное
туберкулезный,русское
туберкулин,русское
туберкулёз,заимствованное
тубус,заимствованное
тугоплавкий,русское
тугоухия,русское
тугоухость,русское
туер,русское
туз,заимствованное
туловище,русское
туляремия,русское
туманный,русское
тумба,заимствованное
тумблер,заимствованное
тун,заимствованное
тундра,заимствованное
тунец,русское
тунеядец,русское
тунеядство,русское
тунн,заимствованное
туннелирование,заимствованное
туннель,заимствованное
туннельный,заимствованное
тупик,русское
тупиковыя,русское
тупить,русское
тупиться,русское
тупоить,русское
тупоконечный,русское
тупоносыя,русское
тупоугольный,русское
тур,заимствованное
турбаза,русское
турбина,заимствованное
турбинный,русское
турбогенера,русское
турбогенератор,заимствованное
турбокомпра,русское
турбулентный,заимствованное
турецкия,русское
туризм,заимствованное
турист,заимствованное
туристическия,заимствованное
туристския,заимствованное
турне,заимствованное
турник,заимствованное
турникет,заимствованное
турникетный,заимствованное
турниковыя,заимствованное
турнир,заимствованное
турнирный,заимствованное
туф,заимствованное
туфобетон,русское
туша,заимствованное
туше,заимствованное
тушевать,русское
тушеный,русское
тушильный,русское
тушировать,заимствованное
тушить,русское
тушиться,русское
тушка,русское
тушь,заимствованное
тхеравад,заимствованное
тхэквондист,заимствованное
тхэквондо,заимствованное
тча,русское
тчатый,русское
тчик,русское
тщательный,русское
тывающие,русское
тыи,русское
тыква,русское
тыл,русское
тыловой,русское
тыльный,русское
тысяча,русское
тысячекратный,русское
тысячелетие,русское
тысячелистник,русское
тысячный,русское
ть,русское
тьма,русское
ться,заимствованное
тьютереть,русское
тьютор,русское
тюбик,русское
тюбинг,русское
тюк,русское
тюлень,русское
тюркология,заимствованное
тюрьма,русское
тя,русское
тяга,русское
тягач,русское
тяговыя,русское
тягостный,русское
тягость,русское
тягота,русское
тяготение,русское
тяготеть,русское
тяготить,русское
тяготиться,русское
тягучий,русское
тяжба,русское
тяжелеть,русское
тяжелоатлет,русское
тяжеловес,русское
тяжеловесный,русское
тяжеловоз,русское
тяжелый,русское
тяжесть,русское
тяжкия,русское
тянуть,русское
тянуться,русское
тётка,русское
тётя,русское
тёща,русское
уаит,заимствованное
уба,русское
убавить,русское
убавиться,русское
убавка,русское
убаюкать,русское
убегать,русское
убедительный,русское
убедить,русское
убедиться,русское
убежать,русское
убеждение,русское
убежденный,русское
убежище,русское
убелить,русское
убер,русское
уберечь,русское
уберечься,русское
убиваться,русское
убииственный,русское
убииство,русское
убиица,русское
убитый,русское
убить,русское
убоврачевание,русское
убоиный,русское
убопрокатчик,русское
уборочный,русское
уборщик,русское
убоукладчик,русское
убрать,русское
убраться,русское
убыль,русское
убытие,русское
убыток,русское
убыточный,русское
убыть,русское
уважаемый,русское
уважать,русское
уважение,русское
уважительный,русское
уважить,русское
уведомитель,русское
уведомительный,русское
уведомить,русское
уведомление,русское
увезти,русское
увековечение,русское
увековечить,русское
увековечиться,русское
увеличитель,русское
увеличительный,русское
увеличить,русское
увеличиться,русское
увенчать,русское
увенчаться,русское
увенчиваться,русское
уверение,русское
уверенность,русское
уверить,русское
увериться,русское
увернуться,русское
уверовать,русское
увертюра,заимствованное
увеселение,русское
увеселять,русское
увесистый,русское
увести,русское
увечить,русское
увечье,русское
увешать,русское
увещание,русское
увещевание,русское
уви,русское
увидеть,русское
увидеться,русское
увлажнитель,русское
увлажнить,русское
увлажниться,русское
увлекательный,русское
увлечение,русское
увлеченный,русское
увлечь,русское
увлечься,русское
уволить,русское
уволиться,русское
увольнение,русское
увольнительный,русское
увулярность,заимствованное
увулярный,заимствованное
увч,заимствованное
увчтерапия,русское
увязать,русское
увязнуть,русское
увянуть,русское
уга,русское
угадать,русское
угадываться,русское
угарный,русское
угаснуть,русское
углеводород,русское
угледобывающие,русское
угледобыча,русское
угледробилка,русское
углежжение,русское
углекислый,русское
угленосность,русское
угленосный,русское
углеобогатительный,русское
углепластик,русское
углепровод,русское
углерод,русское
угловатый,русское
угловой,русское
углогодовой,русское
угломер,русское
углубить,русское
углубиться,русское
углубление,русское
угнать,русское
угнаться,русское
угнетатель,русское
угнетать,русское
угнетение,русское
угнетенный,русское
уговорить,русское
угодить,русское
угодливыя,русское
угодник,русское
угодничество,русское
угодный,русское
угодье,русское
угол,русское
уголковыя,русское
уголовный,русское
уголок,русское
уголь,русское
угольник,русское
угольный,русское
угон,русское
угонный,русское
угонщик,русское
угооборот,русское
угообразный,русское
угостить,русское
уготовать,русское
уготовить,русское
угощ,русское
угощение,русское
угрожать,русское
угроза,русское
угрозыск,русское
угрызать,русское
угрызение,русское
угрюмый,русское
уд,русское
удаление,русское
удаленный,русское
удалить,русское
удалиться,русское
удар,русское
ударение,русское
ударить,русское
удариться,русское
ударник,русское
ударный,русское
ударопрочный,русское
удаться,русское
удача,русское
удачливыя,русское
удачный,русское
удвоить,русское
удвоиться,русское
уделить,русское
удельный,русское
удержание,русское
удержать,русское
удержаться,русское
удесятерить,русское
удесятериться,русское
удешевить,русское
удивительный,русское
удивить,русское
удивиться,русское
удивление,русское
удилище,русское
удлиненный,русское
удлинитель,русское
удлинить,русское
удлиниться,русское
удм,русское
уднодоступный,русское
уднопереводимый,русское
уднопроизносимый,русское
уднопроходимый,русское
удобный,русское
удобрение,русское
удобрительный,русское
удобрить,русское
удобство,русское
удовлетворение,русское
удовлетворительный,русское
удовлетворить,русское
удовлетвориться,русское
удовлетворять,русское
удовлетворённость,русское
удовольствие,русское
удовольствоваться,русское
удоговорение,русское
удодатель,русское
удоизбыточный,русское
удомоечный,русское
удон,заимствованное
удополучатель,русское
удорожить,русское
удорожиться,русское
удостов,русское
удостовер,русское
удостоверение,русское
удостоверить,русское
удостовериться,русское
удостоить,русское
удостоиться,русское
удотерапия,русское
удочерить,русское
удочка,русское
удручить,русское
удручиться,русское
удушить,русское
удушливыя,русское
удушье,русское
уединенный,русское
уединить,русское
уединиться,русское
уехать,русское
ужалить,русское
ужас,русское
ужаснуть,русское
ужаснуться,русское
ужасный,русское
ужать,русское
ужаться,русское
ужесточиться,русское
ужин,русское
ужинать,русское
уза,заимствованное
узако,русское
узаконить,русское
узанс,заимствованное
узел,русское
узенькия,русское
узи,заимствованное
узкия,русское
узкова,русское
узкогрупповой,русское
узкопрагмати,русское
узкопрофильный,русское
узкоспециализированный,русское
узкоспециальный,русское
узкость,русское
узнаваемый,русское
узнать,русское
узник,русское
узо,заимствованное
узобагаж,русское
узовместить,русское
узопассажирския,русское
узоперевозка,русское
узор,русское
узуальность,заимствованное
узуальный,заимствованное
узурпатор,заимствованное
узурпаторския,заимствованное
узурпация,заимствованное
узурпировать,заимствованное
узус,заимствованное
узуфрукт,заимствованное
узуфруктарий,заимствованное
уик,заимствованное
уикенд,русское
уисун,заимствованное
уить,русское
ук,заимствованное
указ,русское
указание,русское
указатель,русское
указать,русское
указка,русское
указывать,русское
укатать,русское
укататься,русское
укатить,русское
укатиться,русское
укачать,русское
уквоотливноить,русское
уквопечатающие,русское
уклад,русское
укладка,русское
укладчик,русское
укло,русское
уклон,русское
уклонить,русское
уклониться,русское
уклончивыя,русское
уключина,русское
уковоспроизведение,русское
укол,русское
уколоть,русское
уколоться,русское
укомплектовать,русское
укомплектоваться,русское
укообразие,русское
укооформитель,русское
укопоглощающие,русское
укоподражание,русское
укор,русское
укоренить,русское
укорениться,русское
укоризна,русское
укоризненный,русское
укорить,русское
укоротить,русское
укосигнальный,русское
укосниматель,русское
укоулавливатель,русское
украсить,русское
украситься,русское
украсть,русское
украшательство,русское
украшение,русское
укрепительный,русское
укрепить,русское
укрепиться,русское
укрепление,русское
укромный,русское
укротитель,русское
укротить,русское
укрупнить,русское
укрупниться,русское
укрыватель,русское
укрывательство,русское
укрывной,русское
укрытие,русское
укрыть,русское
укрыться,русское
уксус,заимствованное
уксуснокислый,русское
уксусный,заимствованное
укулела,заимствованное
укупорка,русское
укус,русское
укусить,русское
укутать,русское
укутаться,русское
ул,заимствованное
уладить,русское
уладиться,русское
улексит,заимствованное
уленепробиваемый,русское
улететь,русское
улетучиться,русское
улечься,русское
улика,русское
улица,русское
уличить,русское
уличный,русское
улов,заимствованное
уловитель,русское
уловить,русское
уловка,русское
уложить,русское
уложиться,русское
улуна,заимствованное
улус,заимствованное
улучить,русское
улучшение,русское
улучшить,русское
улучшиться,русское
улы,русское
улыбаться,русское
улыбка,русское
улыбнуть,русское
улыбнуться,русское
уль,заимствованное
ульт,русское
ультимат,русское
ультимативный,заимствованное
ультиматум,заимствованное
ультимиллионер,русское
ультра,заимствованное
ультраабиссаль,заимствованное
ультраабиссальный,заимствованное
ультрабук,заимствованное
ультразвук,русское
ультраконсервативный,заимствованное
ультраконсерватизм,заимствованное
ультраконсерватить,русское
ультраконсерватор,заимствованное
ультракоротковый,русское
ультрал,русское
ультрамарин,заимствованное
ультрамариновыя,заимствованное
ультрамикроскоп,заимствованное
ультрамикроскопическия,заимствованное
ультрамикроскопия,заимствованное
ультранационализм,заимствованное
ультранационалист,заимствованное
ультранационалистическия,заимствованное
ультранационалистския,заимствованное
ультрапастеризация,заимствованное
ультрапастеризованный,заимствованное
ультрапатриот,заимствованное
ультрапатриотизм,заимствованное
ультрапатриотическия,заимствованное
ультраправыя,русское
ультрарадикал,заимствованное
ультрарадикализм,заимствованное
ультрарадикальный,заимствованное
ультрареволюционер,русское
ультрасонограмм,заимствованное
ультрасонографист,заимствованное
ультрасонография,заимствованное
ультрафиол,русское
ультрафиолет,заимствованное
ультрафиолетовыя,заимствованное
улёт,русское
ум,заимствованное
умалить,русское
умалишенный,русское
умбра,заимствованное
умбристый,заимствованное
умелец,русское
умелый,русское
умение,русское
уменьшение,русское
уменьшительный,русское
уменьшить,русское
уменьшиться,русское
умера,русское
умеренный,русское
умереть,русское
умерить,русское
умертвить,русское
уместить,русское
уместиться,русское
уместный,русское
уметь,русское
умиление,русское
умилительный,русское
умилить,русское
умилиться,русское
умильный,русское
умирать,русское
умиротворить,русское
умиротвориться,русское
умлаут,заимствованное
умма,заимствованное
умнеть,русское
умножение,русское
умножить,русское
умножиться,русское
умный,русское
умо,русское
умозаключение,русское
умозаключить,русское
умозрение,русское
умозрительный,русское
умолить,русское
умолкнуть,русское
умолчание,русское
умолчать,русское
умонастроение,русское
умопеленгатор,русское
умственный,русское
умудриться,русское
умывальник,русское
умывальный,русское
умысел,русское
умыть,русское
умыться,русское
умышленный,русское
умять,русское
унавозить,русское
унарный,русское
унаследовать,русское
унести,русское
унестись,русское
уни,заимствованное
униат,заимствованное
униатския,заимствованное
универмаг,русское
универсал,русское
универсализировать,заимствованное
универсализм,заимствованное
универсалист,заимствованное
универсалистския,заимствованное
универсалия,заимствованное
универсальный,заимствованное
универсам,русское
универсант,заимствованное
универсиада,заимствованное
универсиадный,заимствованное
университет,заимствованное
университетския,заимствованное
универсум,заимствованное
унижение,русское
униженный,русское
унизительный,русское
унизить,русское
унизиться,русское
унизя,русское
уникально,русское
уникальный,заимствованное
уникум,заимствованное
униноминальный,заимствованное
унионизм,заимствованное
унионист,заимствованное
унионистския,заимствованное
унисон,заимствованное
унисонный,заимствованное
унитаз,русское
унитаризм,заимствованное
унитарист,заимствованное
унитаристския,заимствованное
унитарный,заимствованное
унификатор,русское
унификация,заимствованное
унифицировать,заимствованное
униформа,заимствованное
униформист,заимствованное
уничижать,русское
уничижаться,русское
уничижительный,русское
уничтожитель,русское
уничтожить,русское
уничтожиться,русское
уния,заимствованное
уноглобулин,русское
унодефицит,русское
унодиагностик,русское
уностимулятор,русское
унотерапия,русское
унт,заимствованное
унция,русское
унывать,русское
унылость,русское
унылый,русское
уныние,русское
унять,русское
уняться,русское
упа,русское
упадническия,русское
упадок,русское
упадочный,русское
упаковать,русское
упаковаться,русское
упаковка,русское
упаковщик,русское
упанишад,заимствованное
упарить,русское
упариться,русское
упасть,русское
упереть,русское
упереться,русское
упитанность,русское
уплата,русское
уплатить,русское
уплотнение,русское
уплотненный,русское
уплотнитель,русское
уплотнить,русское
уплотниться,русское
уплощить,русское
уплощиться,русское
уплыть,русское
упноблочный,русское
упномасштабный,русское
упнопанельный,русское
упносерииный,русское
упование,русское
уповать,русское
уподобить,русское
уподобиться,русское
уподый,русское
упоение,русское
упоить,русское
упокоение,русское
упокоить,русское
упокоиться,русское
упокой,русское
уползти,русское
уполномоченный,русское
уполномочие,русское
уполномочить,русское
упоминание,русское
упомянуть,русское
упор,русское
упорный,русское
упорство,русское
упорствовать,русское
упорхнуть,русское
упорядоченный,русское
упорядочить,русское
упорядочиться,русское
употребительный,русское
употребить,русское
употребиться,русское
управленец,русское
управление,русское
управленчество,русское
управль,русское
управляемость,русское
управляемый,русское
управлять,русское
управляющие,русское
управомоченный,русское
управомочить,русское
упражнение,русское
упражнять,русское
упражняться,русское
упразднить,русское
упраздниться,русское
упреждение,русское
упрекать,русское
упросить,русское
упростить,русское
упроститься,русское
упростой,русское
упрочить,русское
упрочиться,русское
упрочнить,русское
упрочниться,русское
упрощение,русское
упрощенный,русское
упрощенческия,русское
упрощенчество,русское
упругия,русское
упругость,русское
упряжка,русское
упрямиться,русское
упрямый,русское
упрёк,русское
упустить,русское
упущение,русское
упциог,заимствованное
упциогенный,русское
уравнение,русское
уравнительный,русское
уравновесить,русское
уравновеситься,русское
уравновешенный,русское
уравнять,русское
уравняться,русское
ураган,заимствованное
ураганный,заимствованное
уран,заимствованное
урановыя,заимствованное
урбанизационный,заимствованное
урбанизация,заимствованное
урбанизировать,заимствованное
урбанизироваться,заимствованное
урбанизм,заимствованное
урбанист,заимствованное
урбанистика,заимствованное
урбанистическия,заимствованное
урбанистския,заимствованное
урбечий,заимствованное
урбобур,русское
урдопедагог,русское
урдопедагогика,русское
урдоперевод,русское
урдопереводчик,русское
уре,русское
урегулировать,русское
урегулироваться,русское
урез,русское
урезать,русское
уреми,русское
уремическия,заимствованное
уремия,заимствованное
уретерита,заимствованное
уретра,заимствованное
уретрит,русское
уретропластика,заимствованное
уретроскоп,заимствованное
уретроскопическия,заимствованное
уретроскопия,заимствованное
уретроцистить,заимствованное
урина,заимствованное
уринотерапевтическия,заимствованное
уринотерапия,заимствованное
урна,русское
уро,заимствованное
уровень,русское
уровнемер,русское
уровнять,русское
уровняться,русское
урогинеколог,заимствованное
урогинекологическия,заимствованное
урогинекология,заимствованное
урографическия,заимствованное
урография,заимствованное
урожаиность,русское
урожай,русское
уроженец,русское
урок,русское
уролог,заимствованное
урологическия,заимствованное
урология,заимствованное
урон,русское
уронить,русское
уроплата,русское
урочный,русское
урсопотребление,русское
урсосберегающие,русское
урсосбережение,русское
урфилософ,русское
урюк,заимствованное
ус,русское
уса,русское
усадить,русское
усадка,русское
усадочный,русское
усадьба,русское
усвоить,русское
усвояемость,русское
усердие,русское
усердный,русское
усердствовать,русское
усесться,русское
усечь,русское
усидчивыя,русское
усилие,русское
усилитель,русское
усилительный,русское
усилить,русское
усилиться,русское
ускользнуть,русское
ускорение,русское
ускоритель,русское
ускорительный,русское
ускорить,русское
ускориться,русское
усло,русское
условие,русское
условиться,русское
условленный,русское
условнорефлекто,русское
условность,русское
условный,русское
усложненный,русское
усложнить,русское
усложниться,русское
услоочистительный,русское
услуга,русское
услышать,русское
усмехнуться,русское
усмешка,русское
усмирительный,русское
усмирить,русское
усмириться,русское
усмотрение,русское
усмотреть,русское
уснуть,русское
усовершенствование,русское
усовершенствовать,русское
усовершенствоваться,русское
усопшие,русское
усохнуть,русское
успеваемость,русское
успевать,русское
успеть,русское
успех,русское
успешный,русское
успока,русское
успокаивающие,русское
успоко,русское
успокоенный,русское
успокоитель,русское
успокоительный,русское
успокоить,русское
успокоиться,русское
усредненный,русское
усреднитель,русское
усреднить,русское
усредниться,русское
уставный,русское
усталостный,русское
усталость,русское
усталый,русское
устано,русское
установить,русское
установиться,русское
установка,русское
установление,русское
установочный,русское
установщик,русское
устареть,русское
устать,русское
устлать,русское
устный,русское
устоичивыя,русское
устой,русское
устонаселенный,русское
устоять,русское
устранимый,русское
устранить,русское
устраниться,русское
устрашить,русское
устрашиться,русское
устремить,русское
устремиться,русское
устремление,русское
устремлённость,русское
устрица,заимствованное
устричный,заимствованное
устро,заимствованное
устроение,русское
устрожение,русское
устроиство,русское
устроительный,русское
устроительство,русское
устроить,русское
устроиться,русское
уступ,русское
уступительный,русское
уступить,русское
уступка,русское
уступообразный,русское
устыдить,русское
усугубить,русское
усугубиться,русское
усушка,русское
усыновитель,русское
усыновить,русское
усыпать,русское
усыпить,русское
утаить,русское
утащить,русское
утварь,русское
утвердительный,русское
утвердить,русское
утвердиться,русское
утверждать,русское
утверждение,русское
утеплитель,русское
утеплительный,русское
утеплить,русское
утечка,русское
утечь,русское
утешение,русское
утешитель,русское
утешительный,русское
утешить,русское
утешиться,русское
ути,русское
утилизатор,заимствованное
утилизационный,заимствованное
утилизация,заимствованное
утилизировать,заимствованное
утилизироваться,заимствованное
утилита,заимствованное
утилитаризм,заимствованное
утилитарист,заимствованное
утилитаристския,заимствованное
утилитарность,заимствованное
утилитарный,заимствованное
утиль,заимствованное
утихнуть,русское
утка,русское
уткать,русское
утолить,русское
утолстить,русское
утолщение,русское
утомительный,русское
утомить,русское
утомиться,русское
утомление,русское
утомляемость,русское
утонуть,русское
утонченный,русское
утончить,русское
утончиться,русское
утопать,русское
утопизм,заимствованное
утопист,заимствованное
утопить,русское
утопическия,заимствованное
утопичный,русское
утопия,заимствованное
утопленник,русское
утоптать,русское
уточнение,русское
уточнить,русское
уточниться,русское
утрамбовать,русское
утрамбоваться,русское
утрата,русское
утратить,русское
утратиться,русское
утреннии,русское
утренник,русское
утрированный,заимствованное
утрировать,заимствованное
утро,русское
утроба,русское
утробный,русское
утроить,русское
утроиться,русское
утруска,русское
утрясти,русское
утрястись,русское
утюг,русское
утяжелитель,русское
утяжелить,русское
утяжелиться,русское
уфология,заимствованное
ухаживать,русское
ухватить,русское
ухватиться,русское
ухищрение,русское
ухищренный,русское
ухищряться,русское
ухкилометровыя,русское
ухнуть,русское
ухо,русское
уход,русское
уходить,русское
ухоженный,русское
ухонемои,русское
ухопротезирование,русское
ухудшить,русское
ухудшиться,русское
уценить,русское
уценка,русское
уцепиться,русское
участвовать,русское
участие,русское
участить,русское
участиться,русское
участковыя,русское
участливыя,русское
участник,русское
участок,русское
участь,русское
учащенный,русское
уче,русское
учебник,русское
учебный,русское
учение,русское
ученик,русское
ученическия,русское
ученичество,русское
ученый,русское
учесть,русское
учетный,русское
училище,русское
учинить,русское
учитель,русское
учительския,русское
учительство,русское
учить,русское
учиться,русское
учновнедренческия,русское
учнопрактическия,русское
учнопроизводственный,русское
учнотеоретическия,русское
учнотехническия,русское
учредитель,русское
учредительный,русское
учредительство,русское
учредить,русское
учредиться,русское
учрежде,русское
учреждение,русское
учрежденческия,русское
учтивость,русское
учтивыя,русское
учёт,русское
учётчик,русское
ушибить,русское
ушибиться,русское
ушить,русское
ушу,заимствованное
ушуистския,заимствованное
ушуистый,заимствованное
ушь,заимствованное
ущемить,русское
ущемиться,русское
ущерб,русское
ущербный,русское
ущипнуть,русское
уют,русское
уютный,русское
уя,заимствованное
уязвимый,русское
уяснить,русское
уясниться,русское
фа,русское
фабрика,заимствованное
фабрикак,русское
фабриковать,заимствованное
фабричный,заимствованное
фабула,заимствованное
фаворит,заимствованное
фаворитизм,заимствованное
фавус,заимствованное
фаг,заимствованное
фаговыя,заимствованное
фагопрофил,заимствованное
фагот,заимствованное
фаготерапия,заимствованное
фагофобия,заимствованное
фагоцит,заимствованное
фагоцитировать,русское
фагоцитоз,заимствованное
фаера,заимствованное
фаервол,заимствованное
фаза,заимствованное
фазан,русское
фазмофобия,заимствованное
фазный,русское
фазовращ,заимствованное
фазовыя,заимствованное
фазометр,заимствованное
фазотрон,заимствованное
фаидешина,заимствованное
фаил,заимствованное
фаиловыя,заимствованное
фай,заимствованное
факел,заимствованное
факелоно,русское
факелоносец,русское
факир,заимствованное
факс,заимствованное
факсимиле,заимствованное
факсимильный,заимствованное
факсовыя,заимствованное
факт,заимствованное
фактически,заимствованное
фактическия,заимствованное
фактичный,заимствованное
фактограф,заимствованное
фактографическия,заимствованное
фактографичный,заимствованное
фактография,заимствованное
фактоид,заимствованное
фактологическия,русское
фактология,русское
фактор,заимствованное
факториал,заимствованное
факторинг,заимствованное
факторный,заимствованное
фактура,заимствованное
фактурный,заимствованное
факультатив,заимствованное
факультативный,заимствованное
факультет,заимствованное
факультетския,заимствованное
фал,заимствованное
фаланга,заимствованное
фалафель,заимствованное
фалафельный,заимствованное
фалда,заимствованное
фалеристика,заимствованное
фалеристый,заимствованное
фалинь,заимствованное
фаллическия,заимствованное
фаллос,заимствованное
фалреп,заимствованное
фальсификат,заимствованное
фальсификатор,заимствованное
фальсификация,заимствованное
фальсифицировать,заимствованное
фальстарт,заимствованное
фальц,заимствованное
фальцевать,заимствованное
фальцет,заимствованное
фальцовка,заимствованное
фальша,заимствованное
фальшборт,заимствованное
фальшивить,заимствованное
фальшивыя,заимствованное
фальшкиль,заимствованное
фальшпанель,заимствованное
фальшпол,заимствованное
фальшпотолок,заимствованное
фальшфеиер,заимствованное
фальшь,заимствованное
фамилия,русское
фамильярничать,заимствованное
фамильярность,заимствованное
фамильярный,заимствованное
фан,заимствованное
фанат,заимствованное
фанатизм,заимствованное
фанатик,заимствованное
фанатическия,заимствованное
фанатичный,заимствованное
фанатовския,заимствованное
фанатския,заимствованное
фанатство,заимствованное
фанатствовать,заимствованное
фанготерапия,заимствованное
фандраизер,заимствованное
фандраизинг,заимствованное
фандраизинговыя,заимствованное
фанера,заимствованное
фанерный,заимствованное
фанерозой,заимствованное
фанк,заимствованное
фановыя,заимствованное
фантазииный,заимствованное
фантазировать,заимствованное
фантазия,заимствованное
фантазм,заимствованное
фантазёр,заимствованное
фантазёрство,русское
фантасмагорическия,заимствованное
фантасмагория,заимствованное
фантаст,заимствованное
фантастика,заимствованное
фантастическия,заимствованное
фантастичный,заимствованное
фантом,заимствованное
фантомный,заимствованное
фанфара,заимствованное
фанфарон,заимствованное
фанфаронство,заимствованное
фара,русское
фарада,заимствованное
фарадей,заимствованное
фарватер,заимствованное
фарватерный,заимствованное
фарингит,заимствованное
фарингитный,заимствованное
фарингоскопия,заимствованное
фарис,русское
фарисеиствовать,русское
фарисей,русское
фаркопа,заимствованное
фармакогнозия,заимствованное
фармакогный,русское
фармакодинамика,заимствованное
фармакокинетика,заимствованное
фармаколог,русское
фармакологическия,заимствованное
фармакология,заимствованное
фармакопея,заимствованное
фармакотерапия,русское
фармакофобия,заимствованное
фармакохимия,русское
фармацевт,заимствованное
фармацевтика,заимствованное
фармацевтическия,заимствованное
фармация,заимствованное
фарминг,заимствованное
фарминговыя,заимствованное
фармпрепарат,русское
фарс,заимствованное
фарсовыя,заимствованное
фартлек,заимствованное
фартук,заимствованное
фарфор,заимствованное
фарфоровыя,заимствованное
фарш,заимствованное
фаршировать,заимствованное
фас,заимствованное
фасад,заимствованное
фасадный,заимствованное
фасет,заимствованное
фаска,заимствованное
фасовать,заимствованное
фасовка,заимствованное
фасовочный,заимствованное
фасовщик,заимствованное
фасоль,русское
фасон,заимствованное
фасонный,заимствованное
фасция,заимствованное
фат,заимствованное
фатализм,заимствованное
фаталист,заимствованное
фаталистическия,заимствованное
фаталистичный,заимствованное
фатальный,заимствованное
фатум,заимствованное
фауна,заимствованное
фаутный,русское
фахверк,заимствованное
фахверковыя,заимствованное
фахитас,заимствованное
фациальный,заимствованное
фация,заимствованное
фашизировать,русское
фашизм,заимствованное
фашина,заимствованное
фашинный,заимствованное
фашист,заимствованное
фашиствовать,русское
фашистския,заимствованное
фаянс,заимствованное
фаянсовыя,заимствованное
фбр,русское
федерализация,русское
федерализм,заимствованное
федералист,заимствованное
федералистския,заимствованное
федеральный,заимствованное
федеративный,заимствованное
федерать,заимствованное
федерация,заимствованное
фединг,заимствованное
феерическия,заимствованное
фееричный,заимствованное
феерия,заимствованное
феиерверк,заимствованное
феиерверкёр,заимствованное
феиерверочный,заимствованное
фекалия,заимствованное
фекальный,заимствованное
фелинология,заимствованное
фельдшер,заимствованное
фельдшерскоакуша,заимствованное
фельдъ,заимствованное
фельдъегерския,заимствованное
фельдъегерь,заимствованное
фельетон,заимствованное
фельетонист,заимствованное
фельетонный,заимствованное
фелюга,заимствованное
феминизация,заимствованное
феминизм,заимствованное
феминист,заимствованное
феминистическия,заимствованное
феминистския,заимствованное
феминность,заимствованное
феминный,заимствованное
фемтый,заимствованное
фен,заимствованное
фенакит,заимствованное
феникс,русское
фенилаланин,заимствованное
феногенетик,заимствованное
фенокопия,заимствованное
фенол,заимствованное
фенолог,заимствованное
фенологическия,заимствованное
фенология,заимствованное
фенольный,заимствованное
феномен,заимствованное
феноменализм,заимствованное
феноменалист,русское
феноменальный,заимствованное
феноменологическия,заимствованное
феноменология,заимствованное
фенопласт,русское
фенотип,заимствованное
фенхель,заимствованное
феодализм,заимствованное
феодальный,русское
ферзевыя,заимствованное
ферзь,заимствованное
ферма,заимствованное
фермата,заимствованное
фермент,заимствованное
ферментативный,заимствованное
ферментатор,заимствованное
ферментационный,заимствованное
ферментация,заимствованное
ферментировать,заимствованное
ферментный,заимствованное
ферментология,заимствованное
фермер,заимствованное
фермерския,заимствованное
фермерство,заимствованное
фермий,заимствованное
фермион,заимствованное
фермионный,заимствованное
фермуар,заимствованное
фернамбук,заимствованное
фернамбуковыя,заимствованное
феромон,заимствованное
фероньерка,заимствованное
ферримагнетизм,заимствованное
ферримагнетик,заимствованное
ферримагнитный,заимствованное
феррит,заимствованное
ферромагнетизм,заимствованное
ферромагнетик,заимствованное
ферромагнетическия,заимствованное
ферромагнитный,заимствованное
фертеть,заимствованное
фертильность,заимствованное
фертильный,заимствованное
фестив,русское
фестиваль,заимствованное
фестивальный,заимствованное
фестон,заимствованное
фестонный,заимствованное
фет,заимствованное
фетва,заимствованное
фетиш,заимствованное
фетишизировать,русское
фетишизм,заимствованное
фетишист,заимствованное
фетр,заимствованное
фетровыя,заимствованное
фехтовальный,заимствованное
фехтовальщик,заимствованное
фехтование,заимствованное
фехтовать,заимствованное
фешенебельный,заимствованное
фея,заимствованное
фз,русское
фиан,русское
фианит,русское
фиаско,заимствованное
фиберглас,заимствованное
фибра,заимствованное
фибрилла,заимствованное
фибриллярный,заимствованное
фибрилляция,заимствованное
фибрин,заимствованное
фибриноген,заимствованное
фиброаденома,заимствованное
фиброз,заимствованное
фиброин,заимствованное
фиброма,заимствованное
фибромиома,заимствованное
фибросаркома,заимствованное
фигаро,заимствованное
фигляр,заимствованное
фигура,заимствованное
фигуральный,заимствованное
фигурант,заимствованное
фигуративный,русское
фигурировать,заимствованное
фигурист,заимствованное
фигурный,заимствованное
фид,заимствованное
фидер,заимствованное
фидерный,заимствованное
фидуциарный,русское
физик,заимствованное
физика,заимствованное
физикогеографическия,русское
физикоматематическия,русское
физикотехническия,русское
физикохимическия,русское
физиогномика,заимствованное
физиолог,заимствованное
физиологическия,заимствованное
физиологичный,заимствованное
физиология,заимствованное
физиономист,заимствованное
физиономия,заимствованное
физиотерапевт,заимствованное
физиотерапевтическия,заимствованное
физиотерапия,заимствованное
физическия,заимствованное
физкульт,русское
физкультура,русское
физкультурник,русское
физкультурномассовыя,русское
физкультурнооздоровительный,русское
физраствор,русское
физя,заимствованное
фик,заимствованное
фикомицета,заимствованное
фиксаж,русское
фиксатив,заимствованное
фиксатор,заимствованное
фиксация,заимствованное
фиксинг,заимствованное
фиксированный,заимствованное
фиксировать,заимствованное
фиксироваться,русское
фиктивный,заимствованное
фикция,заимствованное
филантроп,заимствованное
филантропизм,русское
филантропия,заимствованное
филармоническия,заимствованное
филармония,заимствованное
филателист,заимствованное
филателия,заимствованное
филе,заимствованное
филеночный,заимствованное
филенчатый,заимствованное
филиал,заимствованное
филиальный,заимствованное
филиация,заимствованное
филигранный,заимствованное
филигранология,заимствованное
филигрань,заимствованное
филировать,заимствованное
филистер,заимствованное
филлер,заимствованное
филлотаксис,заимствованное
филогенез,заимствованное
филогенетика,заимствованное
филогенетическия,заимствованное
филогения,заимствованное
филокартист,заимствованное
филокартия,заимствованное
филолог,заимствованное
филология,заимствованное
философ,заимствованное
философичный,русское
философия,заимствованное
философския,заимствованное
философскоправовой,русское
философствовать,заимствованное
филофонист,заимствованное
филофония,заимствованное
филуменист,заимствованное
филумения,заимствованное
фильдекос,заимствованное
фильдеперс,заимствованное
фильм,заимствованное
фильмотека,заимствованное
фильтр,заимствованное
фильтрат,заимствованное
фильтрационный,заимствованное
фильтрация,заимствованное
фильтровальный,заимствованное
фильтровать,заимствованное
фильтроваться,заимствованное
фильтровочный,русское
фильц,заимствованное
филёнка,заимствованное
фимиам,заимствованное
фимоз,заимствованное
фина,русское
финал,заимствованное
финалист,заимствованное
финальный,заимствованное
финансирование,заимствованное
финансировать,заимствованное
финансист,заимствованное
финансовыя,заимствованное
финансы,заимствованное
финик,заимствованное
финиковыя,заимствованное
финифть,заимствованное
финиш,заимствованное
финишировать,заимствованное
финишный,заимствованное
финт,заимствованное
фиолетовыя,заимствованное
фиорд,заимствованное
фиоритура,заимствованное
фирма,заимствованное
фирменный,заимствованное
фирн,заимствованное
фирновыя,заимствованное
фиск,заимствованное
фискальный,заимствованное
фисташка,заимствованное
фисташковыя,заимствованное
фистула,заимствованное
фитбол,заимствованное
фитиль,заимствованное
фитин,русское
фитинг,заимствованное
фитнес,заимствованное
фито,заимствованное
фитобар,заимствованное
фитобентос,заимствованное
фитогидротерапия,заимствованное
фитококтеиль,заимствованное
фитоконтроль,заимствованное
фитомасса,заимствованное
фитомелиорация,заимствованное
фитонцид,заимствованное
фитопланктон,заимствованное
фитотерапия,заимствованное
фитотоксичность,заимствованное
фитофаг,заимствованное
фитофтора,русское
фитоценоз,заимствованное
фиточай,русское
фишай,заимствованное
фишер,заимствованное
фишинга,заимствованное
фишинговыя,заимствованное
фишка,русское
фия,заимствованное
флаг,заимствованное
флагман,заимствованное
флагманския,заимствованное
флагманство,заимствованное
флагшток,заимствованное
флагштурман,русское
флажковыя,русское
флажогод,заимствованное
флажок,заимствованное
флакон,заимствованное
фламбе,заимствованное
фламбирование,заимствованное
фламбировать,заимствованное
фламенко,заимствованное
фланг,заимствованное
фланговыя,заимствованное
фланелевыя,заимствованное
фланель,заимствованное
фланец,заимствованное
фланировать,заимствованное
фланцевыя,заимствованное
флат,заимствованное
флаттер,заимствованное
флебит,заимствованное
флебограмм,заимствованное
флебография,заимствованное
флеболог,заимствованное
флебология,заимствованное
флегма,заимствованное
флегматизм,заимствованное
флегматик,заимствованное
флегматическия,заимствованное
флегматичный,заимствованное
флегмона,заимствованное
флегмонозный,заимствованное
флеит,заимствованное
флеитистый,заимствованное
флеица,заимствованное
флексииный,заимствованное
флексия,заимствованное
флексор,заимствованное
флективность,заимствованное
флективный,заимствованное
флера,заимствованное
флешбэк,заимствованное
флешка,заимствованное
флешмоб,заимствованное
флешмобер,заимствованное
флигель,заимствованное
флизелина,заимствованное
флизелиновыя,заимствованное
флинт,заимствованное
флинтглас,заимствованное
флипчарт,заимствованное
флирт,заимствованное
флиртовать,заимствованное
флис,заимствованное
флисовыя,заимствованное
фло,русское
флокен,заимствованное
фломастер,заимствованное
флора,заимствованное
флорбол,заимствованное
флорболистый,заимствованное
флорбольный,заимствованное
флори,заимствованное
флорист,заимствованное
флористика,заимствованное
флористическия,заимствованное
флосса,заимствованное
флоссера,заимствованное
флот,заимствованное
флотационный,заимствованное
флотация,заимствованное
флотилия,заимствованное
флотирование,заимствованное
флотския,заимствованное
флоэ,заимствованное
флуктуация,заимствованное
флуоресцентный,заимствованное
флуоресценция,заимствованное
флуоресцировать,заимствованное
флуоресцирующие,заимствованное
флэта,заимствованное
флювиальный,заимствованное
флюгер,заимствованное
флюгерный,заимствованное
флюид,заимствованное
флюктуация,заимствованное
флюоресцентный,заимствованное
флюоресценция,заимствованное
флюоресцировать,заимствованное
флюоресцирующие,заимствованное
флюорит,заимствованное
флюорограф,русское
флюорографическия,заимствованное
флюорография,заимствованное
флюс,заимствованное
фляга,заимствованное
флёша,заимствованное
фобическия,заимствованное
фобия,заимствованное
фоий,заимствованное
фок,заимствованное
фокальный,заимствованное
фокачча,заимствованное
фокстрот,заимствованное
фокус,заимствованное
фокусировать,заимствованное
фокусироваться,заимствованное
фокусник,заимствованное
фокусничество,русское
фокусный,заимствованное
фол,заимствованное
фолиант,заимствованное
фолить,заимствованное
фолкнуть,заимствованное
фолликул,заимствованное
фолликулит,заимствованное
фолликулярный,заимствованное
фольварк,русское
фольга,заимствованное
фольговыя,заимствованное
фольклор,заимствованное
фольклорист,заимствованное
фольклористика,заимствованное
фольклористическия,заимствованное
фольклорный,заимствованное
фон,заимствованное
фонарь,заимствованное
фонационный,заимствованное
фонация,заимствованное
фонд,заимствованное
фондать,заимствованное
фондирование,заимствованное
фондировать,заимствованное
фондовыя,заимствованное
фондообраз,русское
фондооснащенный,русское
фондоёмкость,русское
фондю,заимствованное
фонема,заимствованное
фонендоскоп,заимствованное
фонетика,заимствованное
фонетист,заимствованное
фонетическия,заимствованное
фониатр,заимствованное
фониатрий,заимствованное
фоника,заимствованное
фонить,заимствованное
фоническия,заимствованное
фоно,заимствованное
фоновыя,заимствованное
фонограмма,заимствованное
фонограммный,заимствованное
фонограф,русское
фонокардиограмма,заимствованное
фонокардиографическия,заимствованное
фонокардиография,заимствованное
фонолит,заимствованное
фонологическия,заимствованное
фонология,заимствованное
фонометр,заимствованное
фонон,заимствованное
фононный,заимствованное
фоноскоп,заимствованное
фонотека,заимствованное
фонтанировать,русское
фора,заимствованное
форвард,заимствованное
форвардный,заимствованное
форвардския,заимствованное
фордевинд,заимствованное
форзац,заимствованное
форма,заимствованное
формализация,заимствованное
формализм,заимствованное
формализовать,заимствованное
формализоваться,русское
формалин,заимствованное
формалист,заимствованное
формалистика,русское
формалистить,заимствованное
формалистическия,заимствованное
формалистичный,заимствованное
формалистския,заимствованное
формальдегид,заимствованное
формальнологическия,русское
формальность,заимствованное
формальноюридическия,русское
формальный,заимствованное
формат,заимствованное
форматирование,заимствованное
форматировать,заимствованное
форматный,заимствованное
формация,заимствованное
форменный,заимствованное
формирование,заимствованное
формировать,заимствованное
формироваться,заимствованное
формировка,заимствованное
формировщик,заимствованное
формовальный,заимствованное
формование,заимствованное
формовать,заимствованное
формоваться,русское
формовка,заимствованное
формовой,заимствованное
формовочный,заимствованное
формовщик,заимствованное
формоизмена,русское
формула,заимствованное
формулировать,заимствованное
формулироваться,русское
формулировка,заимствованное
формуляр,заимствованное
формулярный,заимствованное
формфактор,заимствованное
форпик,заимствованное
форпост,заимствованное
форс,заимствованное
форсаж,заимствованное
форсированный,заимствованное
форсировать,заимствованное
форсунка,заимствованное
форт,заимствованное
фортель,заимствованное
фортепьянный,заимствованное
фортепьяно,заимствованное
фортиссимо,заимствованное
фортификация,заимствованное
форточка,русское
фортуна,заимствованное
форум,заимствованное
форшлаг,заимствованное
форшмак,заимствованное
форштевень,заимствованное
фосген,заимствованное
фоссилизация,заимствованное
фоссилия,заимствованное
фосфат,заимствованное
фосфатирование,заимствованное
фосфатировать,заимствованное
фосфатный,заимствованное
фосфид,заимствованное
фосфин,заимствованное
фосфор,заимствованное
фосфоресценция,заимствованное
фосфоресцировать,заимствованное
фосфоресцирующие,заимствованное
фосфористый,заимствованное
фосфорит,заимствованное
фосфоритный,заимствованное
фосфорическия,заимствованное
фосфорнок,русское
фосфорный,заимствованное
фосфоросодерж,заимствованное
фот,русское
фотарий,заимствованное
фото,заимствованное
фотоальбом,заимствованное
фотоаппарат,заимствованное
фотоателье,заимствованное
фотобактерия,заимствованное
фотобиология,заимствованное
фотобионт,заимствованное
фотобиоть,русское
фотогалерея,заимствованное
фотогеничный,заимствованное
фотограф,заимствованное
фотографирование,заимствованное
фотографировать,заимствованное
фотографироваться,заимствованное
фотографическия,заимствованное
фотографичный,заимствованное
фотография,заимствованное
фотожурналист,заимствованное
фотожурналистика,заимствованное
фотокамера,заимствованное
фотокер,русское
фотоклуб,русское
фотоко,заимствованное
фотокопия,заимствованное
фотокорреспондент,заимствованное
фотолиз,заимствованное
фотолитография,заимствованное
фотолюминесцентный,заимствованное
фотолюминесценция,заимствованное
фотоматериа,русское
фотоматериал,заимствованное
фотометр,заимствованное
фотометрическия,заимствованное
фотометрия,заимствованное
фотомеханика,заимствованное
фотомода,русское
фотомодель,заимствованное
фотомонт,русское
фотомонтаж,заимствованное
фотон,заимствованное
фотонабо,русское
фотонный,заимствованное
фотоновыя,заимствованное
фотоофтальмия,заимствованное
фотопериодизм,заимствованное
фотоплан,заимствованное
фотопортр,русское
фотопринтер,заимствованное
фотопро,русское
фотореакть,русское
фоторедактор,заимствованное
фоторезистор,заимствованное
фоторепорт,русское
фоторепортаж,заимствованное
фоторепортёр,заимствованное
фоторо,русское
фоторобот,заимствованное
фоторужьё,русское
фотосалон,заимствованное
фотосинтез,заимствованное
фотосинтетическия,заимствованное
фотостудия,заимствованное
фотота,заимствованное
фототека,заимствованное
фототелегр,русское
фототеодоля,заимствованное
фототерапевтическия,заимствованное
фототерапия,заимствованное
фототехник,заимствованное
фототипическия,заимствованное
фототипия,заимствованное
фототроф,заимствованное
фотофиниш,заимствованное
фотофора,заимствованное
фотохро,русское
фотошабнуть,заимствованное
фотоэлектреть,русское
фотоэлемент,заимствованное
фотоэмульсионный,заимствованное
фотоэмульсия,заимствованное
фотоэпиляция,заимствованное
фотоэфф,русское
фотоэффект,заимствованное
фрагмент,заимствованное
фрагментарный,заимствованное
фрагментационный,русское
фрагментация,заимствованное
фрагментировать,заимствованное
фраза,заимствованное
фразеолог,заимствованное
фразеологизм,заимствованное
фразеологическия,заимствованное
фразеология,заимствованное
фразировать,заимствованное
фразировка,заимствованное
фразовыя,заимствованное
фразёрство,русское
фрак,заимствованное
фрактал,заимствованное
фрактальный,заимствованное
фрактура,русское
фракцио,русское
фракционер,русское
фракционировать,заимствованное
фракционный,заимствованное
фракция,заимствованное
фрамуга,заимствованное
франкирование,заимствованное
франкировать,заимствованное
франкировка,заимствованное
франко,заимствованное
франция,заимствованное
франчаизер,заимствованное
франчаизинг,заимствованное
франчаизинговыя,заимствованное
франчаизь,заимствованное
франшиза,заимствованное
фрапп,заимствованное
фрахт,заимствованное
фрахтование,заимствованное
фрахтователь,заимствованное
фрахтовать,заимствованное
фрахтовщик,заимствованное
фрачный,заимствованное
фрг,заимствованное
фреатофит,заимствованное
фрегат,заимствованное
фреза,заимствованное
фрезерный,заимствованное
фрезеровальный,заимствованное
фрезерование,заимствованное
фрезеровать,заимствованное
фрезеровщик,заимствованное
фреимовыя,заимствованное
фреить,заимствованное
френч,заимствованное
фреон,заимствованное
фреонный,заимствованное
фреоновыя,заимствованное
фреска,заимствованное
фри,заимствованное
фривольничать,заимствованное
фривольность,заимствованное
фривольный,заимствованное
фригидность,заимствованное
фригидный,заимствованное
фридаивер,заимствованное
фридаивинг,заимствованное
фриз,заимствованное
фрикаделька,заимствованное
фрикасе,заимствованное
фрикционный,русское
фрилансер,русское
фрираида,заимствованное
фрираидер,заимствованное
фрираидовыя,заимствованное
фрисби,заимствованное
фристаилер,заимствованное
фристаилист,заимствованное
фристаить,заимствованное
фритюр,заимствованное
фритюрница,заимствованное
фронда,заимствованное
фрондировать,заимствованное
фрондёр,заимствованное
фронт,заимствованное
фронтальный,заимствованное
фронтиспис,заимствованное
фронтисписный,заимствованное
фронтит,заимствованное
фронтовик,русское
фронтовой,русское
фронтогенез,заимствованное
фронтолиз,заимствованное
фронтон,заимствованное
фронтонный,заимствованное
фрота,заимствованное
фрукт,заимствованное
фруктарианство,заимствованное
фруктовыя,заимствованное
фруктоза,заимствованное
фруктозный,заимствованное
фрукторианец,заимствованное
фрустрационный,заимствованное
фрустрация,заимствованное
фтизиатр,заимствованное
фтизиатрическия,заимствованное
фтизиатрия,заимствованное
фтор,заимствованное
фторид,заимствованное
фторирование,заимствованное
фторировать,заимствованное
фтористый,заимствованное
фторопласт,заимствованное
фторопластовыя,заимствованное
фуа,заимствованное
фуга,заимствованное
фуганок,заимствованное
фугас,заимствованное
фугасный,заимствованное
фугато,заимствованное
фугетта,заимствованное
фугировать,заимствованное
фуговать,заимствованное
фуговыя,заимствованное
фужер,заимствованное
фузия,заимствованное
фуллерена,заимствованное
фуллереновыя,заимствованное
фуллерид,заимствованное
фуллерита,заимствованное
фуллеритовыя,заимствованное
фульгурит,заимствованное
фуляр,заимствованное
фуляровыя,заимствованное
фумарол,заимствованное
фумигант,заимствованное
фумигатор,заимствованное
фумигация,заимствованное
фунгицид,заимствованное
фунгицидность,заимствованное
фунгицидный,заимствованное
фунготерапия,заимствованное
фунда,русское
фундамент,заимствованное
фундаментализм,заимствованное
фундаменталист,заимствованное
фундаменталистския,заимствованное
фундаменталь,заимствованное
фундаментально,заимствованное
фундаментальность,заимствованное
фундаментальный,заимствованное
фундаментный,заимствованное
фундированный,заимствованное
фундировать,заимствованное
фундук,заимствованное
фуникулерный,заимствованное
фуникулита,заимствованное
фуникулёр,заимствованное
функционал,заимствованное
функционализм,русское
функционально,заимствованное
функциональность,заимствованное
функциональный,заимствованное
функционер,заимствованное
функционерския,заимствованное
функционирование,заимствованное
функционировать,заимствованное
функция,заимствованное
фура,заимствованное
фураж,заимствованное
фуражир,заимствованное
фуражка,заимствованное
фуражный,заимствованное
фургон,заимствованное
фургонный,заимствованное
фурка,заимствованное
фурма,заимствованное
фурменный,заимствованное
фурнитура,заимствованное
фурор,заимствованное
фурункул,заимствованное
фурункулезный,заимствованное
фурункульный,заимствованное
фурункулёз,заимствованное
фурфурол,заимствованное
фуршет,заимствованное
фуршетный,заимствованное
фуст,заимствованное
футбол,заимствованное
футболист,заимствованное
футболистския,заимствованное
футболка,русское
футбольный,заимствованное
футбэ,заимствованное
футерование,заимствованное
футеровать,заимствованное
футеровка,заимствованное
футеровщик,заимствованное
футзал,заимствованное
футзалиста,заимствованное
футзальный,заимствованное
футинг,заимствованное
футляр,заимствованное
футовыя,русское
футокс,заимствованное
футор,заимствованное
футуризм,заимствованное
футурист,заимствованное
футуристическия,заимствованное
футуристския,заимствованное
футуролог,заимствованное
футурологическия,заимствованное
футурология,заимствованное
футшток,заимствованное
фуфаик,русское
фуэте,заимствованное
фьорд,заимствованное
фьордовыя,заимствованное
фьюжный,заимствованное
фьюмингование,заимствованное
фьюминговать,заимствованное
фьючерс,заимствованное
фьючерсный,заимствованное
фэ,заимствованное
фэнтезииный,заимствованное
фэншуя,заимствованное
фюзеляж,заимствованное
фюзеляжный,заимствованное
фюма,заимствованное
фюрер,заимствованное
фюрерския,заимствованное
ха,русское
хаб,заимствованное
хабанера,заимствованное
хадж,заимствованное
хаджи,заимствованное
хадис,заимствованное
хаикинг,заимствованное
хаиринг,заимствованное
хаирофобия,заимствованное
хакер,заимствованное
хакерския,заимствованное
хакерство,заимствованное
хаки,заимствованное
хакинг,заимствованное
хала,заимствованное
халазион,заимствованное
халат,русское
халатный,русское
халва,заимствованное
халиф,заимствованное
халифат,заимствованное
халифския,заимствованное
халцедон,заимствованное
халцедоновыя,заимствованное
халькопирит,заимствованное
халяль,заимствованное
халяльный,заимствованное
хамелеон,заимствованное
хамелеоновыя,заимствованное
хаммам,заимствованное
хамския,русское
хамство,русское
хан,русское
ханжа,заимствованное
ханжеския,заимствованное
ханжеской,русское
ханжество,заимствованное
ханука,заимствованное
ханукальный,заимствованное
ханукия,заимствованное
хаос,заимствованное
хаотическия,заимствованное
хаотичный,заимствованное
характер,заимствованное
характеризовать,заимствованное
характеризоваться,русское
характеристика,заимствованное
характеристическия,заимствованное
характерный,заимствованное
характерология,заимствованное
харвестер,заимствованное
хард,заимствованное
хардвер,заимствованное
харизма,заимствованное
харизматик,заимствованное
харизматическия,заимствованное
харизматичность,заимствованное
харизматичный,заимствованное
хартия,русское
харчо,заимствованное
хасид,заимствованное
хасидизм,заимствованное
хасидския,заимствованное
хафиз,заимствованное
хафпаип,заимствованное
хафпаипер,заимствованное
хафпаиповыя,заимствованное
хачапури,заимствованное
хвала,русское
хвалебный,русское
хвалить,русское
хвастать,русское
хвастаться,русское
хвастливыя,русское
хвастовство,русское
хват,русское
хватание,русское
хватательный,русское
хватать,русское
хватить,русское
хватиться,русское
хво,русское
хвоиный,русское
хворост,русское
хвост,заимствованное
хвостовик,русское
хевить,заимствованное
хедер,заимствованное
хедж,заимствованное
хеджевыя,заимствованное
хеджер,заимствованное
хеджирование,заимствованное
хеджировать,заимствованное
хелата,заимствованное
хелатный,заимствованное
хеморецепция,заимствованное
хемосинтез,заимствованное
хемосорбция,заимствованное
хемостерилянт,заимствованное
хемотаксис,заимствованное
хемотроф,заимствованное
хемотрофный,заимствованное
хендбаик,заимствованное
хенна,заимствованное
хеппенинг,заимствованное
хеппи,заимствованное
херес,заимствованное
хет,заимствованное
хета,заимствованное
хетчбек,заимствованное
хеш,заимствованное
хеширование,заимствованное
хи,заимствованное
хиджаб,заимствованное
хии,русское
хилера,заимствованное
хилерство,заимствованное
хилинга,заимствованное
химера,заимствованное
химерическия,заимствованное
химеричный,заимствованное
химерный,заимствованное
химизация,заимствованное
химизировать,заимствованное
химик,заимствованное
химикалии,заимствованное
химикат,заимствованное
химио,заимствованное
химиотерап,русское
химиотерапевт,заимствованное
химиотерапевтическия,заимствованное
химиотерапия,заимствованное
химическия,заимствованное
химия,заимствованное
химмотология,русское
химус,заимствованное
хина,заимствованное
хинди,заимствованное
хинин,заимствованное
хинкал,заимствованное
хинозола,заимствованное
хинон,заимствованное
хинонный,заимствованное
хиноновыя,заимствованное
хионосфера,заимствованное
хионофил,заимствованное
хионофоб,заимствованное
хионофобия,заимствованное
хип,заимствованное
хиппи,заимствованное
хипстер,заимствованное
хипхо,заимствованное
хиральность,заимствованное
хиральный,заимствованное
хиро,заимствованное
хиромант,заимствованное
хиромантия,заимствованное
хиропрактик,заимствованное
хиропрактическия,заимствованное
хиротехник,заимствованное
хиротония,заимствованное
хирург,заимствованное
хирургическия,заимствованное
хирургия,заимствованное
хит,заимствованное
хитин,заимствованное
хитиновыя,заимствованное
хитовыя,заимствованное
хитон,заимствованное
хитрить,русское
хитрость,русское
хитрый,русское
хищение,русское
хищник,русское
хищническия,русское
хищничество,русское
хищный,русское
хл,русское
хладнокровие,русское
хладнокровный,русское
хламидиоз,заимствованное
хламидиозный,заимствованное
хламидия,заимствованное
хлеб,русское
хлебоб,русское
хлебоприемный,русское
хлебопёк,русское
хлестать,русское
хлесткия,русское
хло,заимствованное
хлоазма,заимствованное
хлопать,русское
хлопнуть,русское
хлопок,русское
хлопотать,русское
хлопоты,русское
хлопчатник,русское
хлопчатобум,русское
хлопчатый,русское
хлопья,русское
хлор,заимствованное
хлорал,заимствованное
хлоралгидрат,заимствованное
хлорат,заимствованное
хлоратор,заимствованное
хлорацетофенон,заимствованное
хлорвинил,заимствованное
хлорвиниловыя,заимствованное
хлоремия,заимствованное
хлорид,заимствованное
хлорирование,заимствованное
хлорированный,заимствованное
хлорировать,заимствованное
хлорироваться,русское
хлористый,заимствованное
хлорит,заимствованное
хлоритовыя,русское
хлорметан,заимствованное
хлорный,заимствованное
хлороз,заимствованное
хлоропласт,заимствованное
хлорофилл,заимствованное
хлорофилловыя,заимствованное
хлороформ,заимствованное
хлороформирование,заимствованное
хлороформировать,заимствованное
хлорофос,заимствованное
хлынуть,русское
хлыст,русское
хмат,русское
хмель,русское
хна,заимствованное
хник,заимствованное
хникнуть,русское
хнуть,русское
хня,русское
хо,русское
хобби,заимствованное
ход,русское
ходатаиство,русское
ходатаиствовать,русское
ходимость,русское
ходить,русское
ходячий,русское
хоздоговый,русское
хозить,русское
хозяин,русское
хозяиничать,русское
хозяиския,русское
хозяиственник,русское
хозяиственный,русское
хозяиство,русское
хозяиствовать,русское
хокк,заимствованное
хоккеиный,заимствованное
хоккеист,заимствованное
хоккей,заимствованное
хол,русское
холангит,заимствованное
холдинг,заимствованное
холдинговыя,заимствованное
холемия,заимствованное
холера,заимствованное
холерик,заимствованное
холерическия,заимствованное
холерный,заимствованное
холестаз,заимствованное
холестатическия,заимствованное
холестерин,заимствованное
холестеринемия,заимствованное
холестериновыя,заимствованное
холецистит,заимствованное
холециститный,заимствованное
холецистография,заимствованное
холизм,заимствованное
холин,заимствованное
холиноблокатор,заимствованное
холиноблокирующие,заимствованное
холинолитика,заимствованное
холинолитическия,заимствованное
холинорецептор,заимствованное
холинэстераза,заимствованное
холистическия,заимствованное
холистичный,заимствованное
холка,русское
холл,заимствованное
холм,русское
холод,русское
холодеть,русское
холодильник,русское
холодильный,русское
холодный,русское
холодостый,русское
холокост,заимствованное
холостить,русское
холостой,русское
холостяк,русское
хомут,русское
хондра,заимствованное
хондриома,заимствованное
хондрит,заимствованное
хондроидный,заимствованное
хондрома,заимствованное
хондроматоз,заимствованное
хондромный,заимствованное
хондросарком,заимствованное
хонинговальный,заимствованное
хонингование,заимствованное
хонинговать,заимствованное
хоппер,заимствованное
хор,заимствованное
хорал,заимствованное
хоральный,заимствованное
хорда,заимствованное
хореическия,заимствованное
хорей,заимствованное
хореограф,заимствованное
хореографическия,заимствованное
хореография,заимствованное
хориоидит,заимствованное
хорион,заимствованное
хорист,заимствованное
хормеистереть,заимствованное
хормеистерския,заимствованное
хоровод,русское
хоровой,заимствованное
хоронить,русское
хорошие,русское
хоррор,заимствованное
хоспис,заимствованное
хосписный,заимствованное
хост,заимствованное
хостел,заимствованное
хостинг,заимствованное
хостинговыя,заимствованное
хостирование,заимствованное
хостировать,заимствованное
хостёс,заимствованное
хота,заимствованное
хотеть,русское
хотеться,русское
храбрец,русское
храбрость,русское
храбрый,русское
храм,русское
хранение,русское
хранилище,русское
хранитель,русское
хранить,русское
храниться,русское
хреб,русское
хребет,русское
хребтовыя,русское
хребтый,русское
хрестоматииный,заимствованное
хрестоматия,заимствованное
хризоберилл,заимствованное
хризоберилловыя,заимствованное
хризолит,заимствованное
хризолитовыя,заимствованное
хризопраз,заимствованное
хризопразовыя,заимствованное
хризотерапевтическия,заимствованное
хризотерапия,заимствованное
хризотил,заимствованное
хрисоэлефантинный,заимствованное
христианизация,заимствованное
христианизировать,заимствованное
христианизироваться,русское
христианин,заимствованное
христианския,заимствованное
христианство,заимствованное
христологическия,заимствованное
христология,заимствованное
хрия,заимствованное
хром,заимствованное
хромат,заимствованное
хроматида,заимствованное
хроматизм,заимствованное
хроматин,заимствованное
хроматиновыя,заимствованное
хроматическия,заимствованное
хромато,заимствованное
хроматограф,заимствованное
хроматографическия,заимствованное
хроматография,заимствованное
хроматофобия,заимствованное
хроматофор,заимствованное
хромать,русское
хромель,русское
хромирование,заимствованное
хромировать,заимствованное
хромистый,заимствованное
хромит,заимствованное
хромитовыя,заимствованное
хромоалитирование,заимствованное
хромоалитировать,заимствованное
хромоальбумин,заимствованное
хромовыя,заимствованное
хромоген,заимствованное
хромогенный,заимствованное
хромои,русское
хромой,заимствованное
хромолитогра,русское
хромолитографическия,заимствованное
хромолитография,заимствованное
хромомикоз,заимствованное
хромонема,заимствованное
хромопласт,заимствованное
хромосома,заимствованное
хромосомный,заимствованное
хромота,русское
хромотипическия,заимствованное
хромотипия,заимствованное
хромофобия,заимствованное
хромофор,заимствованное
хромоцистоскопия,заимствованное
хронаксиметрия,заимствованное
хронаксия,заимствованное
хроника,заимствованное
хроникальный,заимствованное
хроникёр,заимствованное
хроническия,заимствованное
хроно,заимствованное
хронограф,заимствованное
хронографическия,русское
хронологическия,заимствованное
хронология,заимствованное
хронометр,заимствованное
хронометраж,заимствованное
хронометражный,русское
хронометрировать,заимствованное
хронометрист,русское
хронометрическия,русское
хроноскоп,заимствованное
хроноскопическия,заимствованное
хронотип,заимствованное
хронотоп,заимствованное
хронофармакологическия,заимствованное
хронофармакология,заимствованное
хрупкия,русское
хруст,русское
хрусталик,русское
хрусталь,заимствованное
хрустальный,заимствованное
хрустеть,русское
хрящ,русское
хта,русское
хтоническия,заимствованное
хть,заимствованное
худеть,русское
худить,заимствованное
худоба,заимствованное
художественный,русское
художник,русское
худой,русское
худощавыя,русское
хук,заимствованное
хулахуп,заимствованное
хулиган,заимствованное
хулиганить,русское
хулиганския,заимствованное
хулиганство,заимствованное
хумуса,заимствованное
хунта,заимствованное
хурал,русское
хурма,заимствованное
хурул,заимствованное
хутор,русское
хх,заимствованное
хьюмидора,заимствованное
ца,русское
цадик,заимствованное
цанга,заимствованное
цанговыя,заимствованное
цапонлак,заимствованное
цапфа,заимствованное
царапать,русское
царапаться,русское
царапина,русское
царапнуть,русское
царизм,русское
царить,русское
царица,русское
царския,русское
царство,русское
царствование,русское
царствовать,русское
царь,русское
цвести,русское
цвет,русское
цветение,русское
цветность,русское
цветок,русское
це,русское
цевка,русское
цевьё,русское
цедент,заимствованное
цедить,русское
цедра,заимствованное
цезаризм,русское
цезиевыя,заимствованное
цезий,заимствованное
цезура,заимствованное
цезурный,заимствованное
цеитнота,заимствованное
цеитнотный,заимствованное
целебный,русское
целевой,русское
целенаправленный,русское
целесообразный,русское
целеуказание,русское
целеустремленный,русское
целиакииный,заимствованное
целиакий,заимствованное
целибат,заимствованное
целибатный,заимствованное
целик,русское
целина,русское
целинник,русское
целитель,русское
целительный,русское
целить,русское
целиться,русское
целлофан,заимствованное
целлофановыя,заимствованное
целлулоид,заимствованное
целлулоидный,заимствованное
целлулоидовыя,заимствованное
целлюлита,заимствованное
целлюлитный,заимствованное
целлюлоза,заимствованное
целлюлозный,заимствованное
целлюлярный,заимствованное
целовать,русское
целоваться,русское
целое,заимствованное
целомическия,заимствованное
целомудренный,русское
целомудрие,русское
целостный,русское
целость,русское
целый,русское
цель,русское
цельнок,русское
цельноко,русское
цельный,русское
цельсий,русское
цем,русское
цемент,заимствованное
цементационный,заимствованное
цементация,заимствованное
цементирование,заимствованное
цементировать,заимствованное
цементироваться,заимствованное
цементный,заимствованное
цементобетон,заимствованное
цементобетонный,заимствованное
цементовать,русское
цементовоз,русское
цена,русское
ценз,заимствованное
цензовыя,заимствованное
цензор,заимствованное
цензорския,заимствованное
цензура,заимствованное
цензурирование,заимствованное
цензурировать,заимствованное
цензурный,заимствованное
ценитель,русское
ценить,русское
цениться,русское
ценник,русское
ценностный,русское
ценность,русское
ценный,русское
ценобионт,заимствованное
ценобионтный,заимствованное
ценовыя,русское
ценоз,заимствованное
ценозный,заимствованное
ценообразов,заимствованное
ценотип,заимствованное
ценотипическия,заимствованное
ценотическия,заимствованное
центнер,заимствованное
центр,заимствованное
централизация,заимствованное
централизм,заимствованное
централизованный,заимствованное
централизовать,заимствованное
централизоваться,русское
центральный,заимствованное
центратор,русское
центризбирко,заимствованное
центризм,заимствованное
центриоль,заимствованное
центрировать,заимствованное
центрист,заимствованное
центристския,заимствованное
центрифуга,заимствованное
центрифугирование,заимствованное
центрифугировать,заимствованное
центрическия,русское
центробежный,русское
центровальный,русское
центровать,русское
центровка,русское
центровой,заимствованное
центроплан,русское
центросома,заимствованное
центростремительный,русское
ценуроз,русское
цеолит,заимствованное
цеолитный,заимствованное
цепенеть,русское
цепкия,русское
цеплять,русское
цепляться,русское
цепной,русское
цепочка,русское
цеппелин,заимствованное
цепь,русское
цербер,русское
церебральный,заимствованное
церемониал,заимствованное
церемониальный,заимствованное
церемониться,заимствованное
церемония,заимствованное
церемонный,заимствованное
цериевыя,заимствованное
церий,заимствованное
церк,русское
церковный,русское
церковь,русское
цессион,русское
цессионарий,заимствованное
цессия,заимствованное
цестода,заимствованное
цех,заимствованное
цеховик,русское
цеховой,заимствованное
циан,заимствованное
цианирование,русское
цианистый,заимствованное
цианобакт,заимствованное
цианобактерия,заимствованное
циановыя,русское
цианоз,заимствованное
цивилизатор,русское
цивилизационный,заимствованное
цивилизация,заимствованное
цивилизировать,заимствованное
цивилизованность,заимствованное
цивилизованный,заимствованное
цивилизовать,заимствованное
цивилизоваться,русское
цивилист,русское
цивилистика,русское
цивильный,заимствованное
цигун,заимствованное
ции,заимствованное
цикл,заимствованное
циклевать,заимствованное
циклизация,русское
циклическия,заимствованное
цикличный,заимствованное
цикло,заимствованное
циклогенез,заимствованное
циклоида,заимствованное
циклон,заимствованное
циклоническия,заимствованное
циклонный,заимствованное
циклоп,заимствованное
циклопическия,русское
циклотрон,заимствованное
циклотронный,заимствованное
цикля,заимствованное
цикориевыя,заимствованное
цикорий,заимствованное
цикорный,заимствованное
цилиндр,заимствованное
цилиндрическия,заимствованное
цилиндровыя,заимствованное
цимбала,заимствованное
цимбалист,заимствованное
цимбальный,заимствованное
цинга,заимствованное
цинготный,заимствованное
цинизм,заимствованное
циник,заимствованное
циническия,заимствованное
циничный,заимствованное
цинк,заимствованное
цинкование,заимствованное
цинкованный,заимствованное
цинковать,заимствованное
цинковыя,заимствованное
цинкография,русское
цинубель,заимствованное
цирк,заимствованное
циркадианный,заимствованное
циркадный,заимствованное
цирковой,заимствованное
циркон,заимствованное
цирконий,заимствованное
цирконовыя,заимствованное
циркулирование,заимствованное
циркулировать,заимствованное
циркуль,заимствованное
циркульный,заимствованное
циркуляр,заимствованное
циркулярный,заимствованное
циркуляционный,заимствованное
циркуляция,заимствованное
цирроз,заимствованное
циррозный,заимствованное
циста,заимствованное
цистерна,заимствованное
цистерновыя,заимствованное
цистит,заимствованное
циститный,заимствованное
цистоскоп,заимствованное
цистоскопическия,заимствованное
цистоскопия,заимствованное
цитадель,заимствованное
цитадельный,заимствованное
цитата,заимствованное
цитировать,заимствованное
цитогенетика,заимствованное
цитогенетическия,заимствованное
цитодиагностика,заимствованное
цитодиагностическия,заимствованное
цитологическия,заимствованное
цитология,заимствованное
цитоплазма,заимствованное
цитоплазматическия,заимствованное
цитоплазменный,заимствованное
цитоплазмон,заимствованное
цитотоксин,заимствованное
цитохимическия,заимствованное
цитохимия,заимствованное
цитра,заимствованное
цитрат,заимствованное
цитрин,заимствованное
цитрон,заимствованное
цитронелла,заимствованное
цитрус,заимствованное
цитрусовый,заимствованное
цитрусовыя,заимствованное
цитый,заимствованное
циферблат,заимствованное
циферблатный,заимствованное
цифра,заимствованное
цифроаналоговыя,заимствованное
цифровизация,русское
цифровой,заимствованное
ция,заимствованное
цк,заимствованное
цокать,русское
цоколь,заимствованное
цокольный,заимствованное
цокот,русское
цугцванг,заимствованное
цукат,заимствованное
цукатный,заимствованное
цуна,русское
цунами,заимствованное
цы,заимствованное
цыплёнок,русское
ча,заимствованное
чабан,заимствованное
чабаний,заимствованное
чабанския,заимствованное
чага,заимствованное
чадра,заимствованное
чаеводство,русское
чаеразва,русское
чаеупаковочный,русское
чаинворда,заимствованное
чаиникнуть,русское
чаиный,русское
чаихан,заимствованное
чаиханщик,заимствованное
чай,русское
чакра,заимствованное
чалма,заимствованное
чан,русское
чанахи,заимствованное
чардаш,заимствованное
чарльстон,заимствованное
чарт,заимствованное
чартер,заимствованное
чартерный,заимствованное
час,русское
часовня,русское
часовой,русское
частица,русское
частичный,русское
частновлад,русское
частногосуд,русское
частность,русское
частный,русское
частота,русское
частотомер,русское
частый,русское
часть,русское
чат,заимствованное
чатиться,заимствованное
чатовыя,заимствованное
чатый,русское
чахохбили,заимствованное
чаша,русское
чашка,русское
чаяние,русское
чванливыя,русское
чванство,русское
чебурек,заимствованное
чебуречная,заимствованное
чей,русское
чек,заимствованное
чекан,русское
чеканить,русское
чеканка,русское
чеканный,русское
чековыя,заимствованное
чекодатель,русское
челеста,заимствованное
челов,русское
человек,русское
человекод,русское
человеколоть,русское
человеколюбить,русское
человекообрый,русское
человекоподый,русское
человекоубииство,русское
человеческия,русское
человечество,русское
человечность,русское
человечный,русское
человый,русское
челюсть,русское
чемодан,заимствованное
чемоданный,заимствованное
чемпион,заимствованное
чемпионат,заимствованное
чемпионатный,заимствованное
чемпионския,заимствованное
чемпионство,заимствованное
чение,русское
ченный,русское
чепрак,заимствованное
чепрачный,заимствованное
чердак,русское
череда,русское
чередование,русское
чередовать,русское
чередоваться,русское
черенок,русское
череп,русское
черепаха,русское
черепит,русское
черепица,русское
черепной,русское
черепномозговый,русское
черепок,русское
чересполосица,русское
чересполый,русское
черноб,русское
чернобелый,русское
чернозём,русское
чернокожие,русское
чернослив,русское
черный,русское
черпать,русское
черта,русское
чертежный,русское
чертить,русское
чертёж,русское
ческия,русское
чесотка,русское
чество,русское
чествование,русское
чествовать,русское
честный,русское
честоль,русское
честолюбец,русское
честолюбивыя,русское
честолюбие,русское
честь,русское
четверг,русское
четверо,русское
четвероногия,русское
четвертина,русское
четвертичный,русское
четвертый,русское
четверть,русское
четвёрка,русское
четкия,русское
четный,русское
четыре,русское
четыреста,русское
четырехдневный,русское
четырехкратный,русское
четырехлетние,русское
четырехугольный,русское
четырехэтажный,русское
четырнадцатилетие,русское
четырнадцатилетние,русское
четырнадцать,русское
четырёхгранник,русское
четырёхугольник,русское
чехарда,русское
чехий,русское
чехол,русское
чешуевидный,русское
чешуик,русское
чешуичатый,русское
чешуя,русское
чиабатта,заимствованное
чиваемый,русское
чивающие,русское
чие,русское
чизбургер,заимствованное
чизкеик,заимствованное
чий,русское
чик,русское
чилаут,заимствованное
чили,заимствованное
чин,русское
чинить,русское
чиниться,русское
чинный,русское
чиновник,русское
чиновничие,русское
чиновный,русское
чип,заимствованное
чиповыя,заимствованное
чипсет,заимствованное
чипсы,заимствованное
чиркать,русское
чирлидер,заимствованное
чирлидерския,заимствованное
чирлидинг,заимствованное
чирлидинговыя,заимствованное
численность,русское
числитель,русское
числить,русское
числиться,русское
число,русское
чистить,русское
чиститься,русское
чистокровный,русское
чистоплотный,русское
чистопнуть,русское
чистопородный,русское
чистосердечный,русское
чистота,русское
чистый,русское
читальный,русское
читатель,русское
читать,русское
читаться,русское
чить,русское
читься,русское
чка,заимствованное
чл,заимствованное
член,заимствованное
членение,русское
членить,русское
члениться,русское
членовредительство,русское
членораздельность,русское
членораздельный,русское
членство,русское
чникнуть,русское
чностный,русское
чность,заимствованное
чный,русское
чокер,заимствованное
чоппер,заимствованное
чреватый,русское
чрезвычаиный,русское
чрезм,русское
чрезмерный,русское
чте,русское
чтение,русское
чтец,русское
чтить,русское
что,русское
чу,заимствованное
чувственность,русское
чувственный,русское
чувствительный,русское
чувство,русское
чувствовать,русское
чувствоваться,русское
чугун,русское
чугунный,русское
чудесный,русское
чудо,русское
чудовищный,русское
чужой,заимствованное
чума,русское
чумной,русское
чурчхела,заимствованное
чуткия,русское
чутьё,русское
чучело,русское
чушка,русское
чуять,русское
чь,русское
чёрточка,русское
чёска,русское
чётность,русское
ша,русское
шабаш,заимствованное
шаббат,заимствованное
шаббатние,заимствованное
шабер,заимствованное
шаблон,заимствованное
шаблонизатор,заимствованное
шаблонизация,заимствованное
шаблонизировать,заимствованное
шаблонность,русское
шаблонный,заимствованное
шабрение,заимствованное
шабреный,заимствованное
шабровка,заимствованное
шабровочный,заимствованное
шабровщик,заимствованное
шаверма,заимствованное
шаг,русское
шагать,русское
шагома,русское
шагомер,русское
шагреневыя,заимствованное
шагренировать,заимствованное
шагрень,заимствованное
шазюбль,заимствованное
шаиб,заимствованное
шаибовыя,заимствованное
шаик,русское
шаитан,заимствованное
шала,заимствованное
шаланда,заимствованное
шалевать,заимствованное
шалевыя,заимствованное
шалка,русское
шалфеиный,заимствованное
шалфей,заимствованное
шаль,заимствованное
шалёвка,заимствованное
шаман,заимствованное
шаманизм,заимствованное
шаманить,заимствованное
шамания,заимствованное
шаманския,заимствованное
шаманство,заимствованное
шамберьер,заимствованное
шамот,заимствованное
шамотный,заимствованное
шамотовыя,заимствованное
шампанизация,заимствованное
шампанизировать,заимствованное
шампанский,заимствованное
шампанския,заимствованное
шампунь,заимствованное
шампур,заимствованное
шанец,заимствованное
шанкерный,заимствованное
шанкр,заимствованное
шанс,заимствованное
шансон,заимствованное
шансонетка,заимствованное
шансонетный,заимствованное
шансонеточный,заимствованное
шансонный,заимствованное
шансонье,заимствованное
шантаж,заимствованное
шантажировать,заимствованное
шантажист,заимствованное
шантажистския,заимствованное
шантажный,заимствованное
шанцевыя,заимствованное
шапито,заимствованное
шапка,русское
шапкаушанка,русское
шапочка,русское
шар,русское
шарада,заимствованное
шарж,заимствованное
шаржевыя,заимствованное
шаржировать,заимствованное
шариат,заимствованное
шарик,русское
шариковыя,русское
шарлатанство,русское
шарлотка,заимствованное
шарманка,заимствованное
шарнир,заимствованное
шарнирный,заимствованное
шаровары,заимствованное
шаровидный,русское
шарообразный,русское
шарф,заимствованное
шассе,заимствованное
шасси,заимствованное
шатать,русское
шататься,русское
шатен,заимствованное
шатенка,заимствованное
шаткия,русское
шатровыя,заимствованное
шаттл,заимствованное
шать,русское
шаться,русское
шатёр,заимствованное
шаурм,заимствованное
шафер,заимствованное
шаферския,заимствованное
шафран,заимствованное
шафранный,заимствованное
шафрановыя,заимствованное
шах,заимствованное
шахид,заимствованное
шахидизм,заимствованное
шахматист,заимствованное
шахматный,заимствованное
шахматы,заимствованное
шахта,заимствованное
шахтенный,заимствованное
шахтный,заимствованное
шахтовыя,заимствованное
шахтёр,заимствованное
шашечный,русское
шашка,заимствованное
шашлык,заимствованное
шашлычница,заимствованное
шашлычный,заимствованное
швабра,заимствованное
швартовать,заимствованное
швартоваться,заимствованное
швартовный,заимствованное
швартовый,заимствованное
швартовыя,заимствованное
швеиный,русское
швеицар,заимствованное
швеллер,заимствованное
швеллерный,заимствованное
швермера,заимствованное
швертбот,заимствованное
шевиот,заимствованное
шевиотовыя,заимствованное
шеврет,заимствованное
шевретовыя,заимствованное
шевро,заимствованное
шевровыя,заимствованное
шеврон,заимствованное
шевронный,заимствованное
шедевр,заимствованное
шезлонг,заимствованное
шеик,заимствованное
шеикер,заимствованное
шеипинг,заимствованное
шеипинговыя,заимствованное
шелковыя,русское
шеллак,заимствованное
шеллаковыя,заимствованное
шеллачный,заимствованное
шелуха,русское
шельмовать,русское
шельф,заимствованное
шельфовыя,заимствованное
шенкель,русское
шепелявить,русское
шепелявыя,русское
шептать,русское
шербет,заимствованное
шеренга,заимствованное
шеренговыя,заимствованное
шероховатость,русское
шероховатый,русское
шерсть,русское
шерстяноить,русское
шест,русское
шествие,русское
шествовать,русское
шестерня,русское
шестеро,русское
шестигранник,русское
шестигранный,русское
шестидесятилетие,русское
шестидесятилетние,русское
шестидесятиль,русское
шестидесятник,русское
шестидневный,русское
шестизначный,русское
шестиклассник,русское
шестикратный,русское
шестилетние,русское
шестиугольник,русское
шестичасовой,русское
шестнадцать,русское
шестой,русское
шесть,заимствованное
шестьдесят,русское
шестьсот,русское
шестёрка,русское
шеф,заимствованное
шефмонтаж,заимствованное
шефския,заимствованное
шефство,заимствованное
шефствовать,заимствованное
шея,русское
шибер,русское
шив,заимствованное
шиваемый,русское
шиваизм,заимствованное
шиваит,заимствованное
шиваитския,заимствованное
шизофреник,заимствованное
шизофреническия,заимствованное
шизофрения,заимствованное
шиизм,заимствованное
шиит,заимствованное
шиитския,заимствованное
шильдик,русское
шимми,заимствованное
шимость,русское
шина,заимствованное
шинель,заимствованное
шинельный,заимствованное
шинирование,заимствованное
шинировать,заимствованное
шинный,заимствованное
шиномонтажный,русское
шиноремонтный,русское
шиньон,заимствованное
шип,русское
ширма,заимствованное
широкия,русское
широковещание,русское
широковещательный,русское
широкозахватный,русское
широкомасштабный,русское
широта,русское
шить,русское
шиться,русское
шитьё,русское
шифер,заимствованное
шиферный,заимствованное
шифр,заимствованное
шифратор,заимствованное
шифраторный,заимствованное
шифровальный,русское
шифровальщик,заимствованное
шифрование,заимствованное
шифровать,заимствованное
шифровка,русское
шифровой,заимствованное
шифрограмма,русское
шихта,заимствованное
шихтовальный,заимствованное
шихтование,заимствованное
шихтовать,заимствованное
шихтовой,заимствованное
шка,заимствованное
шкала,заимствованное
шкальный,заимствованное
шкант,заимствованное
шкаф,заимствованное
шквал,заимствованное
шквалистый,заимствованное
шквальный,заимствованное
шкентель,заимствованное
шкив,заимствованное
шкипер,русское
школа,русское
школаинтернат,русское
школьник,русское
школьный,русское
шкот,заимствованное
шкотовыя,заимствованное
шкура,русское
шкурка,русское
шл,заимствованное
шлаг,заимствованное
шлагбаум,заимствованное
шлак,заимствованное
шлакобнуть,заимствованное
шлаковыя,заимствованное
шлам,заимствованное
шламовыя,заимствованное
шланг,заимствованное
шланговыя,заимствованное
шлеиф,заимствованное
шлеифный,заимствованное
шлеифовать,русское
шлеифовыя,заимствованное
шлемофон,русское
шленник,русское
шленность,русское
шлифовальный,заимствованное
шлифовальщик,заимствованное
шлифование,заимствованное
шлифовать,заимствованное
шлифоваться,заимствованное
шлифовка,заимствованное
шлифовщик,заимствованное
шлих,заимствованное
шлиховой,заимствованное
шлихта,заимствованное
шлихтовальный,заимствованное
шлихтовальщик,заимствованное
шлихтование,заимствованное
шлихтовать,заимствованное
шлиц,заимствованное
шлицевыя,заимствованное
шлюз,заимствованное
шлюзный,заимствованное
шлюзование,заимствованное
шлюзовать,заимствованное
шлюзовой,заимствованное
шлюп,заимствованное
шлюпбалка,заимствованное
шлюпка,заимствованное
шлюпочный,заимствованное
шлягер,заимствованное
шлягерный,заимствованное
шляпа,русское
шляпка,русское
шлёвка,заимствованное
шлёпать,русское
шлёпнуть,русское
шмуцтитул,заимствованное
шнапс,заимствованное
шнек,заимствованное
шнековыя,заимствованное
шнии,русское
шницель,заимствованное
шнур,заимствованное
шнурование,заимствованное
шнуровать,заимствованное
шнуроваться,заимствованное
шнуровка,заимствованное
шнуровой,заимствованное
шнурок,заимствованное
шный,русское
шня,заимствованное
шов,русское
шовинизм,заимствованное
шовинист,заимствованное
шовинистическия,заимствованное
шовинистския,заимствованное
шовный,русское
шок,заимствованное
шокер,заимствованное
шокировать,заимствованное
шоковыя,заимствованное
шокола,заимствованное
шоколад,заимствованное
шоколадный,заимствованное
шомпол,русское
шорты,заимствованное
шоры,заимствованное
шоссе,заимствованное
шоссеиный,заимствованное
шоу,заимствованное
шоумен,русское
шофер,заимствованное
шоферския,заимствованное
шпага,заимствованное
шпагат,заимствованное
шпагатный,заимствованное
шпажист,заимствованное
шпажный,заимствованное
шпаклевать,заимствованное
шпаклевочный,заимствованное
шпаклёвка,заимствованное
шпала,заимствованное
шпалера,заимствованное
шпалерник,заимствованное
шпалерный,заимствованное
шпальный,заимствованное
шпангоут,заимствованное
шпаргалка,заимствованное
шпат,заимствованное
шпатель,заимствованное
шпахтель,заимствованное
шпигат,заимствованное
шпиговать,заимствованное
шпик,заимствованное
шпиль,заимствованное
шпилька,заимствованное
шпинат,заимствованное
шпинатный,заимствованное
шпинатовыя,заимствованное
шпингалет,русское
шпинель,заимствованное
шпион,заимствованное
шпионаж,заимствованное
шпионить,заимствованное
шпиономания,русское
шпионския,заимствованное
шплинт,заимствованное
шплинтование,заимствованное
шплинтовать,заимствованное
шпон,заимствованное
шпонка,заимствованное
шпоновыя,заимствованное
шпор,заимствованное
шпринг,заимствованное
шприц,заимствованное
шприцевать,заимствованное
шприцевыя,заимствованное
шпунт,заимствованное
шпунтовать,русское
шпунтовой,заимствованное
шпур,заимствованное
шрам,заимствованное
шрапнель,русское
шредер,заимствованное
шредерный,заимствованное
шрифт,заимствованное
шрифтовой,заимствованное
шрот,заимствованное
шрутить,заимствованное
шт,заимствованное
штаб,заимствованное
штабелевать,русское
штабелера,заимствованное
штабелирование,заимствованное
штабелировать,заимствованное
штабель,заимствованное
штабельный,заимствованное
штабелёвка,русское
штабкварти,русское
штабной,заимствованное
штакетник,заимствованное
штамм,заимствованное
штамп,заимствованное
штампованный,заимствованное
штамповать,заимствованное
штамповка,заимствованное
штамповочный,заимствованное
штамповыя,заимствованное
штанга,заимствованное
штангенциркуль,заимствованное
штангист,заимствованное
штанговыя,заимствованное
штандарт,заимствованное
штанина,русское
штаны,русское
штапель,заимствованное
штапельный,заимствованное
штат,заимствованное
штатив,заимствованное
штатный,заимствованное
штатския,русское
штевень,заимствованное
штекер,заимствованное
штемпелевать,русское
штемпель,заимствованное
штемпельный,заимствованное
штендер,заимствованное
штепсель,заимствованное
штепсельный,русское
штилевой,заимствованное
штиль,заимствованное
штифт,заимствованное
штифтовой,заимствованное
шток,заимствованное
штольня,русское
штопор,заимствованное
штора,русское
шторм,заимствованное
штормить,русское
штормовой,заимствованное
штормтрап,заимствованное
шторный,русское
штраба,заимствованное
штраф,заимствованное
штрафник,заимствованное
штрафной,заимствованное
штрафовать,заимствованное
штреикбрехер,заимствованное
штрек,заимствованное
штрих,заимствованное
штрихкод,заимствованное
штрихкодовыя,заимствованное
штриховальный,заимствованное
штрихование,заимствованное
штриховать,заимствованное
штриховка,заимствованное
штриховой,заимствованное
штрихпунктир,заимствованное
штрихпунктирный,заимствованное
шту,заимствованное
штудировать,заимствованное
штука,заимствованное
штукат,заимствованное
штукатур,заимствованное
штукатурить,заимствованное
штукатурка,заимствованное
штукатурный,заимствованное
штуковыя,заимствованное
штурвал,заимствованное
штурвальный,заимствованное
штурм,заимствованное
штурман,русское
штурмовать,заимствованное
штурмовик,русское
штурмовой,заимствованное
штуртрос,заимствованное
штуф,заимствованное
штуцер,русское
штучный,русское
штык,заимствованное
штыковой,заимствованное
штыревой,заимствованное
штырь,заимствованное
шу,русское
шуба,русское
шугаринг,заимствованное
шулер,заимствованное
шулерския,заимствованное
шулерство,заимствованное
шум,русское
шуметь,русское
шумливыя,русское
шумный,русское
шумовой,русское
шунт,заимствованное
шурин,русское
шурпа,заимствованное
шуруп,заимствованное
шурупный,заимствованное
шуруповерт,русское
шурф,заимствованное
шуршать,русское
шутить,русское
шутка,русское
шутливость,русское
шутливыя,русское
шутник,русское
шутовство,русское
шуточный,русское
шхера,заимствованное
шхуна,заимствованное
шёпот,русское
щадить,русское
щебень,русское
щебёнка,русское
щедрый,русское
щека,русское
щелочить,русское
щелочной,русское
щелчок,русское
щель,русское
щемить,русское
щепа,русское
щепать,русское
щепетильный,русское
щербина,русское
щербить,русское
щести,русское
щетина,русское
щетинистый,русское
щетиниться,русское
щи,русское
щии,русское
щиколотка,русское
щипание,русское
щипаный,русское
щипать,русское
щипаться,русское
щипец,русское
щит,русское
щитовидный,русское
щиток,русское
щникнуть,русское
щническия,русское
щуп,русское
щупать,русское
щуплый,русское
щур,заимствованное
щуриться,русское
щёлкать,русское
щёлочность,русское
щёлочь,русское
щётка,русское
ыбопромысловыя,русское
ывоопасный,русское
ыгодоприобретатель,русское
ыжероллер,русское
ыжесечение,русское
ылеулавливание,русское
ылеуть,русское
ыстропротекающие,русское
ыстрорастворимый,русское
ышеприведенный,русское
ышкомонтажный,русское
ышкостроение,русское
эбеновыя,русское
эбонит,заимствованное
эбонитовыя,заимствованное
эвакоп,русское
эвакуатор,заимствованное
эвакуаторщик,заимствованное
эвакуационный,заимствованное
эвакуация,заимствованное
эвакуи,русское
эвакуированный,русское
эвакуировать,заимствованное
эвакуироваться,заимствованное
эвальвационный,заимствованное
эвальвация,заимствованное
эвентуальный,заимствованное
эвикция,заимствованное
эвкалипт,заимствованное
эвкалиптовыя,заимствованное
эвм,русское
эволюционизировать,заимствованное
эволюционизм,заимствованное
эволюционирование,заимствованное
эволюционировать,заимствованное
эволюционист,заимствованное
эволюционистския,заимствованное
эволюционность,заимствованное
эволюционный,заимствованное
эволюция,заимствованное
эврибионт,заимствованное
эврибионтность,заимствованное
эврибионтный,заимствованное
эвристика,заимствованное
эвристическия,заимствованное
эвтаназия,заимствованное
эвтрофикация,заимствованное
эвтрофирование,русское
эвтрофность,заимствованное
эвтрофный,заимствованное
эвфемизм,заимствованное
эвфемистическия,заимствованное
эгалитаризм,заимствованное
эгалитарист,заимствованное
эгалитаристския,заимствованное
эгалитарный,заимствованное
эго,заимствованное
эгоизм,заимствованное
эгоист,заимствованное
эгоистическия,заимствованное
эгоистичный,заимствованное
эготизм,русское
эгоцентризм,заимствованное
эгоцентрик,заимствованное
эгоцентрист,заимствованное
эгоцентрическия,заимствованное
эгоцентричный,заимствованное
эдикт,русское
эжектор,заимствованное
эжекторный,заимствованное
эжекция,заимствованное
эзотеризм,заимствованное
эзотерика,заимствованное
эзотерическия,заимствованное
эидетизм,русское
эидетик,русское
эидетическия,русское
эиджизм,заимствованное
эиджистый,заимствованное
эинштеиния,заимствованное
эис,заимствованное
эисид,заимствованное
эифорическия,заимствованное
эифория,заимствованное
экваиер,заимствованное
экваиринг,заимствованное
экваиринговыя,заимствованное
экватор,заимствованное
экваториал,заимствованное
экваториальный,заимствованное
эквивалент,заимствованное
эквивалентный,заимствованное
эквилибристика,заимствованное
экг,заимствованное
экз,русское
экзальтационный,заимствованное
экзальтация,заимствованное
экзальтированный,заимствованное
экзальтировать,русское
экзамен,заимствованное
экзаменатор,заимствованное
экзаменационный,заимствованное
экзаменовать,заимствованное
экзаменоваться,заимствованное
экзарх,заимствованное
экзегеза,русское
экзекватура,заимствованное
экзема,заимствованное
экзематозный,заимствованное
экземный,заимствованное
экземпляр,заимствованное
экзерсис,русское
экзистенциализм,заимствованное
экзистенциалист,русское
экзистенциальный,заимствованное
экзистенция,заимствованное
экзитпол,заимствованное
экзогамия,заимствованное
экзогамный,заимствованное
экзогенный,заимствованное
экзопротез,заимствованное
экзопротезирование,заимствованное
экзосфера,заимствованное
экзосферный,заимствованное
экзотермическия,заимствованное
экзотика,заимствованное
экзотическия,заимствованное
экзотичный,заимствованное
экзофтальм,заимствованное
экзый,заимствованное
экипаж,заимствованное
экипажный,заимствованное
экипировать,заимствованное
экипироваться,русское
экипировка,заимствованное
экипировочный,заимствованное
эклампсия,русское
эклектизм,русское
эклектик,русское
эклектицизм,русское
эклектическия,русское
эклектичный,русское
эклер,заимствованное
эклиметр,русское
эклиптика,заимствованное
эко,заимствованное
экогенез,заимствованное
экокатастро,заимствованное
эколог,заимствованное
экологизация,заимствованное
экологизировать,заимствованное
экологист,заимствованное
экологическия,заимствованное
экологичный,заимствованное
экология,заимствованное
экон,русское
эконо,русское
эконом,заимствованное
экономаизер,заимствованное
эконометрика,заимствованное
эконометрическия,заимствованное
эконометрия,заимствованное
экономика,заимствованное
экономист,заимствованное
экономить,заимствованное
экономическия,заимствованное
экономичный,заимствованное
экономия,заимствованное
экономка,заимствованное
экономный,русское
экономь,русское
экосистема,заимствованное
экосистемный,заимствованное
экосфе,заимствованное
экосфера,заимствованное
экосферный,заимствованное
экотехнологическия,заимствованное
экотехнология,заимствованное
экотехносфера,заимствованное
экотип,заимствованное
экотоп,заимствованное
экотуризм,заимствованное
экотурист,заимствованное
экотуристическия,заимствованное
экоцид,заимствованное
экран,заимствованное
экранизация,заимствованное
экранизировать,заимствованное
экранировать,заимствованное
экс,заимствованное
эксабаит,заимствованное
эксгибиционизм,русское
эксгумационный,заимствованное
эксгумация,заимствованное
эксгумировать,заимствованное
эксец,заимствованное
эксикатор,русское
экситон,заимствованное
экскаватор,заимствованное
экскаваторный,заимствованное
экскаваторщик,русское
экскавация,заимствованное
эксклав,заимствованное
эксклюзивный,русское
экскремент,заимствованное
экскрет,заимствованное
экскреция,заимствованное
экскурс,заимствованное
экскурсант,заимствованное
экскурсионный,заимствованное
экскурсия,заимствованное
экскурсовод,заимствованное
экслибрис,заимствованное
экслибрисный,заимствованное
экспансивный,заимствованное
экспансионизм,заимствованное
экспансионист,заимствованное
экспансионистския,заимствованное
экспансия,заимствованное
экспатриант,заимствованное
экспатриация,заимствованное
экспатриировать,заимствованное
экспедировать,заимствованное
экспедитор,заимствованное
экспедиторския,заимствованное
экспедиционный,заимствованное
экспедиция,заимствованное
эксперимент,заимствованное
экспериментальный,заимствованное
экспериментатор,заимствованное
экспериментаторския,заимствованное
экспериментировать,заимствованное
эксперт,заимствованное
экспертиза,заимствованное
экспертный,заимствованное
экспести,русское
экспираторный,русское
экспирация,заимствованное
эксплантация,заимствованное
экспликация,заимствованное
эксплицировать,заимствованное
эксплицитный,заимствованное
эксплозивный,заимствованное
эксплозия,заимствованное
эксплуататор,заимствованное
эксплуататорския,заимствованное
эксплуатационный,заимствованное
эксплуатация,заимствованное
эксплуатировать,заимствованное
экспозе,заимствованное
экспозиционный,заимствованное
экспозиция,заимствованное
экспонат,заимствованное
экспонатный,заимствованное
экспонент,заимствованное
экспонировать,заимствованное
экспонометр,заимствованное
экспорт,заимствованное
экспортирование,заимствованное
экспортировать,заимствованное
экспортный,заимствованное
экспортёр,заимствованное
экспра,русское
экспрезида,заимствованное
экспресс,заимствованное
экспрессивный,заимствованное
экспрессиони,русское
экспрессионизм,заимствованное
экспрессионист,заимствованное
экспрессионистическия,заимствованное
экспрессионистския,заимствованное
экспрессия,заимствованное
экспрессный,заимствованное
экспромт,заимствованное
экспромтный,заимствованное
экспроприатор,русское
экспроприация,заимствованное
экспроприировать,заимствованное
экссудат,русское
экстаз,заимствованное
экстатическия,заимствованное
экстатичный,заимствованное
экстензия,русское
экстенсивный,заимствованное
экстерн,заимствованное
экстернат,заимствованное
экстернатный,заимствованное
экстернатура,заимствованное
экстерриториальность,заимствованное
экстерриториальный,заимствованное
экстерьер,заимствованное
экстирпация,русское
экстра,заимствованное
экстравагантность,русское
экстравагантный,заимствованное
экстраверсия,заимствованное
экстраверт,заимствованное
экстравертивный,заимствованное
экстравертный,заимствованное
экстрагировать,заимствованное
экстрадиционный,заимствованное
экстрадиция,заимствованное
экстракорпора,заимствованное
экстракорпоральный,заимствованное
экстракт,заимствованное
экстрактивный,заимствованное
экстрактный,заимствованное
экстрактовыя,заимствованное
экстрактор,заимствованное
экстракционный,заимствованное
экстракция,заимствованное
экстраордин,заимствованное
экстраординарный,заимствованное
экстраполирование,заимствованное
экстраполировать,заимствованное
экстраполяционный,заимствованное
экстраполяция,заимствованное
экстрасенс,заимствованное
экстрасенсорика,заимствованное
экстрасенсорный,заимствованное
экстремальный,заимствованное
экстремизм,заимствованное
экстремист,заимствованное
экстремистския,заимствованное
экстремум,заимствованное
экстренный,заимствованное
экструдер,заимствованное
экструзивный,заимствованное
экструзионный,заимствованное
экструзия,заимствованное
эксцентрик,заимствованное
эксцентриковыя,заимствованное
эксцентрическия,заимствованное
эксцентричность,русское
эксцентричный,заимствованное
эксцесс,заимствованное
эксчемпион,русское
эктазия,заимствованное
эктомия,заимствованное
эктопия,заимствованное
эктотермный,заимствованное
экуменизм,заимствованное
экуменистския,заимствованное
экуменистый,заимствованное
экуменическия,заимствованное
эл,русское
эластан,заимствованное
эластановыя,заимствованное
эластик,заимствованное
эластическия,русское
эластичность,заимствованное
эластичный,заимствованное
эластомер,заимствованное
эластомерный,заимствованное
элеватор,заимствованное
элеваторный,заимствованное
элегантный,заимствованное
элегия,заимствованное
электив,русское
электоральный,заимствованное
электорат,заимствованное
электризация,заимствованное
электризовать,заимствованное
электризоваться,заимствованное
электрик,русское
электрифицировать,русское
электрическия,заимствованное
электричество,заимствованное
электро,заимствованное
электроака,русское
электробус,русское
электровоз,русское
электрография,русское
электрод,заимствованное
электродви,заимствованное
электродин,русское
электродинамика,заимствованное
электродинамическия,заимствованное
электродный,заимствованное
электроизоляцио,русское
электроизоляционный,заимствованное
электроизоляция,заимствованное
электроинструма,русское
электроискровый,русское
электролиз,заимствованное
электролизный,русское
электролит,заимствованное
электролитическия,заимствованное
электролитный,заимствованное
электроль,русское
электромагнит,заимствованное
электромагнитный,заимствованное
электромаша,русское
электрометрия,заимствованное
электромехани,русское
электромобь,русское
электромонт,русское
электромото,русское
электромузыка,заимствованное
электромузыкальный,заимствованное
электрон,заимствованное
электроника,заимствованное
электронный,заимствованное
электроп,русское
электроплита,русское
электропля,русское
электропо,русское
электропро,русское
электропроводка,русское
электропроводность,русское
электрораспределить,русское
электросва,заимствованное
электросиловый,русское
электросинтез,заимствованное
электросист,русское
электроснабж,русское
электросталь,русское
электростатика,заимствованное
электростатическия,заимствованное
электрострикция,заимствованное
электротерапевтическия,заимствованное
электротерапеть,заимствованное
электротерапия,заимствованное
электротерми,русское
электротехник,русское
электротехника,русское
электроустано,русское
электрофизиоть,русское
электрофор,заимствованное
электрофорез,заимствованное
электрофорезный,заимствованное
электрохимическия,заимствованное
электрохимия,заимствованное
электроход,русское
электрошок,заимствованное
электрошокер,заимствованное
электрошоковыя,заимствованное
электроэне,русское
электроэнергия,заимствованное
электроэпиляция,заимствованное
элемент,заимствованное
элементарный,заимствованное
элементный,заимствованное
элерон,русское
эликсир,русское
элиминация,русское
элиминировать,русское
элита,заимствованное
элитаризм,заимствованное
элитарный,русское
элитизм,заимствованное
элитный,заимствованное
элитолог,заимствованное
элитологическия,заимствованное
элитология,заимствованное
эллинг,заимствованное
эллипс,заимствованное
эллипсис,заимствованное
эллипсоид,заимствованное
эллипсоидальный,русское
эллиптическия,русское
эмалевыя,заимствованное
эмалировать,русское
эмалировка,русское
эмалировщик,русское
эмаль,заимствованное
эман,русское
эманация,русское
эмансип,заимствованное
эмансипация,заимствованное
эмансипировать,русское
эмбарго,заимствованное
эмблема,заимствованное
эмблематика,русское
эмболия,русское
эмбриогенез,заимствованное
эмбриолог,заимствованное
эмбриологическия,заимствованное
эмбриология,заимствованное
эмбрион,заимствованное
эмбриональный,заимствованное
эмерджентность,заимствованное
эмерджентный,заимствованное
эмигрант,заимствованное
эмигрантския,заимствованное
эмиграционный,заимствованное
эмиграция,заимствованное
эмигрировать,заимствованное
эмир,заимствованное
эмират,русское
эмиссар,заимствованное
эмиссионный,заимствованное
эмиссия,заимствованное
эмитент,заимствованное
эмитирование,заимствованное
эмитировать,заимствованное
эмитироваться,заимствованное
эмо,заимствованное
эмодзь,заимствованное
эмотивный,заимствованное
эмотикона,заимствованное
эмоциональность,заимствованное
эмоциональный,заимствованное
эмоция,заимствованное
эмпатичный,русское
эмпатия,русское
эмпирей,русское
эмпиризм,русское
эмпирик,русское
эмпириокритицизм,русское
эмпирическия,русское
эмпиричный,русское
эмпирия,русское
эмульгатор,заимствованное
эмульгирование,заимствованное
эмульгировать,заимствованное
эмульгироваться,заимствованное
эмульсионный,заимствованное
эмульсирование,заимствованное
эмульсировать,заимствованное
эмульсия,заимствованное
эмуляция,русское
эмфатическия,русское
эмфизема,заимствованное
эмфиземный,заимствованное
эн,русское
энантема,заимствованное
энантиосемия,заимствованное
энгармонизм,заимствованное
энгармоническия,заимствованное
эндаумент,заимствованное
эндемизм,заимствованное
эндемик,заимствованное
эндемическия,заимствованное
эндемичность,заимствованное
эндемичный,заимствованное
эндемия,заимствованное
эндо,заимствованное
эндобионт,заимствованное
эндобионтный,заимствованное
эндог,заимствованное
эндогамия,заимствованное
эндогамный,заимствованное
эндогенный,заимствованное
эндок,заимствованное
эндокард,заимствованное
эндокардит,заимствованное
эндокарпий,заимствованное
эндокринный,заимствованное
эндокринолог,заимствованное
эндокринологическия,заимствованное
эндокринология,заимствованное
эндокринопатия,заимствованное
эндолимфа,заимствованное
эндолимфатическия,заимствованное
эндометрий,заимствованное
эндометриоз,заимствованное
эндометрит,заимствованное
эндоплазма,заимствованное
эндопротез,заимствованное
эндопротезирование,заимствованное
эндорфин,заимствованное
эндоскоп,заимствованное
эндоскопистый,русское
эндоскопическия,заимствованное
эндоскопия,заимствованное
эндотермическия,русское
эндотермный,заимствованное
эндотоксин,заимствованное
эндофермент,заимствованное
эндуристый,заимствованное
эндурный,заимствованное
эндурый,заимствованное
эндшпиль,русское
энеолит,заимствованное
энеолитическия,заимствованное
энергетизм,заимствованное
энергетик,заимствованное
энергетика,заимствованное
энергетическия,заимствованное
энергичность,заимствованное
энергичный,заимствованное
энергия,заимствованное
энерго,заимствованное
энергобло,заимствованное
энергоблок,заимствованное
энерговооружённость,русское
энергосберег,русское
энергосистема,русское
энерготрасса,заимствованное
энзима,заимствованное
энзимный,заимствованное
энзимолог,заимствованное
энзимологическия,заимствованное
энзимология,заимствованное
энтальпия,заимствованное
энтерит,заимствованное
энтеритный,заимствованное
энтеро,заимствованное
энтеробиоз,заимствованное
энтеробиозный,заимствованное
энтерококк,заимствованное
энтерококковыя,заимствованное
энтероколит,заимствованное
энтероскопия,заимствованное
энто,заимствованное
энтодерма,заимствованное
энтомоз,заимствованное
энтомолог,заимствованное
энтомологическия,заимствованное
энтомология,заимствованное
энтомофаг,заимствованное
энтомофауна,заимствованное
энтомофил,заимствованное
энтомофилия,заимствованное
энтомофильный,заимствованное
энтомый,заимствованное
энтопаразит,заимствованное
энтропииный,заимствованное
энтропия,заимствованное
энтузиазм,заимствованное
энтузиаст,заимствованное
энтузиастическия,заимствованное
энтузиастския,заимствованное
энуклеация,заимствованное
энурез,заимствованное
энуретическия,заимствованное
энцефалит,заимствованное
энцефалитный,заимствованное
энцефалограмма,заимствованное
энцефалографическия,заимствованное
энцефалография,заимствованное
энцефаломиелит,заимствованное
энцефаломиелитный,заимствованное
энцефалопатическия,заимствованное
энцефалопатия,заимствованное
энциклика,заимствованное
энциклопедизм,заимствованное
энциклопедист,заимствованное
энциклопедическия,заимствованное
энциклопедичность,заимствованное
энциклопедичный,заимствованное
энциклопедия,заимствованное
эозин,заимствованное
эолит,заимствованное
эоловыя,заимствованное
эон,заимствованное
эонотема,заимствованное
эоцен,заимствованное
эоценовыя,заимствованное
эпатаж,заимствованное
эпатажность,заимствованное
эпатажный,заимствованное
эпатировать,заимствованное
эпентеза,заимствованное
эпентетическия,заимствованное
эпи,заимствованное
эпигон,заимствованное
эпигонския,заимствованное
эпигонство,заимствованное
эпигонствовать,заимствованное
эпиграмма,заимствованное
эпиграмматист,заимствованное
эпиграмматическия,заимствованное
эпиграммист,заимствованное
эпиграф,заимствованное
эпиграфика,заимствованное
эпиграфист,заимствованное
эпиграфическия,заимствованное
эпида,русское
эпидемиолог,заимствованное
эпидемиологическия,заимствованное
эпидемиология,заимствованное
эпидемическия,заимствованное
эпидемия,заимствованное
эпидерма,заимствованное
эпидермальный,заимствованное
эпидермис,заимствованное
эпидермофитие,русское
эпиз,заимствованное
эпизод,заимствованное
эпизодическия,заимствованное
эпизодичный,русское
эпизоотическия,заимствованное
эпизоотия,заимствованное
эпикард,русское
эпикриз,заимствованное
эпикритическия,заимствованное
эпикуреец,заимствованное
эпикуреизм,заимствованное
эпикуреиския,заимствованное
эпикуреиство,заимствованное
эпилепсия,заимствованное
эпилептическия,заимствованное
эпилептолог,русское
эпилептология,русское
эпилирование,заимствованное
эпилировать,заимствованное
эпилог,заимствованное
эпилоговыя,заимствованное
эпилятор,заимствованное
эпиляция,заимствованное
эпипроектор,заимствованное
эпископ,заимствованное
эпистем,русское
эпистемическия,русское
эпистемолог,русское
эпистемологическия,заимствованное
эпистемология,заимствованное
эпистолярный,заимствованное
эпитаксиальный,заимствованное
эпитаксия,заимствованное
эпиталама,заимствованное
эпиталамическия,заимствованное
эпитафия,заимствованное
эпителиальный,заимствованное
эпителий,заимствованное
эпитет,заимствованное
эпифауна,заимствованное
эпифеномен,заимствованное
эпифиз,заимствованное
эпифора,заимствованное
эпицентр,заимствованное
эпицентральный,заимствованное
эпицикл,заимствованное
эпициклическия,заимствованное
эпициклоида,заимствованное
эпическия,заимствованное
эпичность,заимствованное
эпичный,заимствованное
эпоксидный,заимствованное
эпонж,заимствованное
эпонжевыя,заимствованное
эпопеиный,заимствованное
эпопея,заимствованное
эпос,русское
эпоха,заимствованное
эпохальный,заимствованное
эпюр,заимствованное
эпюрный,заимствованное
эра,русское
эратема,заимствованное
эргограф,заимствованное
эргография,заимствованное
эргометр,заимствованное
эргометрическия,заимствованное
эргометрия,заимствованное
эргономика,заимствованное
эргономическия,заимствованное
эргономичность,заимствованное
эргономичный,заимствованное
эрготерапевт,заимствованное
эрготерапевтическия,заимствованное
эрготерапия,заимствованное
эрготизм,заимствованное
эректильный,заимствованное
эректор,заимствованное
эрекция,заимствованное
эретизм,заимствованное
эрзац,заимствованное
эрзацный,заимствованное
эристика,заимствованное
эритема,заимствованное
эритемный,заимствованное
эритроцит,заимствованное
эритроцитарный,заимствованное
эритроцитный,заимствованное
эркер,заимствованное
эркерный,заимствованное
эрлифт,заимствованное
эрлифтный,заимствованное
эрлифтовыя,заимствованное
эрогенный,заимствованное
эродированный,заимствованное
эродировать,заимствованное
эродироваться,заимствованное
эрозионный,заимствованное
эрозия,заимствованное
эротизм,заимствованное
эротика,заимствованное
эротическия,заимствованное
эротичность,заимствованное
эротичный,заимствованное
эротоман,заимствованное
эротомания,заимствованное
эрратить,заимствованное
эрратическия,заимствованное
эрудированный,заимствованное
эрудит,заимствованное
эрудить,заимствованное
эрудиция,заимствованное
эруптивный,заимствованное
эрупция,заимствованное
эскадра,заимствованное
эскадренный,заимствованное
эскадрилья,заимствованное
эскадрон,русское
эскалатор,заимствованное
эскалаторный,заимствованное
эскалация,заимствованное
эскалоп,заимствованное
эскапада,заимствованное
эскапизм,заимствованное
эскапист,заимствованное
эскапистския,заимствованное
эскарп,заимствованное
эскарпировать,заимствованное
эскарповыя,заимствованное
эскиз,заимствованное
эскизный,заимствованное
эскимо,заимствованное
эскорт,заимствованное
эскортировать,заимствованное
эскортный,заимствованное
эскроу,заимствованное
эсминец,русское
эспадрилья,заимствованное
эспадрон,заимствованное
эспадронный,заимствованное
эспандер,заимствованное
эспандерный,заимствованное
эспаньолка,заимствованное
эсперантист,заимствованное
эсперанто,заимствованное
эспланада,заимствованное
эспланадный,заимствованное
эспрессо,заимствованное
эссе,заимствованное
эссеист,заимствованное
эссеистика,заимствованное
эссеистическия,заимствованное
эссенция,заимствованное
эстакада,заимствованное
эстакадный,заимствованное
эстамп,заимствованное
эстампаж,заимствованное
эстампажный,заимствованное
эстамповыя,заимствованное
эстафета,заимствованное
эстафетный,заимствованное
эстезиологическия,заимствованное
эстезиология,заимствованное
эстераз,заимствованное
эстет,заимствованное
эстетизация,заимствованное
эстетизм,заимствованное
эстетик,заимствованное
эстетика,заимствованное
эстетическия,заимствованное
эстетичность,заимствованное
эстетичный,заимствованное
эстетския,заимствованное
эстетствовать,заимствованное
эстокада,заимствованное
эстомп,заимствованное
эстоппель,русское
эстрагон,заимствованное
эстрагонный,заимствованное
эстрада,заимствованное
эстрадный,заимствованное
эстроген,заимствованное
эстрон,заимствованное
эстуарий,заимствованное
эсхатологическия,заимствованное
эсхатология,заимствованное
этаж,заимствованное
этажерка,заимствованное
этажность,заимствованное
этажный,заимствованное
этакратизм,заимствованное
этакратическия,заимствованное
эталон,заимствованное
эталонный,заимствованное
этан,заимствованное
этановыя,заимствованное
этанол,заимствованное
этаноловыя,заимствованное
этанольный,заимствованное
этап,заимствованное
этапировать,заимствованное
этапный,заимствованное
этатизм,заимствованное
этатистския,заимствованное
этатистый,русское
этерификация,заимствованное
этика,заимствованное
этикет,заимствованное
этикетка,заимствованное
этикетный,заимствованное
этикеточный,заимствованное
этил,заимствованное
этилацетат,заимствованное
этилбензол,заимствованное
этилен,заимствованное
этиленбензол,заимствованное
этиленбензольный,заимствованное
этиленгликоль,заимствованное
этиленовыя,заимствованное
этиловыя,заимствованное
этилцеллюлоза,заимствованное
этилцеллюлозный,заимствованное
этимолог,заимствованное
этимологизация,заимствованное
этимологизировать,заимствованное
этимологическия,заимствованное
этимология,заимствованное
этимон,заимствованное
этиологическия,заимствованное
этиология,заимствованное
этиоляция,заимствованное
этическия,заимствованное
этичность,заимствованное
этичный,заимствованное
этническия,заимствованное
этногенез,заимствованное
этногенетическия,заимствованное
этногеографическия,заимствованное
этногеография,заимствованное
этнограф,заимствованное
этнографическия,заимствованное
этнография,заимствованное
этнократия,русское
этнокультурный,русское
этнолингвист,заимствованное
этнолингвистика,заимствованное
этнолингвистическия,заимствованное
этнолог,заимствованное
этнологическия,заимствованное
этнология,заимствованное
этноним,заимствованное
этнонимик,заимствованное
этнонимическия,заимствованное
этнонимия,заимствованное
этнополитология,заимствованное
этнопсихолог,заимствованное
этнопсихологическия,заимствованное
этнопсихология,заимствованное
этнос,русское
этносоциа,русское
этносоциальный,заимствованное
этносоциолог,заимствованное
этносоциологическия,заимствованное
этносоциология,заимствованное
этноцентереть,русское
этноцентризм,заимствованное
этноцентристския,заимствованное
этноцентрическия,заимствованное
этограмма,заимствованное
этолог,заимствованное
этологическия,заимствованное
этология,заимствованное
этот,русское
этрол,заимствованное
этюд,заимствованное
этюдник,заимствованное
этюдность,заимствованное
этюдный,заимствованное
эубиотика,заимствованное
эукариот,заимствованное
эфедра,заимствованное
эфедрин,заимствованное
эфедровыя,заимствованное
эфемер,заимствованное
эфемерида,заимствованное
эфемерность,заимствованное
эфемерный,заимствованное
эфемероид,заимствованное
эфес,заимствованное
эфиоп,русское
эфир,заимствованное
эфирном,русское
эфирный,заимствованное
эфироман,заимствованное
эфиромания,заимствованное
эффект,заимствованное
эффективность,заимствованное
эффективный,заимствованное
эффектность,заимствованное
эффектный,заимствованное
эффектор,заимствованное
эффекторный,заимствованное
эфферентный,заимствованное
эффузивный,заимствованное
эффузиометр,заимствованное
эффузия,заимствованное
эхинацея,заимствованное
эхинококк,заимствованное
эхинококковыя,заимствованное
эхинококкоз,заимствованное
эхо,заимствованное
эхограмма,заимствованное
эхограф,заимствованное
эхографическия,заимствованное
эхография,заимствованное
эхокардиограмма,заимствованное
эхокардиограф,заимствованное
эхокардиографическия,заимствованное
эхокардиография,заимствованное
эхолокатор,заимствованное
эхолокаторный,заимствованное
эхолокационный,заимствованное
эхолокация,заимствованное
эхолот,заимствованное
эхолотный,заимствованное
эхоэнцефа,заимствованное
эшафот,русское
эшелон,заимствованное
эшелонирование,заимствованное
эшелонировать,заимствованное
эшелонный,заимствованное
эякулят,заимствованное
эякуляция,заимствованное
юань,русское
юбилеиный,заимствованное
юбилей,заимствованное
юбиль,русское
юбиляр,заимствованное
юбка,русское
ювелир,заимствованное
ювелирный,заимствованное
ювенальный,заимствованное
ювенильный,заимствованное
ювенология,заимствованное
юг,заимствованное
юговосток,русское
югоз,русское
юдз,заимствованное
юдоострый,русское
юдофил,заимствованное
юдофильство,заимствованное
юдофоб,русское
южный,русское
юкка,заимствованное
юла,русское
юмор,заимствованное
юмореска,заимствованное
юморист,заимствованное
юмористика,заимствованное
юмористическия,заимствованное
юмористичный,заимствованное
юмпенпролетариат,русское
юнеско,русское
юниор,заимствованное
юниорския,заимствованное
юноотделение,русское
юность,русское
юнотечение,русское
юношество,русское
юный,русское
юпитер,заимствованное
юра,заимствованное
юридизация,заимствованное
юридическия,заимствованное
юрисдикция,заимствованное
юрисконсульт,заимствованное
юрисконсультство,заимствованное
юриспруденция,заимствованное
юрист,заимствованное
юродивыя,русское
юрския,заимствованное
юрта,заимствованное
юртовыя,заимствованное
юснатурализм,русское
юстирный,заимствованное
юстировальный,заимствованное
юстировать,заимствованное
юстировка,заимствованное
юстировочный,заимствованное
юстировщик,заимствованное
юстиция,заимствованное
ют,заимствованное
ютиться,русское
юткомпания,русское
юферс,заимствованное
юшнотифозный,русское
ющие,русское
я,русское
ябедник,русское
ябедничество,русское
явить,русское
явиться,русское
явка,русское
явление,русское
являть,русское
являться,русское
явный,русское
явочный,русское
явственный,русское
явствовать,русское
явь,русское
ягдташ,заимствованное
ягодица,русское
яд,русское
ядерный,русское
ядовитый,русское
ядохимикат,русское
ядро,русское
ядрышко,русское
яз,русское
язва,русское
язвенный,русское
язвительный,русское
язекаменный,русское
язелечебница,русское
язелечий,русское
язык,русское
языковедение,русское
языкознание,русское
языкозон,русское
язычество,русское
язычковыя,русское
язычник,русское
язычный,русское
язычок,русское
яицевод,русское
яицекладка,русское
яицеклетка,русское
яиценоския,русское
яиценоскость,русское
яицо,русское
яичко,русское
яичник,русское
яичный,русское
якобиан,заимствованное
якорный,русское
якорь,русское
ял,заимствованное
яма,русское
ямб,заимствованное
ямбическия,заимствованное
ямбохорей,заимствованное
ямс,заимствованное
ямсовыя,заимствованное
ямщик,русское
янтарный,заимствованное
янтарь,заимствованное
яранга,заимствованное
ярд,заимствованное
яремный,русское
яркия,русское
яркость,русское
ярлык,заимствованное
ярлыковыя,заимствованное
ярлычный,заимствованное
ярмарка,заимствованное
ярмарочный,заимствованное
яростный,русское
ярость,русское
ярус,русское
ярусный,русское
ярый,русское
ясновидение,русское
ясновидец,русское
ясновидящие,русское
ясный,русское
ясомолочный,русское
ясопродукт,русское
ятаган,заимствованное
ятвопреступление,русское
ятрогений,заимствованное
ятрогенный,заимствованное
ятрофобия,заимствованное
яхта,заимствованное
яхтенный,заимствованное
яхтинг,заимствованное
яхтовыя,заимствованное
яхтсмен,заимствованное
ячеик,русское
ячеистый,русское
ячея,заимствованное
яшма,заимствованное
яшмовыя,заимствованное
ящик,русское
ящур,русское
ёж,русское
ёлка,русское
ёмкость,русское
ёрш,русское
ёршик,русское
